tree
version=v4
num_class=1
num_tree_per_iteration=1
label_index=0
max_feature_idx=42
objective=tweedie
feature_names=lag_28 lag_35 lag_42 lag_49 lag_56 roll_mean_7 roll_mean_28 roll_mean_56 roll_std_7 roll_std_28 roll_std_56 zero_rate_28 days_since_last_sale days_since_release item_id dept_id cat_id store_id state_id wday day_of_month week_of_year month snap is_event event_name_1 event_type_1 event_name_2 event_type_2 days_to_next_event days_since_last_event sell_price price_change_pct price_rel_52wk price_momentum_4wk price_changed_flag fema_active_count fema_dr_active fema_fire_active fema_flood_active fema_storm_active fema_counties_active fema_days_since_declaration
feature_infos=[0:72] [0:69] [0:72] [0:72] [0:72] [0:39.714286804199219] [0:21.785715103149414] [0:21.5] [0:27.311256408691406] [0:16.3983154296875] [0:15.959160804748535] [0:1] [0:365] [84:730] -1:141:43:173:36:140:5:170:116:60:126:191:45:103:13:88:164:53:147:151:18:34:169:63:179:0:83:59:143:81:174:71:33:92:16:61:111:181:192:17:39:2:4:14:32:47:74:93:65:132:133:82:199:99:130:183:190:42:72:67:135:1:11:113:114:149:9:188:62:84:105:139:163:89:30:109:150:100:172:193:197:22:52:121:162:94:86:125:73:78:194:101:124:134:137:35:120:127:118:38:168:44:51:64:138:70:98:28:176:27:158:24:187:29:91:10:21:195:85:166:79:48:46:155:6:104:56:41:180:117:102:77:75:15:107:171:177:182:185:7:123:110:3:153:145:144:165:8:90:31:106:161:159:37:178:25:23:129:69:80:148:186:198:76:55:19:26:68:96:12:97:136:146:50:142:154:49:167:40:152:115:156:20:189:95:66:112:57:131:54:122:87:196:58:108 none none none none [1:7] [1:31] [1:53] [1:12] [0:1] [0:1] -1:30:15:21:4:25:23:26:11:13:22:29:12:27:28:19:8:0:2:3:5:6:1:18:10:14:16:17:9:20:24 -1:4:2:1:0 -1:4:2:3:0 -1:2:0 [0:50] [0:50] [0.97000002861022949:12.979999542236328] [-71.367523193359375:249.25370788574219] [0.29030916094779968:1.3685835599899292] [-71.367523193359375:249.25370788574219] [0:1] [0:4] [0:1] [0:1] [0:1] none [0:7] [0:90]
tree_sizes=7581 7730 7699 7762 7874 7848 7788 7880 7935 8080 8018 7973 8027 7065 7943 8116 7070 7040 7976 7071 8052 7995 8068 7110 8006 8006 8068 8078 7952 7800 8312 8058 7883 8291 8298 8101 7953

Tree=0
num_leaves=64
num_cat=22
split_feature=7 6 14 6 14 19 14 14 14 14 14 6 7 14 6 14 19 6 8 22 19 19 34 14 21 21 6 14 14 33 14 21 14 19 14 6 12 14 12 12 7 33 21 6 21 21 14 7 19 14 0 14 14 14 13 13 14 19 9 31 5 8 6
split_gain=342373 59283.2 20691.1 10832.6 9500.49 4124.32 3486.42 3246.19 2882.16 2585.58 1803.96 1755.9 1679.33 1474.01 1286.89 1265.97 1241.36 1133.92 985.624 971.416 961.399 756.835 740.116 685.978 680.735 1016.35 658.946 653.666 583.055 570.491 557.762 591.138 545.269 535.54 515.098 512.28 508.864 528.285 447.713 422.269 415.261 404.826 379.06 378.642 367.689 545.216 354.325 349.018 348.731 322.072 311.225 304.283 294.853 284.319 283.621 285.356 273.16 270.83 269.17 266.804 266.544 261.032 258.717
threshold=4.2232143878936776 1.6250000000000002 0 0.69642856717109691 1 2.5000000000000004 2 3 4 5 6 5.5892858505249032 6.6517856121063241 7 10.053571224212648 8 6.5000000000000009 2.7321428060531621 1.0000000180025095e-35 11.500000000000002 2.5000000000000004 2.5000000000000004 -2.0273983478546138 9 50.500000000000007 35.500000000000007 1.0892856717109682 10 11 0.97655257582664501 12 32.500000000000007 13 6.5000000000000009 14 2.4107142686843877 63.500000000000007 15 59.500000000000007 15.500000000000002 6.1875000000000009 0.91557157039642345 32.500000000000007 9.3035712242126483 49.500000000000007 36.500000000000007 16 1.116071403026581 2.5000000000000004 17 6.5000000000000009 18 19 20 681.50000000000011 571.50000000000011 21 2.5000000000000004 3.2144473791122441 1.7099999785423281 1.0714285969734194 1.2817062139511111 0.19642857462167743
decision_type=2 2 9 2 9 2 9 9 9 9 9 2 2 9 2 9 2 2 2 2 2 2 2 9 2 2 2 9 9 2 9 2 9 2 9 2 2 9 2 2 2 2 2 2 2 2 9 2 2 9 2 9 9 9 2 2 9 2 2 2 2 2 2
left_child=1 3 5 6 10 14 27 53 28 20 22 30 61 62 40 -10 24 -12 34 48 -6 -13 -3 -21 25 49 52 38 47 -29 31 -9 -20 -23 41 -22 39 -38 -1 -31 -2 -15 -18 -27 45 -42 -11 -5 -19 -14 54 -28 -17 -4 55 -24 -34 -53 -25 -44 -30 -7 -8
right_child=2 4 7 8 9 12 13 11 15 46 17 21 16 18 -16 26 42 19 32 23 35 33 50 58 -26 43 51 29 60 36 -32 -33 56 -35 -36 -37 37 -39 -40 -41 44 -43 59 -45 -46 -47 -48 -49 -50 -51 -52 57 -54 -55 -56 -57 -58 -59 -60 -61 -62 -63 -64
leaf_value=0.46469112838285948 0.59881749932816319 0.6405827611710736 0.44006953089934242 0.52980835075473476 0.48405941213806131 0.49598976570867465 0.40185860029503884 0.56527120069402415 0.4430147472443024 0.43356264726784821 0.47732245694218894 0.59566555115035869 0.62892522949986773 0.53174271972389686 0.67226187233936341 0.41854651936864218 0.65386139252382136 0.51334817285061041 0.43856848406477017 0.62623043711687543 0.45878437052385523 0.55315526264021453 0.52369545340032908 0.50408208512417774 0.66836926777369787 0.55630131267280813 0.42601530591990899 0.55870841427091011 0.44395038791465186 0.45069320927577688 0.50865528819629258 0.51477644922403398 0.41628932933619811 0.59091145626341479 0.40885447189482449 0.47337897843989551 0.43582858137854397 0.48704232878176301 0.53613162605076092 0.41811327427110379 0.6476573301124704 0.42346345214700309 0.62768127102123139 0.59349178812309367 0.69131114879416034 0.59937749261510775 0.45142410432147939 0.47710570392108037 0.49274265408625828 0.60186584327358916 0.54856178892824325 0.446414866056143 0.42864382419437697 0.50312051172332861 0.5050067709582241 0.57963902777482867 0.42409126090284754 0.43513600517372469 0.57697609707572606 0.55836508331652701 0.46448891315796986 0.57209480267433033 0.40977515590000813
leaf_weight=830.51662766933441 792.94279718399048 137.46967768669128 193.37357437610626 400.1601345539093 10118.596995711327 118.56214702129364 23019.20632481575 1636.6469807624817 26223.721994042397 3332.2998427152634 6879.3891742229462 2317.6806495189667 2833.5210716724396 87.561859726905823 3703.3563140630722 8905.2248011827469 2037.1292988061905 2916.7470144033432 4314.0208883285522 238.15202641487122 12695.254300117493 4235.5790544748306 1958.1568669080734 464.34676575660706 412.96537113189697 1237.1501402854919 6132.3713417053223 103.1151111125946 2552.4320261478424 1595.1898729801178 1732.1311291456223 898.15562951564789 25079.352844119072 1208.0639493465424 35986.684446692467 11422.454451560974 1019.4322547912598 977.76477479934692 297.91749584674835 2641.3146992921829 2030.1552720069885 5671.3772163391113 923.67377781867981 1537.164763212204 308.19926714897156 824.00926530361176 16422.176307201385 1460.9503810405731 6941.9013160467148 4901.7598407268524 986.37679350376129 7526.7906851768494 42046.192418932915 2843.0816581249237 2249.219552397728 258.120680809021 21437.515352129936 18174.04018509388 174.20633804798126 164.06106328964233 4144.6901153326035 2326.1094901561737 18718.774562478065
leaf_count=539 373 57 132 225 6306 72 16865 843 17776 2301 4349 1100 1217 49 1380 6327 809 1704 2950 101 8339 2250 1117 277 156 652 4296 54 1727 1065 1022 523 17893 581 26031 7281 701 605 165 1878 823 3992 399 734 107 387 10948 924 4246 2284 530 5068 29306 1699 1339 128 15072 12510 87 86 2691 1177 13517
internal_value=0.452143 0.435851 0.591959 0.424402 0.474315 0.620676 0.415096 0.545745 0.435623 0.462808 0.501065 0.557477 0.606663 0.413249 0.65107 0.433431 0.61332 0.493147 0.416784 0.503326 0.471118 0.57173 0.525898 0.553761 0.605365 0.602888 0.430396 0.448388 0.463559 0.442135 0.531796 0.547008 0.421455 0.561537 0.411087 0.465697 0.440189 0.460995 0.483282 0.43038 0.631223 0.425158 0.641119 0.576912 0.639344 0.633724 0.448403 0.488247 0.498839 0.612202 0.523138 0.436037 0.426868 0.499078 0.51752 0.530216 0.419878 0.438444 0.522878 0.617237 0.456654 0.568406 0.40542
internal_weight=375757 336541 39215.5 259346 77194.9 24150.8 141780 15064.7 117567 53990.8 23204.1 12028.3 16492.1 134314 7658.66 109008 14047.4 17614.7 92576.5 10735.4 34236.3 7761.32 5589.34 876.705 10922.6 10509.6 82784.6 7465.25 8558.23 6336.82 4266.93 2534.8 50830.9 5443.64 41745.6 24117.7 6233.7 1997.2 1128.43 4236.5 3955.31 5758.94 3124.86 2774.31 3162.36 2854.16 19754.5 1861.11 9858.65 7735.28 5451.87 31833.2 50951.4 3036.46 4465.5 2216.28 46516.9 25700.8 638.553 1087.73 6697.12 2444.67 41738
internal_count=250142 231336 18806 182226 49110 10656 101376 8150 80850 35175 13935 6319 7586 96369 3070 75283 6337 10764 65987 6415 21926 3931 3171 465 5043 4887 57507 5007 5567 4303 2388 1366 35915 2831 30072 15620 4249 1306 704 2943 1690 4041 1294 1386 1317 1210 13249 1149 5950 3501 3114 21874 35633 1831 2584 1245 32965 17578 364 485 4418 1249 30382
cat_boundaries=0 7 14 21 27 33 40 47 53 60 65 71 77 83 90 97 101 108 112 119 126 132 139
cat_threshold=1074331656 4608 524288 2 1073741824 0 16 34276360 18881280 3735554 18432 3229614400 525120 16 1074282504 1093672512 131074 10256 3229876290 1142555140 32 33562624 18876488 2 16 8388672 1073873152 1107952640 19929152 2152726786 2646048 3250601984 1142030848 1075847184 135267396 2218787072 2418614368 20987906 1142030340 96 196616 16782080 1638400 18432 3221225472 0 16 2282881344 180225 1745102928 135790985 336723968 134217762 541083680 1208353804 131217 268435664 262472 8913156 99 0 2097152 0 0 64 524288 17832448 0 2048 3221225472 1180160 1107952640 16781312 1048576 16384 2164260864 1180160 131072 0 1114112 2048 2147483648 64 641990688 671088780 73400584 302317664 557064 2416183552 1 71307316 4 68224769 2686472224 2097160 10553672 1 1073741824 1024 131072 16 2420146689 144 318784524 687900164 268416 268500992 4 8 0 524288 2 360710785 2189426704 8454728 1678901248 5776 33556672 128 2239758848 46678034 1216417792 1074921729 135462960 33554560 12 8192 8 0 16 0 1073741824 268470290 310968336 4096 1078071300 134283312 574640280 140
is_linear=0
shrinkage=1


Tree=1
num_leaves=64
num_cat=23
split_feature=7 6 14 6 14 19 14 14 14 14 7 14 14 7 14 22 0 19 19 5 6 14 7 14 7 14 22 14 14 33 14 14 14 33 5 6 14 14 19 14 13 14 19 19 19 6 5 14 6 22 22 6 33 33 14 33 6 13 22 13 6 9 34
split_gain=289159 48658.4 21556.3 8322.17 8038.92 3318.19 3218.41 2888.22 2662.23 2225.32 1912.03 1817.65 1425.1 1108.08 1034.06 1023.05 956.418 937.958 878.824 877.285 753.741 622.459 723.465 606.22 600.943 604.911 567.472 530.5 511.203 549.993 495.604 490.826 477.663 459.143 430.42 400.865 387.368 375.26 349.036 336.307 325.102 321.105 310.849 302.574 294.868 293.344 292.652 286.815 269.9 268.724 348.242 258.296 257.588 256.48 245.426 238.949 235.748 228.633 224.712 256.236 216.391 215.194 212.586
threshold=3.8303570747375493 1.4464285969734194 0 0.66071426868438732 1 2.5000000000000004 2 3 4 5 7.1339285373687753 6 7 8.2053570747375506 8 11.500000000000002 6.5000000000000009 6.5000000000000009 2.5000000000000004 1.0000000180025095e-35 2.6607142686843877 9 8.2053570747375506 10 0.27678571641445165 11 11.500000000000002 12 13 0.98960703611373912 14 15 16 1.0064401030540469 0.78571429848670971 2.4107142686843877 17 18 1.5000000000000002 19 239.50000000000003 20 6.5000000000000009 2.5000000000000004 2.5000000000000004 2.053571462631226 2.5000000000000004 21 10.875000000000002 11.500000000000002 8.5000000000000018 6.2321429252624521 0.89467304944992077 0.97655257582664501 22 1.0711109638214114 0.19642857462167743 438.50000000000006 8.5000000000000018 342.50000000000006 10.875000000000002 3.5012280941009526 -5.5732636451721183
decision_type=2 2 9 2 9 2 9 9 9 9 2 9 9 2 9 2 2 2 2 2 2 9 2 9 2 9 2 9 9 2 9 9 9 2 2 2 9 9 2 9 2 9 2 2 2 2 2 9 2 2 2 2 2 2 9 2 2 2 2 2 2 2 2
left_child=1 3 5 6 11 13 24 16 18 36 34 23 56 51 52 21 46 32 45 28 -13 -9 40 53 25 -1 44 -16 29 -14 -28 -21 48 61 -7 -20 -5 -26 -18 -15 -23 -10 -36 -25 -22 -6 -4 -29 -12 50 -34 -2 -11 -3 -33 62 -8 -41 59 -48 -19 -17 -30
right_child=2 4 7 9 8 10 12 15 41 14 17 20 19 39 27 33 38 60 35 31 26 22 -24 43 37 -27 30 47 55 -31 -32 54 49 -35 42 -37 -38 -39 -40 57 -42 -43 -44 -45 -46 -47 58 -49 -50 -51 -52 -53 -54 -55 -56 -57 -58 -59 -60 -61 -62 -63 -64
leaf_value=0.046237330202330326 0.12790543230147552 0.17589132771949037 0.040836179482500012 0.0028856530448397115 0.016424753353906151 0.0021963304751937349 -0.050253356536167408 0.016960768375329116 -0.020289492369674294 0.058393445136815117 0.13249296891078119 0.019752864618294907 0.099598119272639923 0.19720314959981566 -0.017032742348688221 0.20312699542209667 0.14282148775312967 0.15266279066308844 0.0041515903403813162 -0.013071423447336309 0.049136194220618983 0.077017807637689673 0.12389788496992016 0.071706976979174511 0.019032178125168463 -0.0015766054388153797 0.14665518520625792 -0.033425191452861366 -0.015877829596445101 -0.028801126070282224 0.054789543827027123 -0.035450788680305392 0.12564204898394207 0.067006975641218658 0.098344975399000362 0.017321519244178778 0.030693783040124559 -0.024485832374077494 0.10562937532301005 0.19286563257045744 0.047529533745423846 -0.0045374673706494286 0.13115981148779973 0.047147989076854871 0.030061734090807191 0.033366977650299723 0.13578327389877878 -0.02380658451229864 0.15234705544589175 0.16453525563582813 0.094167701742815579 0.15730105383278176 -0.010678922980502013 0.091615945433980744 -0.027551381718515469 -0.022260330429528616 -0.042314252710119543 0.1587622764604478 0.068882789637459738 0.087091834501791199 0.17865888074787073 0.11929737444921584 -0.044143113185749781
leaf_weight=909.51596915721893 1316.4615180492401 103.30152201652527 434.98140978813171 5028.2416117191315 4411.5662612915039 103.26892840862274 21629.470432400703 1248.5967335700989 3748.0641648769379 135.73389363288879 3032.7060075998306 9252.4829188585281 84.453226208686829 2925.776584148407 27774.047741651535 153.70420837402344 799.02507412433624 1756.5880175828934 15763.84648168087 3828.7625125646591 2893.0755254030228 1106.5832211971283 369.03320682048798 1789.6016033887863 583.86522591114044 2362.20758664608 198.11017334461212 9753.8799781799316 678.95936751365662 6145.1167521476746 695.62791121006012 22590.908227920532 3345.3580312728882 223.25968074798584 3309.3179308176041 9121.0336755514145 1660.9310960769653 3097.0300920009613 3016.2461111545563 624.62868690490723 6026.4954243898392 23434.316587924957 924.54971373081207 4196.5363788604736 6764.45201587677 6071.7409420013428 302.87938094139099 41187.789843440056 3957.4345163106918 324.06893825531006 1194.4183490276337 1741.2098636627197 21423.234980463982 720.57254922389984 18449.058868169785 1367.9591343402863 16482.241719961166 2356.6025942564011 1607.1638962030411 2527.8148403167725 1484.1563361883163 153.79592955112457 33232.919950008392
leaf_count=534 571 38 247 3330 2790 65 16574 779 2640 81 1293 5806 43 974 19422 55 337 689 10364 2656 1658 582 166 964 374 1584 79 7131 481 4445 392 16638 1462 121 1593 5755 1008 2194 1432 213 3457 15816 404 2404 4103 3672 133 29330 1583 126 580 680 14725 369 13296 989 12357 891 850 1263 535 71 25027
internal_value=-0.000122582 -0.0166646 0.116744 -0.0284497 0.0148462 0.14388 -0.0368768 0.0737418 0.00504898 -0.018094 0.132319 0.0378566 -0.0387244 0.169097 -0.0199555 0.0541703 0.0945628 0.140727 0.0140905 -0.0351528 0.0301547 0.0501392 0.0555642 0.0601764 -0.00373357 0.0118528 0.0393044 -0.022615 -0.0403959 -0.0270155 0.0774207 -0.0303101 0.134207 0.121629 0.103054 0.0089788 0.00982632 -0.0175975 0.113422 0.181749 0.0521052 -0.00671618 0.105514 0.0544003 0.0357763 0.0262376 0.0799887 -0.0256545 0.14353 0.120262 0.117363 0.14465 -0.010239 0.100977 -0.0319074 -0.0427387 -0.0468078 0.165359 0.0838253 0.0923063 0.164573 0.161252 -0.0435773
internal_weight=373937 327571 46366.1 238406 89164.3 28396.5 131442 17969.6 62550.6 106964 19431.9 26613.8 124490 8964.68 100275 9281.47 8688.11 15094.7 35368.2 86378.1 19803.7 8750.71 7502.11 6810.01 6952.62 3271.72 10551.3 78715.7 41509.4 6229.57 893.738 44868.7 11854 530.76 4337.14 24884.9 6689.17 3680.9 3815.27 5907.01 7133.08 27182.4 4233.87 5986.14 9657.53 10483.3 4872.84 50941.7 6990.14 4863.85 4539.78 3057.67 21559 823.874 41040 35279.8 38111.7 2981.23 4437.86 2830.69 3240.74 307.5 33911.9
internal_count=250221 229069 21152 172219 56850 11659 97192 9493 41037 75027 8330 15813 92506 3329 70689 5231 4262 6268 22581 63575 12038 4984 4205 3775 4686 2118 6232 55883 30985 4488 471 32590 5044 247 2062 16119 4338 2568 1769 2078 4039 18456 1997 3368 5761 6462 2493 36461 2876 2168 2042 1251 14806 407 29934 26497 28931 1104 2246 1396 1224 126 25508
cat_boundaries=0 7 13 20 26 33 39 45 51 58 65 69 75 82 89 94 101 105 111 117 121 128 135 142
cat_threshold=1074462728 4608 524288 2 1073741824 0 16 35857416 18881280 3735554 18432 3229614400 1704772 1074282504 1093672512 131074 10240 3229876290 1142817284 32 0 0 1114112 18432 2147483648 64 1074266144 1209017412 2218918144 2418614368 20987906 1140854784 96 1107954696 17827904 2148663554 271081504 3250601984 1074921984 197640 16782080 1638400 18432 3221225472 512 2282882368 688129 1747200016 135790985 336723968 134217730 537149472 134612108 6324273 144 524296 2223571268 98 67117072 2097164 2 2097200 0 1140850688 64 65544 4608 0 2048 8 2099712 2 2048 2 512 4198416 1612750848 352321668 2298806344 297028 270806016 1 79695924 134217764 1115905 2954907696 2097184 2165000 1 0 2097152 0 0 64 644091904 134217868 88178952 302334064 557056 2415921152 1 1073807368 0 524288 2 2048 1048640 2147614978 271056928 29376512 1073741824 1074266112 17829952 0 0 3221487616 1179648 1073807368 0 0 2 268468865 2147483696 318768136 688031236 6784 33636368 132 83886144 46678033 1753288768 1074921729 135462960 167772288 8 268470290 2457944080 64 1614942212 134283312 541085880 128
is_linear=0
shrinkage=0.05


Tree=2
num_leaves=64
num_cat=22
split_feature=6 6 14 14 6 14 14 14 14 19 14 14 19 14 5 14 19 6 5 5 7 14 19 14 14 7 14 14 14 14 14 6 21 21 30 12 33 34 7 21 21 14 22 14 14 19 22 22 19 33 19 19 6 6 19 19 21 14 19 34 5 6 30
split_gain=250884 40184 21889.8 6938.54 6390.14 4295.11 3360.25 2773.29 2004.11 1621.92 1388.49 1270.98 1268.01 1212.41 1075.16 774.368 662.344 626.299 615.972 608.18 603.182 580.765 576.474 529.991 522.224 520.378 488.32 467.508 422.226 404.37 404.084 400.906 397.744 474.652 387.754 383.526 364.741 341.934 341.294 339.364 381.527 322.838 320.615 371.073 317.776 314.763 408.107 399.012 307.412 302.653 294.029 287.78 284.224 278.341 259.799 250.132 243.32 242.547 242.15 239.403 225.428 219.887 214.807
threshold=3.5892857313156132 1.303571403026581 0 1 0.5892857313156129 2 3 4 5 2.5000000000000004 6 7 1.5000000000000002 8 5.9285714626312265 9 2.5000000000000004 6.4821429252624521 2.5000000000000004 0.21428572386503222 0.29464286565780645 10 6.5000000000000009 11 12 12.133928775787355 13 14 15 16 17 2.303571462631226 50.500000000000007 36.500000000000007 6.5000000000000009 8.5000000000000018 0.90561750531196605 -2.0273983478546138 5.7589285373687753 33.500000000000007 49.500000000000007 18 11.500000000000002 19 20 6.5000000000000009 11.500000000000002 8.5000000000000018 6.5000000000000009 0.99996969103813182 2.5000000000000004 2.5000000000000004 7.1964285373687753 2.0892857313156132 1.5000000000000002 2.5000000000000004 50.500000000000007 21 2.5000000000000004 7.8796327114105233 7.357142686843873 10.875000000000002 15.500000000000002
decision_type=2 2 9 9 2 9 9 9 9 2 9 9 2 9 2 9 2 2 2 2 2 9 2 9 9 2 9 9 9 9 9 2 2 2 2 2 2 2 2 2 2 9 2 9 9 2 2 2 2 2 2 2 2 2 2 2 2 9 2 2 2 2 2
left_child=1 4 5 11 6 9 20 16 26 25 44 37 -7 -8 42 -10 53 45 35 23 21 -1 32 36 -22 52 49 -16 -17 -21 -9 -18 33 38 -34 55 -15 -3 -11 48 -41 -39 43 -12 -4 46 47 -14 57 -6 -30 -20 -2 -5 -32 -13 58 -19 -29 -38 -58 -24 -44
right_child=2 3 10 7 8 12 13 30 15 22 14 18 17 19 27 28 31 39 51 29 24 -23 61 -25 -26 -27 -28 56 50 -31 54 -33 34 -35 -36 -37 59 41 -40 40 -42 -43 62 -45 -46 -47 -48 -49 -50 -51 -52 -53 -54 -55 -56 -57 60 -59 -60 -61 -62 -63 -64
leaf_value=0.045388706089193903 0.12321283769492525 0.13157505363637259 -0.022266599760746908 0.014298693760097706 0.096940815928302088 0.13348676885405417 -0.046824516068897537 -0.019232043607649678 -0.01208787718157713 0.077205184177499817 0.055742729991850183 0.030719734748101819 0.08088839688539011 0.064563753515999509 0.047434798335759198 -0.033469023134296769 0.002388741013433923 0.12034063785156046 0.046797528715694786 -0.010279220442172216 0.02518780938505423 -0.00031513472125274374 0.1341801028007184 -0.041371078476850252 -0.028347007374376895 0.17941763564808896 0.028651355083153057 0.1051567933292771 -0.017301751523566802 -0.031633673054313326 0.0052171128191379618 0.015826226623355939 0.11085384888584156 0.10081818001010044 0.20252280029201539 -0.04128422945274754 -0.029354798536498878 0.092665195375155107 0.12827126479127893 0.084511632957622387 0.15706989114756445 0.046974275298532674 0.066557040766158496 0.035277613419931818 0.02643063686836656 0.10814339752648548 0.11352353310181994 0.044406552126376744 0.13536255920967213 -0.0034206195923392017 -0.024462923475915322 0.02883246818433783 0.15472916168045225 0.030897108115538419 -0.0072746620144392669 0.013426629535342972 0.17570296757647527 0.094032636461701027 0.075460800641146242 0.02270720623956244 0.086981333684289758 0.16127696376224934 0.13047051488305533
leaf_weight=961.25651454925537 896.42649066448212 135.05127358436584 390.9258691072464 5029.4335751533508 76.345043897628784 2738.325186252594 34573.01161134243 6298.8052662611008 17414.913962721825 343.42801475524902 6253.0715239048004 2982.9715799093246 2704.6767026185989 109.08328151702881 984.46601223945618 9884.6309804916382 15012.21110200882 2116.4879370927811 3163.6719002723694 2450.48610663414 556.19723749160767 2452.8581563234329 1647.9146270751953 38560.751041650772 2380.7251298427582 1947.366162776947 1889.6783512830734 993.9486722946167 20245.186509490013 27152.914374232292 4894.6050187349319 8806.990018248558 191.8991425037384 2514.1888893842697 290.96751868724823 274.66418588161469 6444.7076481580734 439.43259000778198 7159.9954568147659 2474.2628127336502 195.56402599811554 4864.246005654335 473.25246918201447 3691.1504082679749 2141.310996055603 1008.3926770687103 656.59104597568512 1037.4224324226379 1086.566535949707 4331.4798998832703 49101.035091996193 7550.1209664344788 3595.1753140687943 5074.1436498165131 27815.755757331848 6993.9127424955368 147.8180810213089 2747.2272565364838 2227.1011523008347 228.57922625541687 139.50118613243103 1381.7279238700867 182.24754476547241
leaf_count=544 344 50 269 3160 40 1025 27365 4495 12140 166 3314 1769 1249 59 532 7456 9875 823 1772 1714 348 1644 603 29964 1737 575 1140 435 14514 20388 3254 5487 75 1065 85 191 4784 203 2705 1105 67 2631 233 2106 1286 429 280 532 400 2922 35741 4499 1173 2985 19023 4364 52 1201 1080 153 63 447 75
internal_value=-8.07051e-06 -0.0169694 0.0992616 0.00940391 -0.0289422 0.121241 -0.036996 0.00145034 -0.019877 0.137084 0.0533507 0.0313603 0.1023 -0.0390448 0.0591221 -0.0216566 0.0119041 0.0962839 0.025742 -0.0354501 -0.00160294 0.0126859 0.12732 -0.0390943 -0.0182188 0.157813 0.00745532 0.0796599 -0.023758 -0.0298802 -0.00764104 0.00735721 0.121772 0.119632 0.166123 0.0169926 -0.02605 0.0529302 0.125935 0.104653 0.0898322 0.0510249 0.0504719 0.0482383 0.0188542 0.0829396 0.0771593 0.070776 0.111302 -0.00167636 -0.0223691 0.0341378 0.148442 0.0226348 -0.0054038 0.0185973 0.0883139 0.105924 0.0846273 -0.0275712 0.132671 0.146543 0.084344
internal_weight=372509 318150 54359.4 99336 218814 36734.6 115871 72931.9 102943 19969.1 17624.8 26404.1 16765.5 109520 15092.6 96645.8 33922.8 14027.2 20965.3 74946.5 6351.04 3414.11 13530.1 45343.1 2936.92 6438.97 6297.5 4492.84 79230.9 29603.4 39009.2 23819.2 10500.5 10017.6 482.867 10251.5 6782.37 5438.73 7503.42 8620.11 2669.83 5303.68 10599.7 9944.22 2532.24 5407.08 4398.69 3742.1 5950.28 4407.82 69346.2 10713.8 4491.6 10103.6 32710.4 9976.88 3508.37 4863.72 3221.05 6673.29 287.319 3029.64 655.5
internal_count=250205 226411 23794 63758 162653 14349 88700 48279 73953 7238 9445 15479 7111 84427 7890 69851 21507 6086 12595 57062 4273 2188 5146 34960 2085 2092 4102 2162 57711 22102 26772 15362 4096 3936 160 6324 4996 2884 2871 3596 1172 2834 5728 5420 1555 2490 2061 1781 2424 2962 50255 6271 1517 6145 22277 6133 1630 2024 1515 4937 115 1050 308
cat_boundaries=0 7 14 19 26 33 40 47 54 60 67 73 80 86 93 99 106 113 120 127 133 139 146
cat_threshold=1074462728 4608 1638400 2050 1073741824 0 16 33760264 18881280 3735554 2147510272 3221225792 1704708 16 1073807368 0 524288 2 1073741824 1074282504 1093672512 2 10256 3229876290 1142555140 32 1076363264 1477444676 2218787072 271122528 29900802 1140854848 96 34211848 152045644 1179906 270557216 3250601984 1074921984 32 67117072 12 71303682 2149589040 4 1140920324 64 197640 16782080 1572864 18432 3221225472 0 16 2282881344 688128 1753540624 135790981 336723968 134217730 1615069216 394368 2151710897 786576 262220 76022020 67 8 2099712 2 2048 2 512 79695924 201326596 1246977 2686468128 2097160 10813760 1 1074266112 17829888 0 0 3221225472 1703936 2048 135268364 131330 268435488 12599296 1073741824 32 33555456 16780352 0 0 256 1048832 150995008 46678033 1744902144 1074925825 135397392 33558656 4 644087840 134217868 73597224 33882208 557064 2418278400 1 805339777 2147483696 50353160 755106820 7808 83984 128 196616 0 0 0 1073741824 0 16 1024 16777472 2097152 0 2155872512 1049408 67117056 8 4194304 0 4 69632 524288 512 0 0 0 0 16
is_linear=0
shrinkage=0.05


Tree=3
num_leaves=64
num_cat=23
split_feature=6 14 6 14 14 6 14 14 8 7 14 19 19 14 14 14 14 14 14 14 34 19 6 14 6 19 14 19 33 7 33 34 19 0 31 33 19 12 12 31 12 14 21 30 21 19 12 21 14 14 14 21 14 31 19 7 33 11 21 14 14 12 14
split_gain=215289 28081.6 28020.6 4856.22 4198.17 3517.45 2844.72 2448.81 2307.05 1791.93 1417.81 1206.25 1078.91 976.96 914.596 863.323 826.148 664.551 576.139 553.059 533.294 502.753 502.491 484.851 456.062 433.575 430.755 414.812 406.679 402.962 383.379 387.138 358.479 353.999 334.188 591.441 332.696 326.213 618.003 371.258 374.867 283.838 279.897 622.056 549.547 277.608 274.353 258.94 380.798 283.453 250.109 249.321 312.42 242.602 236.672 235.277 234.672 243.82 232.389 223.661 223.498 221.599 221.344
threshold=2.9464285373687749 0 1.0892856717109682 1 2 9.6607146263122576 3 4 1.0000000180025095e-35 4.9017856121063241 5 1.5000000000000002 2.5000000000000004 6 7 8 9 10 11 12 -2.0273983478546138 2.5000000000000004 4.6607141494750985 13 0.30357143282890325 2.5000000000000004 14 6.5000000000000009 0.97084540128707897 4.5267856121063241 0.91557157039642345 1.3012349605560305 2.5000000000000004 5.5000000000000009 1.950000047683716 1.0141534209251406 2.5000000000000004 63.500000000000007 15.500000000000002 1.4600000381469729 223.50000000000003 15 50.500000000000007 6.5000000000000009 32.500000000000007 6.5000000000000009 83.500000000000014 49.500000000000007 16 17 18 49.500000000000007 19 0.99000000953674328 2.5000000000000004 5.7589285373687753 0.99996969103813182 0.26785714924335485 16.500000000000004 20 21 157.50000000000003 22
decision_type=2 9 2 9 9 2 9 9 2 2 9 2 2 9 9 9 9 9 9 9 2 2 2 9 2 2 9 2 2 2 2 2 2 2 2 2 2 2 2 2 2 9 2 2 2 2 2 2 9 9 9 2 9 2 2 2 2 2 2 9 9 2 9
left_child=2 5 4 15 24 11 23 25 17 10 36 55 -7 -10 29 56 -11 28 -15 -12 -16 -17 -22 58 -1 59 -9 -14 -8 -13 -19 -32 60 -18 42 -36 -3 38 41 40 -39 -25 44 -44 -24 -31 -30 49 -49 -38 61 -27 -53 -35 -20 -2 57 -4 -6 -5 -28 -48 -33
right_child=1 9 3 7 6 12 8 26 13 16 19 14 27 18 20 21 33 30 54 -21 22 -23 34 37 -26 51 32 -29 46 45 31 62 -34 53 35 -37 47 39 -40 -41 -42 -43 43 -45 -46 -47 50 48 -50 -51 -52 52 -54 -55 -56 -57 -58 -59 -60 -61 -62 -63 -64
leaf_value=-0.047492855542130098 0.097331166191796742 0.058269604737548733 0.11627835497913341 0.021716067377198563 0.009352765123138115 0.14159647770605255 0.058925545749198283 -0.023371318584695884 -0.030218685591619499 0.035215976115162737 0.028321999407477552 0.051387783657698242 0.10926635672212831 0.004539473364348171 0.19695547066713157 0.029571918313734374 0.062307661087047495 -0.0064860233803808176 -0.015626462980290839 0.00042882006031862857 0.067224516487421962 0.0117208449015948 0.11477046662093393 -0.003449013566377421 -0.037216646667482922 0.0013044131002023769 -0.010221091424091078 0.13232365625123779 -0.029967820664829049 0.077222396048713171 -0.042644493121379981 0.012219657775694337 -0.011974877106100285 0.1111635293942332 0.024220898941268072 0.10563524436925092 0.029332867837793333 -0.040768928476859291 -0.026034533657396042 0.036549120234780984 0.086319340922129562 0.027391237646185375 0.083360014849859901 0.18859267132275531 0.085003074153374866 0.099969760444036174 -0.041277030498731992 0.12366256560131748 0.038019789301868639 0.047280229083214387 0.01944531974338096 0.044672334599507424 -0.0011725014062675114 0.078522094766113715 -0.022689030784260461 0.12580465260295842 0.038552112352971873 0.032835879917568742 0.068637158957036912 0.0070566425519704382 0.0027329619913823741 0.03514234253105418 -0.02902233463926307
leaf_weight=28182.194638967514 966.67159259319305 4282.4701812267303 206.05206799507141 5448.9688472747803 280.45907866954803 5462.0457890033722 148.17271864414215 6035.0762915611267 34508.467487215996 1648.4775612354279 8204.0985527038574 1280.0899775028229 8649.7337458133698 2370.3109390735626 139.62579870223999 5631.4436892271042 2097.2069816589355 803.7038745880127 16731.687235713005 2278.5280321836472 1128.5531014204025 13165.448841810226 4146.6957558393478 1952.4609369039536 17506.673843741417 23275.826312303543 5522.0488063097 2522.6062450408936 5046.2243672609329 7347.4192142486572 31521.420323610306 453.97729647159576 33680.867878556252 888.49911880493164 358.12068665027618 591.77976977825165 4053.5631475448608 344.37964653968811 2233.0436840057373 1048.2462760210037 69.680330514907837 1197.3290591239929 259.91743659973145 306.09005451202393 2479.3675448894501 1642.5811569690704 483.71587586402893 226.1411634683609 360.23142528533936 5275.8774085044861 596.82060468196869 755.34573304653168 730.33682799339294 1589.7079018354416 40767.297803401947 2935.1022393703461 3905.6777731180191 152.34884285926819 402.60353183746338 5035.5738741159439 8357.7683454751968 117.91900038719177 1117.7685362100601
leaf_count=23295 380 2152 78 3273 174 1589 77 4472 26461 894 4755 631 3109 1594 39 3265 993 591 12163 1478 513 8197 1460 1324 13879 15280 3843 785 3801 3133 25460 319 23703 345 169 222 2287 260 1626 603 39 736 97 79 984 625 371 87 183 2769 397 447 487 699 30165 967 2132 78 214 3217 5650 78 872
internal_value=-2.53509e-06 0.0782061 -0.0185567 0.00125071 -0.0303538 0.105747 -0.0261101 -0.00405666 -0.0277829 0.0423189 0.0362863 0.093353 0.12338 -0.023509 0.0883167 0.0216895 0.0663082 -0.0378013 -0.0196332 0.0222653 0.0998599 0.01706 0.0985031 0.00381055 -0.0435459 0.00617885 -0.0107877 0.114474 -0.0228819 0.0775664 -0.0405962 -0.0414369 -0.00918633 0.0772636 0.102838 0.0749471 0.0465893 -0.000224546 -0.00591402 0.0207162 -0.0193661 0.00835079 0.10652 0.140292 0.103633 0.0813797 -0.0248605 0.0415913 0.0738212 0.0395648 -0.00335508 0.00257203 0.02243 0.0902289 -0.0206303 0.118753 0.0420087 0.0808277 0.0436614 0.0147029 -0.00242621 -0.0258658 -0.017217
internal_weight=370909 71121.2 299787 111903 187885 40216.4 142196 88841.8 134667 30904.8 24680.9 23582 16634.4 94377.8 19680.2 23061 6223.89 40289.7 59869.3 10482.6 9410.15 18796.9 9270.52 7528.2 45688.9 35246.1 53595.8 11172.3 6392.85 10270.1 33896.9 33093.2 47560.7 4575.41 8141.97 949.9 14198.3 6845.14 5382.83 1462.31 414.06 3149.79 7192.07 566.007 6626.06 8990 6244.68 9915.81 586.373 9329.44 1198.46 24761.5 1485.68 2478.21 57499 3901.77 4264.08 358.401 683.063 10484.5 13879.8 601.635 1571.75
internal_count=250045 31424 218621 74122 144499 14782 107325 60372 102349 16642 13711 9299 5483 70383 7952 13750 2931 31966 43922 6233 3563 11462 3524 4976 37174 22704 37668 3894 4724 4389 27242 26651 33196 2037 3011 391 7478 4588 3686 902 299 2060 2620 176 2444 3758 4647 5326 270 5056 846 16214 934 1044 42328 1347 2288 156 388 6490 9493 449 1191
cat_boundaries=0 7 14 21 27 34 41 48 52 59 64 71 78 85 91 98 104 111 118 122 129 136 143 147
cat_threshold=1074462728 4608 1638400 2050 1073741824 0 16 1109591048 18881344 3145730 2147510272 3242197248 67764992 16 2282881344 540673 1745107008 1209532673 336723984 134221826 4 1074266120 20191812 2148532226 2123776 3250864192 1074921988 10288 1209009156 2218918145 271122528 8405058 1074794564 96 33555456 18874624 2097152 16384 2155872576 1573696 32 293642242 314638386 8388608 541200388 134283296 574636216 8 655360 4096 1114112 2048 66568 16782080 1048578 2048 3221225472 512 16 33554432 18874624 2 0 8388928 71323684 1207960576 198401 2684358672 136314890 78186752 33 33554432 134218760 4325632 48 0 2147483648 32 2097152 134219844 770 2149654624 20971520 1140981764 64 524288 16777728 0 2048 3221225472 131072 293634689 2462056464 4168 1678902276 79376 33554448 128 0 1310724 0 0 12861440 1074790400 0 2097152 0 0 8388608 512 32 0 2097152 0 0 320 525056 32 0 134217728 131328 16 0 1073741824 2151809280 524320 8388672 1074790400 64 0 135266308 4194560 2097248 2 1074794564 96 2152202246 536879146 285263008 155484168 2359424 2376704 6 2097168 536870914 16777216 16810016
is_linear=0
shrinkage=0.05


Tree=4
num_leaves=64
num_cat=28
split_feature=6 6 14 14 14 6 14 14 12 7 14 19 14 14 14 14 33 14 14 33 10 22 22 6 14 14 5 14 33 14 5 13 7 12 19 14 7 0 14 14 19 14 14 12 14 19 14 14 14 12 14 19 33 30 22 7 19 14 12 14 12 12 12
split_gain=185436 26546.7 22604.3 4539.75 4127.07 2719.34 2458.12 2329.33 2242.21 1536.61 1429.32 1155.6 947.495 822.996 757.751 591.975 587.672 582.618 536.636 511.612 490.328 479.003 534.841 473.973 418.447 417.78 415.332 401.164 400.905 368.462 359.327 358.704 342.396 314.864 309.491 306.826 298.699 294.183 288.178 287.066 282.385 276.253 272.868 548.481 263.524 262.476 252.166 242.285 228.649 220.796 215.549 213.729 212.098 227.233 285.271 313.187 211.513 202.323 197.188 213.115 193.82 263.137 192.044
threshold=2.9464285373687749 1.0892856717109682 0 1 2 7.4464285373687753 3 4 7.5000000000000009 5.3125000000000009 5 2.5000000000000004 6 7 8 9 0.92542046308517467 10 11 0.98960703611373912 4.2274420261383066 11.500000000000002 8.5000000000000018 0.33928571641445165 12 13 2.3571429252624516 14 0.91557157039642345 15 1.7857142686843874 221.50000000000003 5.7589285373687753 87.500000000000014 6.5000000000000009 16 1.5446428656578066 5.5000000000000009 17 18 2.5000000000000004 19 20 63.500000000000007 21 2.5000000000000004 22 23 24 8.5000000000000018 25 2.5000000000000004 0.99996969103813182 12.500000000000002 11.500000000000002 2.5625000000000004 1.5000000000000002 26 2.5000000000000004 27 56.500000000000007 12.500000000000002 63.500000000000007
decision_type=2 2 9 9 9 2 9 9 2 2 9 2 9 9 9 9 2 9 9 2 2 2 2 2 9 9 2 9 2 9 2 2 2 2 2 9 2 2 9 9 2 9 9 2 9 2 9 9 9 2 9 2 2 2 2 2 2 9 2 9 2 2 2
left_child=1 4 5 13 23 16 24 26 12 10 27 29 41 58 19 34 -2 -11 -14 -10 47 22 32 -1 60 -9 45 52 50 -7 49 -19 39 46 -13 -12 -27 -33 -24 -22 -32 -8 -30 57 -45 -5 -21 -18 -35 -15 -16 -20 -4 -54 55 -55 -29 -44 -3 -60 61 -6 -26
right_child=2 3 9 7 6 11 8 25 14 17 35 15 18 30 28 -17 20 31 51 33 21 -23 38 -25 62 36 -28 56 42 -31 40 37 -34 48 -36 -37 -38 -39 -40 -41 -42 -43 43 44 -46 -47 -48 -49 -50 -51 -52 -53 53 54 -56 -57 -58 -59 59 -61 -62 -63 -64
leaf_value=-0.046883076697381343 0.17053585223089807 0.0520751006954841 0.01249326986210947 0.01037727484916539 0.047413504649475989 0.12786908732154267 0.014278391429563823 -0.022099023393090347 0.087244539276179922 0.025837749927731642 0.019189139675150169 0.097951214666600228 -0.029783737611132913 0.010306820719563863 0.02695434500779997 0.080548293196767942 0.081441175949081804 0.098983385870079155 -0.016450964871424122 -0.044450939576625742 0.084572763352734504 0.11906476538607885 0.03009625049485869 -0.035888724912627692 -0.0072491608047937188 -0.0115265488691094 0.014723534537738975 0.0498130178536813 -0.047616962406859288 0.1044694020661964 0.033450087690036011 0.047259302053198754 0.094931603707734249 0.031375500160557582 0.11616265709476314 -0.0060443554854450717 -0.0029774676624663926 0.07653506561976238 0.071835338285228464 0.032494630365571972 0.017439676449052015 -0.011828143165326023 -0.049038952367572664 -0.035891556050897819 -0.016156314738930998 -0.00061481968731590553 -0.020299725246207909 0.059460751520745328 -0.014664160492760279 -0.027531848865409797 -0.025914709780290597 -0.023641812767139576 0.049389551307176711 0.14327517614978588 0.12733907327760019 0.052887472853249656 0.033797775452968547 -0.035412740873348079 0.061001564844362081 -0.0047419399249508812 0.066226556966150429 -0.0084442250466740688 0.01386867244697605
leaf_weight=28992.829620480537 166.36952066421509 2430.0351809263229 288.19770383834839 7755.2321025133133 405.42736053466797 5135.4003024101257 1122.8738518953323 6742.6742351055145 106.56960475444794 922.90639114379883 4993.5763714313507 10504.907389998436 33058.399958491325 5975.7890030145645 306.8607794046402 4981.1578017473221 2030.5942168235779 891.58855962753296 14606.012024641037 1721.3101887702942 724.8364440202713 883.48862791061401 687.88297390937805 14813.971011519432 5103.7719422578812 31864.425015687943 9896.1095032691956 2441.6094908714294 11612.513644099236 3813.8865793943405 3975.7903280258179 1555.3403844833374 4206.5658576488495 371.25823986530304 3003.9919922351837 1586.0407698154449 15039.860433697701 1916.2925297021866 1268.7441051006317 483.11994636058807 8964.068904876709 9810.7226912975311 7757.7396874427795 3548.1367226839066 3346.8955045938492 18119.373518586159 3081.4968824386597 4828.6683727502823 910.92692792415619 412.02391982078552 483.33346581459045 35334.599904894829 2854.5712875127792 108.70014989376068 217.45806610584259 807.63200700283051 13265.232944726944 4702.3878865242004 179.9377053976059 353.4488924741745 282.29238855838776 439.12308263778687 1364.259135723114
leaf_count=24942 43 1186 154 4814 219 1358 731 5062 48 495 2916 3516 26058 3664 198 1851 788 344 10831 1368 283 276 310 12089 3533 22658 6118 1218 9880 1177 2199 724 1479 237 874 1060 10324 772 496 227 5386 7071 6572 2942 2652 11988 2335 2036 677 278 375 26841 1378 42 77 393 7098 3863 87 208 137 291 846
internal_value=-0.000244013 -0.0180513 0.0702011 0.00116139 -0.0297611 0.0939704 -0.0255493 -0.00387187 -0.0271429 0.0382774 0.0333899 0.103407 -0.023001 0.0213437 -0.037402 0.0962663 0.0770863 0.0629086 -0.0248234 -0.0212775 0.0760565 0.0842674 0.0800951 -0.0431554 0.00212276 -0.0104609 0.0060101 0.0400416 -0.0405262 0.118158 0.01756 0.0705282 0.0881923 -0.0232145 0.101926 0.0131066 -0.00878343 0.0634209 0.0576845 0.0647177 0.0223591 -0.00913631 -0.0414363 -0.0376838 -0.0263878 0.0026798 -0.029091 0.0661743 -0.00120159 0.00786577 -0.00536979 -0.0215344 0.0537957 0.0569146 0.0758547 0.0636242 0.0362645 -0.0439646 0.0458777 0.0184984 0.0300987 0.0183728 -0.00279046
internal_weight=369561 294992 74568.8 111709 183284 42719.6 139477 89417.7 131882 31849.1 26563 27439.3 93932.6 22291.1 37949.4 18490.1 15280.3 5286.13 82999 6191.56 15113.9 8254.64 7371.15 43806.8 7594.87 53647 35770.7 19983.4 31757.9 8949.29 19327.7 4363.22 5414.52 6084.99 13508.9 6579.62 46904.3 3471.63 1956.63 1207.96 12939.9 10933.6 30967.7 19355.2 6895.03 25874.6 4802.81 6859.26 1282.19 6387.81 790.194 49940.6 4276.56 3988.36 1133.79 916.332 15706.8 12460.1 2963.42 533.387 1126.84 844.55 6468.03
internal_count=250093 218708 31385 73972 144736 14714 107705 60964 102679 16671 14336 8776 71532 13008 31147 6241 5938 2335 63730 4665 5895 3071 2795 37031 5026 38044 22920 10360 26482 2535 11527 1840 1989 4617 4390 3976 32982 1496 806 510 7585 7802 25909 16029 5594 16802 3703 2824 914 3942 573 37672 2044 1890 512 435 8316 10435 1481 295 647 510 4379
cat_boundaries=0 7 14 21 27 34 41 48 55 62 67 72 79 85 92 98 102 109 113 120 127 134 140 144 149 151 157 163 166
cat_threshold=1074462728 4608 1638400 2050 1073741824 0 16 1109591048 18881280 3145730 2147510304 3238002944 1704708 16 2282881344 540673 1745102848 1209532673 336723984 167776290 4 1074266120 20191812 2148532226 2123776 3250847808 1074921988 534576 1209009220 2218918144 271122496 13123650 1140854784 96 35652608 18876740 2097154 2147565568 2155872576 1573696 32 574881824 1208124552 4325680 268697712 16392 2491940928 33 65544 16782080 1048576 2048 3221225472 512 16 71319604 1073742848 197889 2684358704 2097162 69798152 33 1074331656 0 524288 2 1073741824 33554432 18874624 2 0 8388608 293609490 314638354 8392772 541200388 134283296 541081752 8 524288 16781824 0 2048 3221225472 131584 285213312 2457927728 33558600 1695679488 13840 33570944 128 0 18874368 0 16384 2147483648 64 1073807368 0 524288 2 32 135267328 67109632 2629728 20987904 1140981764 64 655360 512 524288 2048 131072 0 1572864 2048 0 0 16 33554432 134218752 131328 48 0 0 32 285254658 2961350656 278970448 67108940 33625092 1024 10 35913856 138412168 37752832 16777344 557056 2415919312 67108880 1024 0 48 720896 512 524288 0 1073741824 67108864 1024 33792 134217736 35651584 0 0 8388672 537135745 37748746 50336392 319194112 33408 2420121600 8 4864 1048576
is_linear=0
shrinkage=0.05


Tree=5
num_leaves=64
num_cat=26
split_feature=6 14 6 14 14 6 14 14 12 5 14 14 14 14 21 14 14 34 33 37 14 14 14 11 12 12 11 6 12 14 21 21 9 33 14 31 14 12 9 21 31 14 12 14 14 33 14 21 30 14 4 11 33 12 22 14 14 31 14 9 14 22 22
split_gain=161276 22405.9 21517.3 3964.93 3357.55 2461.12 2405.27 2107.37 1830.43 1349.08 854.079 751.893 699.811 648.513 634.648 612.786 603.35 539.171 513.95 505.746 478.625 448.826 445.077 433.149 424.841 476.459 398.981 392.284 390.48 384.046 368.93 415.817 333.372 333.179 332.507 325.946 316.272 307.101 279.29 275.511 292.503 255.591 524.788 298.564 251.101 260.18 249.275 247.523 345.427 245.296 245.103 242.334 241.462 214.162 210.801 206.138 199.379 191.27 184.732 207.914 177.035 256.066 187.689
threshold=2.6607142686843877 0 0.94642856717109691 1 2 7.4464285373687753 3 4 8.5000000000000018 4.7857143878936776 5 6 7 8 50.500000000000007 9 10 -2.0273983478546138 0.97084540128707897 1.0000000180025095e-35 11 12 13 0.19642857462167743 63.500000000000007 14.500000000000002 0.8392857313156129 1.553571403026581 87.500000000000014 14 32.500000000000007 48.500000000000007 3.5012280941009526 0.91557157039642345 15 1.7099999785423281 16 2.5000000000000004 3.0945206880569462 35.500000000000007 1.7099999785423281 17 63.500000000000007 18 19 0.89467304944992077 20 50.500000000000007 4.5000000000000009 21 12.500000000000002 1.0000000180025095e-35 1.1014363765716555 7.5000000000000009 7.5000000000000009 22 23 1.7099999785423281 24 3.350649476051331 25 11.500000000000002 8.5000000000000018
decision_type=2 9 2 9 9 2 9 9 2 2 9 9 9 9 2 9 9 2 2 2 9 9 9 2 2 2 2 2 2 9 2 2 2 2 9 2 9 2 2 2 2 9 2 9 9 2 9 2 2 9 2 2 2 2 2 9 9 2 9 2 9 2 2
left_child=2 5 4 15 26 17 21 27 11 10 60 44 30 18 20 37 -9 -2 -10 22 -11 -6 -19 38 25 -23 -1 -5 49 -13 35 57 -16 -15 -12 50 -25 58 -24 -14 -41 -35 55 -44 -8 -46 -30 54 -49 52 -7 -22 -20 -17 -40 -43 -18 -32 59 -4 62 -62 -3
right_child=1 9 3 7 6 12 8 16 13 14 34 29 39 33 32 53 56 19 28 -21 51 24 23 36 -26 -27 -28 -29 46 -31 31 -33 -34 41 -36 -37 -38 -39 47 40 -42 42 43 -45 45 -47 -48 48 -50 -51 -52 -53 -54 -55 -56 -57 -58 -59 -60 -61 61 -63 -64
leaf_value=-0.037889116430049961 0.15244593669122586 0.049918644170677214 0.068617771081387141 -0.0040165369631123314 0.029636048968888967 0.093088062264367277 0.01701870206336592 -0.0071439995383050297 0.10616848220213614 0.010614335814998082 -0.013122959636241723 -0.029887616560207931 0.086714842400275396 -0.007706157627007517 0.14651708193930726 0.013925403831903006 -0.023687901520059344 0.060076342382233076 -0.048735730283374204 0.023267344335586998 0.06113019404799698 0.0074494798496700506 0.062040633656375369 -0.0072037126410420399 0.020300150166249142 -0.027128982228693629 -0.047767494703054754 0.0070967434566333769 0.018512855205269834 -0.022230182829721931 0.085930017502073408 0.11679453535065742 0.066220826190103707 -0.047716206160485976 0.018171456530608591 0.12167902162960559 0.063475402030850656 0.0079315533571247768 0.089572257074910649 0.076333310695181233 0.034972967769356371 -0.050118422580949298 -0.013995827071719567 -0.035833986208708868 0.044557153780490508 -0.014434175750298067 -0.021843742006140584 0.073618175919517914 0.15033346016774873 -0.020756478647477584 0.11024427935839375 0.042718435118960174 0.041559384881177816 -0.017394136220485936 0.068619554277839986 -0.035784580651566728 -0.014531865329863414 0.0564709660638016 0.032891691432267958 0.0022384284152504662 0.028493091394037242 0.055486586264834818 0.0277362540966688
leaf_weight=19732.459391355515 186.11756682395935 2792.3010684251785 876.20110106468201 12253.336567163467 1252.5171035528183 5335.6711103916168 735.45541107654572 33174.173932433128 76.586565494537354 940.70503556728363 918.06006836891174 30382.087618589401 9902.6928949356079 746.91479539871216 229.84255659580231 15462.865833044052 7756.2147026062012 8395.4505420923233 1871.363484621048 639.77213680744171 2670.011822104454 1799.0755429267883 1575.9928817749023 244.27905201911926 1396.7016561031342 2232.1712514162064 21215.194104790688 22560.84526014328 736.01678693294525 36572.33381319046 3966.1857416629791 1043.9203472137451 295.96335065364838 10813.411689639091 10654.662575960159 2114.8442897796631 454.71613299846649 891.35816156864166 3467.3031829595566 2842.0818159580231 503.43701612949371 6544.1886675357819 2820.8358262777328 3639.833701133728 190.75675868988037 9055.3898227214813 775.60391759872437 263.98218667507172 331.28120255470276 2415.0239226818085 3422.766238451004 5410.816307425499 77.015846371650696 565.71396934986115 1839.5785976648331 4580.8843715190887 26601.413343906403 640.83056282997131 2434.7790135145187 136.3251359462738 12980.155441403389 942.39115273952484 1448.8610877990723
leaf_count=16876 43 1311 388 8365 709 1547 468 23392 29 567 627 24646 3142 549 69 9338 6017 3327 1565 288 1126 1192 609 129 832 1687 19120 14239 495 28249 1187 284 118 9615 6156 550 175 513 1145 964 194 5818 2275 3112 119 6722 595 88 83 1883 898 2610 50 386 671 3909 19613 207 1285 73 6918 445 721
internal_value=-0.000247877 0.0595052 -0.0185425 -0.0027988 -0.0306428 0.0827327 -0.0263757 -0.00680818 -0.0281145 0.031585 0.0263426 -0.0238003 0.0914812 -0.0375793 0.0479457 0.0173432 -0.0119593 0.0678093 -0.0224009 0.0668932 0.0448325 0.00278272 0.0685772 0.0771364 -0.00345731 -0.0116974 -0.0429968 0.00318435 -0.0241168 -0.0257089 0.0986037 0.088294 0.101341 -0.040657 0.0156796 0.104052 0.0395825 0.0340147 0.0807492 0.0824602 0.0701106 -0.041538 -0.0376902 -0.0263766 -0.0109607 -0.0132024 -0.00221599 0.0857436 0.116331 -0.0317037 0.0997938 0.0487423 -0.044934 0.0128119 0.0823106 -0.0442939 -0.0166052 0.0818336 0.0408572 0.059098 0.0331095 0.0302989 0.042242
internal_weight=368830 86454.7 282375 122713 159662 47170.9 118714 102346 112034 39283.8 29736.4 76936 29772.4 35097.7 9547.34 20367.2 67531.8 17398.5 5951.61 17212.4 9021.53 6680.47 16572.6 8177.13 5427.95 4031.25 40947.7 34814.2 5875.02 66954.4 16524.2 5650.94 525.806 29146.1 11572.7 10873.3 698.995 4338.66 7478.14 13248.2 3345.52 28399.2 17585.7 6460.67 9981.6 9246.15 1511.62 5902.15 595.263 4363.4 8758.44 8080.83 1948.38 16028.6 5306.88 11125.1 34357.6 4607.02 3447.31 1012.53 18163.7 13922.5 4241.16
internal_count=250323 36199 214124 83609 130515 15531 94519 71626 90099 20668 16178 60204 8973 29895 4490 11983 49022 6558 4617 6515 4303 4420 6227 2900 3711 2879 35996 22604 4588 52895 4673 1678 187 25278 6783 2995 304 2259 2596 4300 1158 24729 15114 5387 7309 6841 1090 1987 171 3498 2445 3736 1615 9724 1816 9727 25630 1394 1746 461 9395 7363 2032
cat_boundaries=0 7 14 21 28 35 42 49 53 60 66 73 80 86 90 97 103 104 111 118 122 125 129 135 142 148 154
cat_threshold=1074462728 4608 1638400 18434 1073741824 0 16 1107493896 18881344 3145730 26656 3242197248 1075446276 16 2282881344 8929281 1745102912 1208484097 336723984 134221858 4 1074266120 20191812 2148532226 2107392 3250847808 1075446276 32 2623520 1209009156 2218918145 2418606272 8405002 603980096 96 1024 18876676 2097152 2147549184 2160066880 1573696 96 643825696 1207993480 6422824 268714096 4096 2156202048 1 1073807368 0 524288 2 71323700 1073742880 197377 2684375088 136314890 69273864 1 66568 16782080 1048578 18432 3221225728 512 608456720 434304 32948 33816592 786496 2158048256 3 67108880 12 71434752 2149589040 4 67309572 32 524288 16781824 1048576 2048 3221225472 1180160 655368 0 1048576 18432 25165842 306249746 8392708 542248964 134283424 574636184 136 339746816 8 2168455169 536903696 2 73728 1073741824 268739586 2952962048 10534928 68157516 33625092 33555456 10 16779777 18 16777352 302416896 10880 549462016 128 33554432 1024 131328 16432 67108880 1024 512 67108880 1024 512 48 553650817 171966474 33558664 319194112 8832 809508864 293634693 2462580752 8458304 1611792384 1115696 33554432 12 65536 4352 0 2048 1073741824 512 1024 16777216 0 0 2147483648 64
is_linear=0
shrinkage=0.05


Tree=6
num_leaves=64
num_cat=26
split_feature=7 7 7 14 14 14 14 8 14 14 14 19 14 14 12 8 14 14 9 14 8 22 31 14 19 14 33 19 19 19 19 14 12 12 33 34 19 22 22 14 31 33 14 22 19 14 14 25 14 12 33 22 0 14 13 14 22 14 12 14 14 19 19
split_gain=140772 22098.1 14485.5 4006.17 3838.79 2676.19 2292.97 2140.76 1768.58 1365.06 871.607 817.902 785.354 691.478 659.73 563.706 533.801 504.261 493.944 479.981 469.729 440.589 574.569 433.402 422.873 419.038 401.747 397.799 391.897 382.589 336.191 332.396 331.916 324.984 321.862 316.479 311.696 299.25 285.479 294.109 281.333 278.31 275.32 272.56 264.516 251.012 241.912 234.907 234.141 232.962 230.941 220.379 228.507 216.637 203.795 198.187 197.795 196.267 455.409 220.495 184.363 177.609 191.917
threshold=2.9017857313156132 1.0446428656578066 6.1875000000000009 0 1 2 3 1.0000000180025095e-35 4 5 6 2.5000000000000004 7 8 8.5000000000000018 0.18898283539402885 9 10 0.63568711280822765 11 1.1232953071594241 11.500000000000002 1.8050000071525576 12 1.5000000000000002 13 0.97084540128707897 2.5000000000000004 2.5000000000000004 6.5000000000000009 2.5000000000000004 14 67.500000000000014 246.50000000000003 0.91557157039642345 1.3258814811706545 6.5000000000000009 8.5000000000000018 8.5000000000000018 15 1.7099999785423281 1.0049856901168825 16 9.5000000000000018 1.5000000000000002 17 18 19 20 31.500000000000004 0.89467304944992077 1.5000000000000002 1.0000000180025095e-35 21 438.50000000000006 22 11.500000000000002 23 63.500000000000007 24 25 1.5000000000000002 6.5000000000000009
decision_type=2 2 2 9 9 9 9 2 9 9 9 2 9 9 2 2 9 9 2 9 2 2 2 9 2 9 2 2 2 2 2 9 2 2 2 2 2 2 2 9 2 2 9 2 2 9 9 9 9 2 2 2 2 9 2 9 2 9 2 9 9 2 2
left_child=1 3 6 18 13 20 21 16 15 11 50 37 38 -3 30 -6 26 -10 -1 -11 23 22 43 32 -21 -12 -7 60 55 -29 46 -23 48 -25 -18 57 47 54 -8 -40 56 51 -22 61 -19 -32 -15 -13 -5 -50 -9 -24 -53 -45 -4 -17 -39 -36 -59 -60 -14 -2 -63
right_child=2 4 9 5 8 7 12 10 17 19 25 36 27 14 -16 28 34 44 -20 24 42 31 41 33 -26 -27 -28 29 -30 -31 45 -33 -34 -35 35 -37 -38 40 39 -41 -42 -43 -44 53 -46 -47 -48 -49 49 -51 -52 52 -54 -55 -56 -57 -58 58 59 -61 -62 62 -64
leaf_value=-0.046370227476524403 0.090883480778464809 0.0516762697848826 0.11827517339513216 0.055934052902080103 -0.02766814009941216 0.069842094967275947 0.018831870497349013 0.038850969369660177 -0.022541099429241616 0.020724198500685631 -0.028189507322205595 0.11740659658166426 0.0258403939472606 0.045004319821505906 -0.020988839428832284 0.003525978032329249 -0.0069259275179283722 0.00048184706312849493 -0.035021830436946559 0.086917342991724586 0.045479384843968976 0.12681518872102618 0.05800534024177563 -0.014772710593927017 0.063268268339771255 -0.020523463031832861 -0.023259267808360955 0.024057843213738519 0.0006756357123860403 0.042687673185442573 0.028566577432245579 0.066864941844333489 0.042371687182155268 0.090777817659163845 -0.04671338102805838 -0.016597990137637793 0.09038420494277366 0.080958834469796029 -0.035558473977663624 0.0084156282677227655 0.047247593319698231 0.04754146805617368 0.0088290094708044463 0.056418728337076486 -0.010680103801973043 0.010202914723379418 0.020985190623721478 0.07382363011059534 0.024627230368304245 -0.023861175191340889 -0.010303586103508717 -0.03516336675201924 0.019678064083532995 0.010937849994511677 0.097460610315848295 0.016902301254543121 0.11466147142538 -0.043752664581211659 -0.012679548499375626 -0.033551254643842066 0.046066971957956587 0.057403865752339134 0.086957520678761988
leaf_weight=24856.796852946281 678.83608984947205 1312.8292387723923 1539.0471994876862 154.43485140800476 1459.6023398637772 118.74043869972229 3003.6139161586761 243.67871940135956 8262.8096477985382 614.66803622245789 30789.92423593998 368.22361350059509 1526.8807446956635 1278.2750190496445 1242.1517153978348 4584.35032081604 755.08971619606018 6231.6696246862411 15613.468846559525 2261.3952258825302 861.72155547142029 332.96295940876007 252.65994203090668 3983.0891082286835 11544.998381614685 43407.395061731339 4647.6494289636612 13327.205724716187 26967.14068543911 3474.514524102211 2123.9689176082611 1205.0430849790573 734.58610677719116 74.187387228012085 10430.054148435593 1372.9765112400055 4263.7726472616196 1637.3651869297028 575.06125438213348 1079.8157192468643 467.06667613983154 1644.6853621006012 1283.4958089590073 732.79251623153687 35800.501444220543 15112.187044620514 6310.2895555496216 14445.642472267151 368.46818220615387 755.37220728397369 12081.505078792572 254.4207329750061 748.53388738632202 432.12411844730377 5027.5020958185196 7057.1663236618042 594.21561098098755 10570.071058392525 2017.5676971673965 3587.2987729310989 5737.1089948415756 2913.1990230083466 677.56744968891144
leaf_count=23201 210 583 347 78 1102 49 1733 150 6400 303 25397 96 753 637 900 2999 574 4347 13625 663 485 92 111 2941 4026 33881 3753 6839 17729 1704 1118 437 374 43 9611 1127 1121 428 388 636 145 684 827 270 25990 9102 3515 4380 234 534 8934 151 357 198 1206 4165 137 9586 1641 3159 2679 1081 222
internal_value=-0.000173666 -0.016659 0.057867 -0.0282608 -3.55349e-05 -0.0239254 0.0356598 -0.0258158 -0.0050053 0.0779102 -0.0216629 0.0843581 0.02848 0.0163624 0.0145645 0.0028316 -0.0365497 -0.011248 -0.0419817 0.0651333 0.00369044 0.0564622 0.0519808 -0.00341263 0.0670938 -0.0237081 -0.0208947 0.0321244 0.00398544 0.0279106 0.0163494 0.0811102 0.0155136 -0.012809 -0.0391257 -0.0400087 0.0784674 0.0965777 0.00962398 -0.00703038 0.0825512 0.0340087 0.0238058 0.0615714 -0.00902309 0.0124885 0.0251187 0.0750368 0.000198267 -0.00789251 -0.00932389 0.0162802 0.00576425 0.0401282 0.102341 0.0116524 0.0899378 -0.0412167 -0.0376199 -0.026121 0.0419148 0.0674209 0.0629828
internal_weight=367811 286451 81360.9 168708 117743 128237 38597 120022 90363.2 42763.9 86522.5 28342.8 28724.2 27379.7 26066.9 40068.3 33499.4 50295 40470.3 14421.1 8215.36 9872.83 8334.82 6070.14 13806.4 74197.3 4766.39 24065.7 38608.7 16801.7 24824.7 1538.01 2012.86 4057.28 28733.1 27978 19077.6 9265.2 4658.49 1654.88 2698.65 2900.3 2145.22 5434.52 42032.2 17236.2 7588.56 14813.9 1278.28 1123.84 12325.2 1255.61 1002.95 1164.92 6566.55 11641.5 2231.58 26605 16174.9 5604.87 7263.99 4269.6 3590.77
internal_count=250188 218791 31397 140204 78587 103378 18545 97862 62732 12852 68362 7860 14732 15855 15272 25995 29500 36737 36826 4992 5516 3813 3284 4204 4689 59278 3802 11975 24893 8543 14372 529 1220 2984 25698 25124 5597 2263 2757 1024 710 1303 1312 1981 30337 10220 4152 4476 846 768 9084 619 508 468 1553 7164 565 23997 14386 4800 3432 1513 1303
cat_boundaries=0 7 13 20 27 34 41 48 55 60 67 73 79 85 92 97 103 109 115 121 122 128 133 139 146 152 157
cat_threshold=2282881344 540673 1745107008 1209532673 336789520 134217730 4 1110049792 18880768 2150629378 2147510272 3250585856 1075446340 1107820552 154406464 1048578 26656 3229876288 1142555140 32 196616 2101760 1638400 2048 1073741824 64 16 26656 1209009220 71434497 271122672 540738 67113216 96 1073807368 512 524288 2 1073741824 0 16 606077968 1073905804 21103032 270827600 524296 2418081792 1 335554608 1032 71434496 270532656 4194310 1073876996 64 0 4352 1048576 2048 3221225472 71323700 4 67306753 2954891280 136314922 10815744 1 285246089 2155872784 50335752 1829929988 1684 16416 33554432 18874368 0 0 0 512 8 18876992 2 2048 3221225536 1180160 25174018 314638352 8388613 2688684032 167774240 574640312 8 0 2097152 0 0 1073741824 335552512 1032 0 2097152 4 4096 33554432 2100288 2 16416 2147483712 512 132096 16777216 2 0 256 576 1073741824 16777216 0 16384 0 524804 811041 8 512 0 2048 1073741824 131072 65544 4608 1048576 0 1073741824 18464 1073741824 131073 268959888 2 4096 2139138 2961350656 278970384 67108876 33559556 33559648 10 16779777 2 648 33817600 10880 8192 1075838976 256 2097154 2147483648 64
is_linear=0
shrinkage=0.05


Tree=7
num_leaves=64
num_cat=25
split_feature=6 14 6 14 14 7 14 12 14 14 19 5 14 14 14 21 0 14 19 12 12 34 6 14 14 14 14 33 10 14 21 21 6 33 21 21 14 14 12 14 19 7 33 30 19 31 14 19 12 34 14 14 7 31 14 14 14 6 19 21 14 31 21
split_gain=125636 17334.1 16508.6 3187.56 2570.02 2285.56 2076.15 1561.82 1296.91 851.744 851.52 711.539 619.349 610.875 605.673 601.913 527.777 450.711 442.826 428.666 705.877 404.031 396.269 365.1 359.772 358.351 342.138 334.193 316.929 293.597 282.444 427.474 279.123 275.8 270.696 423.365 260.428 254.592 482.087 299.648 247.486 245.214 236.12 236.009 230.521 227.9 226.793 224.947 210.676 237.322 289.378 231.831 201.201 200.797 200.641 192.527 192.44 188.938 186.745 184.163 183.631 181.411 198.515
threshold=2.4107142686843877 0 0.91071426868438732 1 2 7.1339285373687753 3 8.5000000000000018 4 5 1.5000000000000002 4.0714285373687753 6 7 8 48.500000000000007 3.5000000000000004 9 2.5000000000000004 63.500000000000007 15.500000000000002 -11.164939880371092 0.23214285820722583 10 11 12 13 0.97084540128707897 3.3413486480712895 14 49.500000000000007 32.500000000000007 1.553571403026581 0.91557157039642345 48.500000000000007 35.500000000000007 15 16 63.500000000000007 17 2.5000000000000004 6.1875000000000009 0.89467304944992077 13.500000000000002 1.5000000000000002 1.7099999785423281 18 2.5000000000000004 95.500000000000014 8.834165573120119 19 20 5.3125000000000009 2.2050000429153447 21 22 23 9.3035712242126483 1.5000000000000002 48.500000000000007 24 1.4600000381469729 20.500000000000004
decision_type=2 9 2 9 9 2 9 2 9 9 2 2 9 9 9 2 2 9 2 2 2 2 2 9 9 9 9 2 2 9 2 2 2 2 2 2 9 9 2 9 2 2 2 2 2 2 9 2 2 2 9 9 2 2 9 9 9 2 2 2 9 2 2
left_child=2 5 3 22 24 16 19 12 32 -3 55 18 42 30 27 41 -2 58 46 20 25 -18 -1 59 -4 -5 -14 -9 -23 -22 31 45 -6 -16 35 -15 -21 -35 56 -40 -19 -13 -8 52 -30 -12 -11 -26 49 50 -29 -50 -17 -45 -44 -7 -39 -33 -10 -20 -46 62 -43
right_child=1 9 4 6 8 10 7 14 17 11 13 15 26 34 33 43 21 40 23 36 29 28 -24 -25 47 -27 -28 48 44 -31 -32 57 -34 37 -36 -37 -38 38 39 -41 -42 61 54 53 60 -47 -48 -49 51 -51 -52 -53 -54 -55 -56 -57 -58 -59 -60 -61 -62 -63 -64
leaf_value=-0.046996253939226171 0.041265673964196066 -0.0033073669796430064 0.032321803976348706 -0.0054163599774841066 -0.0049388856443954056 0.067932296463312669 0.04810750331519701 0.057569859376931515 0.0015915319504990128 0.038995482346408136 0.076521703481139791 0.029684447915983955 -0.028955225333370405 0.065223480240168413 -0.0093621379775507725 0.032732686733165629 0.13309295493997422 -0.0091952417402671963 0.0224244192447354 0.0057535802673760236 -0.0002274542093804716 0.041912599002806396 -0.03668230160744778 0.011052922311149601 0.018144914865030736 0.031493069198282327 -0.021396391739189974 -0.045859754658765128 0.076382995788004671 -0.034471721459206094 0.10302239206615056 0.045545798303688628 0.0044533896641899455 -0.046855467694766027 0.092902145451420892 0.045048702677808632 0.042785571696066643 -0.050202571690084942 -0.034799093173681919 -0.012224808593116372 -0.018561800179800681 0.094376559274538849 0.013782573781137453 0.074667259442572853 0.050726591081607736 0.09528574597600406 0.022824472702712553 0.0059714710024926336 0.038663440707451723 0.039941284782329299 -0.01862204514049122 -0.015675360455163028 0.10579391766301534 0.14562265236260596 -0.013559141558215269 0.094199652074422005 -0.035837234387038487 0.067998358001929993 -0.0091584368138319643 0.048753116383648668 0.067624146234128268 0.031162301009358458 0.04527295394199958
leaf_weight=20106.455674052238 7482.7409280538559 2735.5036706924438 1934.1758657693863 1440.3605498075485 13924.785357713699 1130.3829431533813 173.7221302986145 131.77889335155487 4745.5550127029419 4310.5726815462112 8774.5395209789276 9929.4561985731125 26532.597945809364 9714.3286455869675 739.84572899341583 372.22962605953217 176.63663482666016 9949.5950179100037 9398.323325753212 1319.1060521602631 908.32513689994812 2738.2947090864182 17353.521783709526 10967.438198685646 5439.1341571807861 1199.421609044075 35470.57674241066 1713.3686461448669 1983.7545428276062 2056.0294839143753 915.78686881065369 1273.8924095630646 18313.842732906342 9695.7154123783112 648.92703795433044 3552.4330158233643 741.64615225791931 5017.7227029800415 3505.7189958095551 2591.3499447107315 24220.966161966324 367.34467720985413 739.232506275177 258.56270062923431 4835.1406037807465 1986.7297832965851 4643.0077840089798 12552.927882552147 241.88479375839233 124.15282845497131 2370.6302909851074 879.86379384994507 126.14951252937317 162.6993020772934 6707.1193248033524 5059.9709548950195 5010.0597771406174 3552.7811374664307 27168.627502202988 714.68280959129333 2951.8820478916168 620.48698222637177 468.8273640871048
leaf_count=19692 2960 1821 923 1005 9647 309 100 55 3281 2069 2250 4919 22622 2877 567 160 35 7489 4932 852 643 1068 15847 6353 3082 689 28518 1519 592 1644 212 406 11622 9341 169 1210 364 4846 3181 2147 18891 114 476 94 1731 469 2447 7770 156 81 1922 693 38 42 5097 1134 4616 968 19684 333 970 276 168
internal_value=-0.000271695 0.0469258 -0.0184108 -0.0296121 -0.00450795 0.0653031 -0.0252897 -0.0271829 -0.00782603 0.0237574 0.0727606 0.0255064 -0.0229822 0.06932 -0.0363245 0.0356387 0.0517983 -0.0118367 0.0213633 -0.00018046 -0.00735098 0.0580107 -0.0422071 0.0174064 0.0118626 0.0114533 -0.0246352 -0.0210215 0.0569494 -0.0240961 0.0759811 0.0744405 0.000396472 -0.0394485 0.0613209 0.0598217 0.019318 -0.0403258 -0.0363477 -0.0252822 -0.0158299 0.0324955 -0.00948731 0.0745478 0.0611631 0.0799867 0.0306792 0.00964631 -0.0230051 -0.0281374 -0.0302079 -0.00375087 0.0512434 0.1021 -0.0108444 0.0896662 -0.0431116 0.0620736 -0.00755758 0.0242615 0.0572848 0.0516536 0.0668537
internal_weight=366873 101854 265020 146770 118250 56778.2 109310 101645 98323.4 45075.3 36609.8 42339.8 69623.2 30419.4 32022.1 12305.8 20168.4 66084.7 30034 7664.89 5604.14 12685.7 37460 21080.4 19926.2 2639.78 62003.2 5461.68 12509.1 2964.35 16503.7 15587.9 32238.6 26560.4 13915.7 13266.8 2060.75 25820.6 16124.9 6097.07 34170.6 11386.1 7620.07 919.641 9770.78 10761.3 8953.58 17992.1 5329.9 4208.15 4084 1121.75 498.379 421.262 7446.35 6190.35 10027.8 4826.67 31914.2 10113 7787.02 1456.66 836.172
internal_count=250188 41126 209062 126673 82389 17360 91134 85937 70614 23766 10004 21945 56813 8561 29124 5811 7356 49345 16134 5197 3981 4396 35539 11618 11775 1694 51140 4426 4361 2287 4305 4093 21269 24698 4256 4087 1216 24131 14790 5328 26380 5477 5673 334 3293 2719 4516 10852 4371 3522 3441 849 198 136 5573 1443 9462 1374 22965 5265 2701 558 282
cat_boundaries=0 7 14 20 27 34 41 47 51 57 64 71 77 84 91 97 104 111 117 124 130 133 137 142 148 154
cat_threshold=1074462728 4608 1638400 18434 3221225472 64 16 2282881344 540673 1745102864 1209532673 336723984 134221858 4 33752072 16783680 2154823682 26656 3250602240 1075446276 1074266120 20192836 1048578 2107392 3246653504 1075446276 33 1076365360 1211237380 67240209 2418606288 10 67109120 96 339746816 1073750026 2168586933 537427984 524302 10552320 1 643825696 1207959688 107086248 302268528 32768 2491416640 1073807368 0 524288 2 79712308 1207959584 198401 2684375088 134217738 77662464 608456704 537174152 32932 33816576 786496 2694849640 3 35652608 18874624 2097154 2097152 8388928 68158208 64 65544 16781568 1048576 2048 1073742080 512 0 266244 0 0 8650752 1075314688 33 293636242 314638352 4160 4330500 134283296 574636168 136 1073741832 17826304 1048576 2048 2147483712 1074266112 1073741832 1092 0 2097152 64 4 33 304130 2994905088 278970432 67108940 33625092 33555456 10 840958080 4194440 37752864 16777344 557184 2415919312 1024 18876420 0 2149646400 4194368 68682496 32 67108880 134217728 512 48 0 8388608 67108864 0 512 33554432 134217728 131328 268451888 131072 512 1114112 2048 2147483648 553650689 4194314 33554568 319194112 640 268443664 1073872904 4096 1048576 18432 0 64
is_linear=0
shrinkage=0.05


Tree=8
num_leaves=64
num_cat=26
split_feature=6 6 7 14 14 14 14 14 6 5 14 14 19 14 14 14 14 14 6 14 14 21 21 0 34 34 14 19 19 30 14 14 14 19 19 5 7 14 21 34 19 29 19 5 13 22 19 14 22 14 7 14 14 5 21 14 7 19 34 10 5 14 14
split_gain=111234 15428.8 14212.2 2927.76 2629.86 1694.2 1691.71 1532.97 1507.17 1173.28 635.867 633.476 621.348 581.66 563.358 498.92 480.141 472.127 423.639 404.202 356.247 354.468 364.289 336.532 318.888 314.112 292.9 290.986 285.822 271.506 263.475 255.701 247.895 228.758 221.425 216.739 280.287 256.678 468.486 207.132 204.933 203.223 200.816 199.822 194.599 196.074 188.02 182.32 178.985 178.457 340.304 220.677 183.827 175.032 169.428 168.184 166.967 162.22 162.09 161.215 160.055 153.619 150.051
threshold=2.4107142686843877 0.80357143282890331 4.9017856121063241 0 1 2 3 4 1.303571403026581 1.0000000180025095e-35 5 6 2.5000000000000004 7 8 9 10 11 0.19642857462167743 12 13 33.500000000000007 50.500000000000007 5.5000000000000009 -1.0000000180025095e-35 7.8796327114105233 14 2.5000000000000004 5.5000000000000009 3.5000000000000004 15 16 17 1.5000000000000002 6.5000000000000009 0.78571429848670971 0.026785715483129028 18 46.500000000000007 -11.164939880371092 2.5000000000000004 3.5000000000000004 2.5000000000000004 1.6428571343421938 327.50000000000006 11.500000000000002 2.5000000000000004 19 5.5000000000000009 20 1.0000000180025095e-35 21 22 12.357142925262453 51.500000000000007 23 1.0000000180025095e-35 6.5000000000000009 7.8796327114105233 5.8997027873992929 4.5000000000000009 24 25
decision_type=2 2 2 9 9 9 9 9 2 2 9 9 2 9 9 9 9 9 2 9 9 2 2 2 2 2 9 2 2 2 9 9 9 2 2 2 2 9 2 2 2 2 2 2 2 2 2 9 2 9 2 9 9 2 2 9 2 2 2 2 2 9 9
left_child=1 4 7 19 18 20 12 17 11 14 27 -5 41 -11 39 33 -8 -2 -1 44 56 28 26 59 -22 49 -23 61 48 -24 -13 -17 -15 -10 -29 36 37 38 -26 -7 -25 -4 -32 -21 -3 -46 -33 -30 -14 -16 52 -52 -51 -43 -31 -38 -6 -42 -41 -18 -19 -9 -58
right_child=2 3 6 8 5 9 16 10 15 13 -12 30 21 32 25 31 23 60 -20 43 24 22 29 40 35 -27 -28 34 47 54 42 46 -34 -35 -36 -37 55 -39 -40 58 57 53 -44 -45 45 -47 -48 -49 -50 50 51 -53 -54 -55 -56 -57 62 -59 -60 -61 -62 -63 -64
leaf_value=-0.048076287138584653 0.063196222476763639 0.052787368642317894 0.086106699152733723 -0.0049233441934224027 0.047505904041449422 0.060268645100653079 0.026426385753569315 0.037316658438980049 0.014782579238992653 -0.0088710675070088115 0.0043585477219999667 -0.026473810713897108 0.05601182264135212 -0.028864528206619458 -0.044233391701689287 -0.018876630172315625 0.046720450975712681 0.030363942201210317 -0.036797916045170069 0.0019928742691311461 0.070440621896729907 0.056906809789831619 0.045967219012102059 0.06602123868121533 -0.040202821932708382 -0.0093126936197291798 0.034194540678898135 0.015259658105293665 0.08417810424383064 0.080677153843743965 -0.010242354861360345 0.0012358542699192222 -0.021579797292575326 0.00064435669861582232 0.028293859308769088 0.017205637916038161 -0.038181536947284753 0.012603639115244501 0.10119376617621473 -0.023381175319452732 0.047187100414078753 0.067097858156318843 -0.018060137882546321 0.01276867311221469 0.015798109592106178 0.051580074086490825 -0.0079907906117752218 0.065609297673458536 0.070856684152877769 -0.0364932644708931 -0.050866636647566812 -0.034559162011836106 -0.019880839923491184 0.083774186504622705 0.13320876063398354 -0.012585230370709737 -0.010559818292886186 0.064478187744083759 0.027355964808884217 0.026753713014069671 0.042879641673268964 0.023434754756605915 0.031077995417339355
leaf_weight=16425.795429825783 1638.3497344255447 598.61670851707458 3827.7306880950928 13271.433982133865 425.52095878124237 77.645576119422913 2190.6008923053741 3403.085348367691 3388.1902924776077 6224.0478057861328 6893.381150841713 6766.7166740894318 5892.2656599283218 23471.815858542919 10918.416295945644 3974.2656202316284 6456.7400153875351 8089.4583724737167 16890.678884029388 7572.2253024578094 128.26089012622833 4965.3542807102203 330.83080291748047 4148.0665467977524 572.36193680763245 910.22533965110779 2172.5636389255524 15713.964815974236 3191.9241489171982 383.34543895721436 11641.093528747559 7808.7121665477753 24192.285925149918 18386.83734023571 4110.9186508655548 674.8244115114212 1146.6902830600739 1419.725292801857 65.163529872894287 5435.0678422451019 4954.6282514333725 5386.9048688411713 27908.806047201157 9962.0218060016632 2422.6282116174698 454.65905201435089 18850.561542868614 3383.6015148162842 3101.9623217582703 3094.6031704545021 4078.7239691615105 4792.6043675541878 3844.7419856190681 2226.3001563549042 256.88955092430115 1521.1711099147797 453.74616873264313 1869.3744719028473 162.02961790561676 1199.1899057626724 3734.8613719940186 5314.8471715450287 398.80772161483765
leaf_count=16865 548 264 826 9550 193 39 1021 1555 2029 4712 4293 5711 1613 20647 10829 3118 2271 3636 15996 4721 56 1416 90 1187 460 766 733 8490 741 84 8884 5372 19865 11956 2140 434 956 862 30 4573 1681 1279 22131 5867 1265 219 13580 877 816 2913 4110 4519 3370 458 50 1163 312 565 107 444 1514 2681 209
internal_value=-0.000312208 -0.0178242 0.0431736 -0.00591471 -0.0302651 -0.0259764 0.0603858 0.0234834 -0.00912737 -0.027853 0.0180091 -0.0145678 0.067116 -0.023296 -0.0352326 -0.00294335 0.0489764 0.0378512 -0.0423458 0.0112096 -0.00192845 0.0625113 0.0540324 0.0516125 -0.00743449 -0.0381847 0.0501221 0.0213031 0.0669269 0.082767 -0.0173265 -0.00705505 -0.0251725 0.00284301 0.0179626 -0.00929924 -0.0130849 0.00078289 -0.0253392 -0.0207499 0.0572546 0.076704 -0.0157551 0.00811052 0.0267744 0.0214538 -0.00528626 0.074852 0.0611323 -0.0391821 -0.035643 -0.0421535 -0.0273708 0.0719755 0.101773 -0.0237782 0.021759 0.0519247 -0.0219119 0.0435933 0.0342885 0.0289237 0.00915952
internal_weight=365169 260332 104837 133007 127325 94008.5 55938.3 48898.9 111997 87202.2 35436.2 59588.1 35119.7 53888.1 33314.1 52408.6 20818.6 13462.7 33316.5 21010.2 6806.27 23678.7 8108.98 18628 5528.2 27639.3 7137.92 28542.8 15569.8 971.066 46316.6 30633.5 47664.1 21775 19824.9 5399.94 4725.11 2057.25 637.525 5674.74 10972.1 11440.9 39549.9 17534.2 3475.9 2877.29 26659.3 6575.53 8994.23 26729.1 15810.7 8871.33 6939.35 7613.21 640.235 2667.86 1278.07 6824 5597.1 7655.93 11824.3 8717.93 852.554
internal_count=249662 208653 41009 94667 113986 81125 16152 24857 82331 76450 19159 46276 8983 45224 31226 36055 7169 5698 32861 12336 4675 6420 2373 6148 3961 26507 2149 14866 4047 224 36726 22070 40512 13985 10630 3905 3471 1352 490 4719 3433 2563 31015 10588 1748 1484 18952 1618 2429 25741 14912 8629 6283 1737 134 2119 714 2246 4680 2715 5150 4236 521
cat_boundaries=0 6 12 19 26 33 40 47 54 60 67 73 78 84 90 95 102 109 116 120 124 131 137 143 150 157 163
cat_threshold=33752072 18880832 2154823682 26656 3242213632 1074922244 2282881344 540673 1745102928 135790985 336789504 134217762 1074266120 1093933636 65538 2123792 3229876288 68813316 32 1074331656 512 524288 2 1073741824 0 16 33752072 18879232 1638400 18432 3221225472 64 16 1076363264 134228036 2097154 2149654592 29376832 3290039044 96 541853728 135659652 164240 271057040 8650764 75563008 97 644091904 134218888 71450920 319062112 8 2424569920 1 79712308 134218752 68289793 2684358688 2097162 1084557640 1142956080 1209050116 67240193 2418606144 8912962 67637280 32 33554432 18876672 2 0 8388672 1048576 65536 512 1572864 0 1073741824 33752072 16781568 1048578 2048 1073742080 512 524288 17832448 0 2048 3221225472 131584 1073807360 0 524288 2 1073741824 85991428 315113490 1082200128 1074921472 135463024 37748864 4 268468865 2147483696 302060552 620889092 5764 81936 128 25167890 310444048 8393732 1614942208 134217776 574640280 12 1073741824 0 0 16400 1073741832 0 524288 2 268738562 2961350656 276877312 1157627908 33559572 33559552 14 553650689 4194306 33555080 302416896 640 268443648 572523648 33554432 23068672 32832 557056 2415919232 8 2097152 2 2105360 8388608 4 32 524288 2052 0 64 256 525056 32 0 1051136 0 2048 0 512
is_linear=0
shrinkage=0.05


Tree=9
num_leaves=64
num_cat=29
split_feature=6 6 14 14 7 14 12 0 14 6 14 14 14 14 34 14 14 14 6 21 19 14 10 13 14 12 34 19 19 19 9 14 14 22 33 14 14 14 0 31 33 12 14 11 12 14 13 14 12 14 14 14 21 14 14 14 19 10 19 14 14 22 19
split_gain=98476.5 14917.2 11674.6 2955.13 2310.14 1902.06 1365.76 1308.06 1069.78 870.257 693.572 581.36 545.361 509.382 506.516 476.047 464.517 462.45 413.106 377.055 349.001 339.886 328.249 316.143 311.901 296.604 294.197 292.57 277.356 270.275 247.4 242.621 235.91 233.736 228.561 227.9 221.43 220.659 218.593 216.609 248.357 214.567 213.051 341.571 209.815 299.77 287.516 206.073 402.086 260.535 196.218 196.034 194.959 222.779 198.747 193.874 193.463 189.749 189.375 186.767 180.29 174.708 185.732
threshold=2.4107142686843877 0.87500000000000011 0 1 1.5446428656578066 2 8.5000000000000018 8.5000000000000018 3 3.5892857313156132 4 5 6 7 -1.0000000180025095e-35 8 9 10 0.23214285820722583 32.500000000000007 1.5000000000000002 11 4.2274420261383066 221.50000000000003 12 7.5000000000000009 7.8796327114105233 2.5000000000000004 1.5000000000000002 2.5000000000000004 3.2144473791122441 13 14 10.500000000000002 0.92542046308517467 15 16 17 3.5000000000000004 1.8050000071525576 1.0016598701477053 230.50000000000003 18 0.30357143282890325 83.500000000000014 19 729.50000000000011 20 63.500000000000007 21 22 23 49.500000000000007 24 25 26 2.5000000000000004 3.7393571138381962 1.5000000000000002 27 28 11.500000000000002 2.5000000000000004
decision_type=2 2 9 9 2 9 2 2 9 2 9 9 9 9 2 9 9 9 2 2 2 9 2 2 9 2 2 2 2 2 2 9 9 2 2 9 9 9 2 2 2 2 9 2 2 9 2 9 2 9 9 9 2 9 9 9 2 2 2 9 9 2 2
left_child=1 3 7 18 8 21 16 12 30 13 24 14 22 58 -8 51 31 -10 -1 39 -9 33 -2 57 -6 28 47 36 60 59 -3 -7 -31 -5 -23 -22 -19 -29 -25 42 -41 -36 43 -14 55 -46 -47 -13 50 -50 -49 -11 54 -54 -30 -16 -24 -17 -4 -18 -12 62 -40
right_child=2 4 9 5 10 6 11 20 17 15 25 26 19 -15 44 23 29 27 -20 -21 35 34 56 38 -26 -27 -28 37 52 32 -32 -33 -34 -35 41 -37 -38 -39 61 40 -42 -43 -44 -45 45 46 -48 48 49 -51 -52 -53 53 -55 -56 -57 -58 -59 -60 -61 -62 -63 -64
leaf_value=-0.046508352656792949 0.039251895241950739 0.0078237956977578998 0.031864687586203221 0.023897053620875627 0.029145775170859058 0.027175205391322406 0.086250464029692067 0.073472510241630692 -0.0052914904058438822 -0.032767726308714759 0.02412972176027715 -0.044921196729289917 0.057258380894444322 0.0067517408163628488 -0.043840885918727174 0.030058266749956687 -0.025006997206874423 -0.00052736991244690967 -0.035445863133825653 0.03050776390864653 0.063930209884250563 0.041715840921161346 0.067998871339240763 0.024505908851637781 0.0096895125061697042 -0.0315345823012365 -0.0098738263667380328 -0.02499512871776154 -0.012816898613079731 -0.030078143327714038 0.059791169451258133 -0.012506494873944233 -0.02215138063028161 -0.036893681720528142 -0.0094530851586394002 0.052104899428697997 -0.013262952637229887 -0.014851183030815986 0.045803702618221871 0.0062360421029742765 0.044678042434850268 0.076878399905698613 0.043023240636937049 0.11896351412926948 -0.030044894099535438 0.052240552628253695 -0.0082582085608461624 -0.050179435184917624 -0.010678234366492711 -0.033013566128480262 -0.034636813675459781 0.017242804914287223 0.035109935468352137 -0.0024478684695126841 -0.00053358367839527064 -0.020129858974310532 0.0541151334131664 0.06599720958128219 0.01897857800203176 -0.013796852735214589 0.004083634332562364 0.061143975611865665 0.029100801979785484
leaf_weight=18025.713005781174 3083.0322753190994 6096.3643283843994 3376.944657087326 1678.1048853397369 2427.2311052083969 398.11596167087555 109.44440031051636 6278.5782699584961 19960.489281415939 198.60984539985657 1801.3960013389587 9749.9094906449318 2567.6318980455399 8912.3431153297424 1363.9953849315643 537.61330890655518 6102.0749875307083 5553.53289103508 15872.770112752914 5570.6304790973663 13591.58394908905 237.132777094841 3236.0711824893951 5942.5283731222153 13652.581181049347 733.78736841678619 888.21634960174561 6736.618458211422 3916.4121814966202 17990.739681720734 237.86539709568024 7285.8793633580208 20561.169316649437 174.48064661026001 5691.9586040377617 6920.6396602392197 8877.6188921928406 27462.386292874813 2547.1333594322205 605.45039474964142 1372.9695813655853 72.794724464416504 3462.8299006223679 245.76080632209778 747.09645855426788 304.06689393520355 554.14858627319336 4091.2476596832275 2081.7529618740082 3646.8354307413101 4630.8291336894035 3727.998215675354 750.02194559574127 826.52550137042999 20437.39104783535 2525.9678985476494 11202.399497866631 1160.8916693925858 18319.247268676758 9814.1732260584831 2982.6294676065445 693.44301772117615 4805.3128741979599
leaf_count=19190 1033 3836 1582 925 1147 236 41 1353 14286 143 1041 10074 777 5318 1266 236 5355 4028 15425 2009 3220 132 727 2700 8248 535 750 5652 2789 16141 116 5699 17361 132 4212 1998 6886 21470 1001 253 454 33 1105 75 648 201 409 4298 1766 3510 4519 1920 440 549 13580 2147 2994 388 9487 8145 1916 226 2077
internal_value=-0.000198206 -0.0170509 0.0397798 -0.0285395 -0.00442275 -0.0242319 -0.0262316 0.0550333 -0.00989248 0.0221069 0.00419995 -0.0348639 0.0481088 0.0168425 -0.0201754 0.0303335 -0.0219728 -0.0117072 -0.0413163 0.040531 0.0631556 -0.000590482 0.0540338 0.0342316 0.0126429 -0.000121017 -0.0381219 -0.0143389 0.000629535 -0.0235967 0.0097608 -0.0104176 -0.0258641 0.0180724 -0.00637179 0.0599973 -0.00837152 -0.0168611 0.0317796 0.0473439 0.0329147 -0.00836162 0.0518917 0.0624307 -0.0223332 -0.00712412 0.0130284 -0.0391744 -0.0352413 -0.0249736 -0.0420251 0.0146357 -0.00141132 0.015628 -0.00251443 -0.0286094 0.0572273 0.0546242 0.0209747 -0.0181192 0.0116912 0.0371514 0.0348878
internal_weight=365411 257051 108360 134599 122453 100700 92845.7 58137.6 74924.9 50222.1 47528 30693.5 31346.8 30608.5 5604.72 19613.5 62152.2 68590.6 33898.5 13825.3 26790.8 7854.47 17521.5 15686.9 16079.8 31448.2 25088.8 48630.2 30714.4 54468.2 6334.23 7684 38551.9 1852.59 6001.89 20512.2 14431.2 34199 13988.4 8254.64 1978.42 5764.75 6276.22 2813.39 5495.28 1605.31 858.215 24200.6 14450.7 5728.59 8722.08 3926.61 25930.4 1576.55 24353.8 3889.96 14438.5 1698.5 21696.2 15916.2 4784.03 8045.89 7352.45
internal_count=250210 209134 41076 122615 86519 88000 82566 15998 56274 25078 30245 29629 9427 16387 4712 8691 52937 52322 34615 4673 6571 5434 4754 6628 9395 20850 24917 38036 20315 47002 3952 5935 33502 1057 4377 5218 10914 27122 6004 2664 707 4245 1957 852 4671 1258 610 24167 14093 5276 8817 2063 17358 989 16369 3413 3721 624 11069 13500 2957 3304 3078
cat_boundaries=0 7 14 21 28 34 41 48 55 62 69 76 82 88 92 98 105 111 118 123 129 136 143 149 155 161 167 171 178 185
cat_threshold=1074462728 4608 1638400 2050 3221225472 0 16 2282881344 540673 1745102928 1209532673 336723968 134217890 4 1078460424 154409548 1048578 2107392 3246653504 1704452 32 36310016 3148864 2151809280 2646048 2172665856 1704516 96 1075905544 153131266 2221932546 2151688704 4210944 1140982528 67129396 1056 197889 2684375088 134225930 1143015752 1 1073807368 4096 524288 2 1073741824 0 16 35660800 18877700 2097154 2149605440 12583236 68817728 96 67117072 1036 71303682 2149580848 4 1141440512 96 639635456 1073906816 56754472 268714096 8 2156202048 1 266288 151388164 2129973 268501136 4456520 3231712544 3 524288 17832448 1048578 2048 3221225472 131584 66568 16781568 1048578 2048 256 512 33554432 1024 256 16416 16818322 2462122032 8392708 4330500 134217776 37777432 1073807368 512 524288 2 0 0 16 1073791105 98440 83886080 2298741824 1109952518 339810312 1098940545 2521301008 42013248 537920512 135267890 37748736 4 0 512 65536 2048 2147483648 0 0 131328 16400 0 64 40962 2952962050 276873216 84017228 33625108 37753856 10 16779777 16 33555080 302253056 2688 545267712 128 553912833 12582912 33555080 302285824 640 268443664 8192 8 4194304 0 0 65536 570949632 1074003968 131856 557088 2156396544 538445824 537399825 128 302203448 687898660 2149843076 2415919200 67108880 1024 0 48 293865474 33628176 8427136 553783296 33622032 603983896 138 4472848 1320004 512 540768 2621506 3670020 33
is_linear=0
shrinkage=0.05


Tree=10
num_leaves=64
num_cat=27
split_feature=7 7 9 14 14 14 14 14 8 7 14 14 14 14 14 12 0 14 22 14 14 14 11 19 14 31 12 34 12 25 5 30 0 34 14 19 14 12 19 14 21 31 13 29 12 14 21 21 14 13 5 14 11 13 14 19 5 14 14 14 14 34 30
split_gain=85111.1 14101.7 10799.6 2750.93 2347.72 1511.48 1340.54 1237.43 1227.12 1212.86 669.097 655.031 608.418 532.737 475.96 455.889 450.785 402.139 382.139 544.928 361.604 338.219 322.273 320.031 293.207 277.148 352.054 269.589 265.91 264.556 255.726 255.446 252.242 233.593 293.78 232.617 227.671 464.673 224.125 258.949 223.866 211.719 316.659 205.061 200.66 197.626 295.701 249.495 194.726 193.429 192.707 191.219 187.542 185.058 184.258 180.471 179.603 170.137 169.301 165.791 161.071 235.8 160.105
threshold=2.0446429252624516 4.5267856121063241 1.0773633718490603 0 1 2 3 4 1.0000000180025095e-35 1.2589285969734194 5 6 7 8 9 61.500000000000007 10.500000000000002 10 11.500000000000002 11 12 13 0.87500000000000011 2.5000000000000004 14 1.8050000071525576 8.5000000000000018 7.8796327114105233 89.500000000000014 15 1.7857142686843874 12.500000000000002 2.5000000000000004 -1.0000000180025095e-35 16 2.5000000000000004 17 63.500000000000007 2.5000000000000004 18 49.500000000000007 5.1949999332427987 646.50000000000011 5.5000000000000009 7.5000000000000009 19 36.500000000000007 5.5000000000000009 20 227.50000000000003 0.78571429848670971 21 0.16071429103612903 159.50000000000003 22 2.5000000000000004 4.2142856121063241 23 24 25 26 11.478519439697267 16.500000000000004
decision_type=2 2 2 9 9 9 9 9 2 2 9 9 9 9 9 2 2 9 2 9 9 9 2 2 9 2 2 2 2 9 2 2 2 2 9 2 9 2 2 9 2 2 2 2 2 9 2 2 9 2 2 9 2 2 9 2 2 9 9 9 9 2 2
left_child=2 6 3 22 21 16 18 15 11 10 -6 28 50 -7 -10 33 29 -11 25 31 -12 -4 -1 -14 -17 45 56 36 60 -3 -23 -20 -15 -5 -35 48 -13 51 39 -19 53 42 49 62 59 -2 47 -47 -16 -30 -8 -38 -49 -18 -22 -34 -27 -37 -40 -25 61 -9 -31
right_child=1 5 4 7 9 13 12 8 14 17 20 27 23 32 35 24 40 38 19 -21 54 30 -24 44 -26 26 -28 -29 41 43 -32 -33 55 34 -36 57 37 -39 58 -41 -42 -43 -44 -45 -46 46 -48 52 -50 -51 -52 -53 -54 -55 -56 -57 -58 -59 -60 -61 -62 -63 -64
leaf_value=-0.036561930984725821 0.024362885522970699 0.0098718822688122279 0.032809215678585517 0.062993700127067093 -0.0041229093473624809 0.021080052130046375 -0.034132869434077187 -0.044224755426223089 -0.010022722926206715 -0.017510283802788303 -0.029053049673945366 -0.044556193237647403 0.019850469714777622 0.028587274024633232 -0.026741928309343223 -0.0084815082037198904 0.082143384586135446 -0.0048502892868059911 0.052030736528700584 0.025484934367233082 -0.020230814281519852 0.0019413514356858182 -0.047030606668734397 0.013579843341315054 0.031377750440556275 0.016964838411915574 -0.031870494607871079 -0.0095044971696327668 -0.01932847878527133 0.053702067905809447 0.015218396992252376 0.10277953563994791 0.053188812912001462 -0.033722673240753752 -0.0063175227876431997 -0.030074419801266634 -0.049365709187857522 -0.022424157580902861 0.00022512892125112303 0.010145667978376838 0.089586837053807933 -0.055517486951602135 -0.0095894410904694503 0.047363326667978517 -0.030297170640994395 0.02230912125982672 0.0093507649221747178 0.041793221236284941 -0.013769062769806772 0.065447771151113776 -0.0028599524160082854 -0.033726056054626884 0.075798811756668791 0.058529067605294818 -0.013126968178722755 0.040865804269451168 0.031209530946914216 -0.022609739021931249 -0.007747824287404702 0.0051730729023066642 -0.01731278199199646 0.042569506739567456 0.070165598426234113
leaf_weight=15044.27049434185 4307.0589438676834 415.69839656352997 1550.3519307374954 102.16447961330414 12008.292824566364 3824.5920584201813 562.35849368572235 1275.493844807148 7983.6058309078217 4646.6532467007637 5828.5119798779488 9662.1304244995117 10920.738037824631 2876.6857521533966 4231.8248061537743 738.46487081050873 874.63358545303345 4985.3018161058426 609.66951632499695 1708.292685508728 14406.566883563995 7588.1519416570663 14383.047386705875 14084.76961016655 1215.7401320934296 9423.6528754234314 331.87074196338654 825.61653542518616 87.373233437538147 8686.3006389141083 6946.9030218720436 418.38853824138641 4416.5778081417084 1306.3751410841942 3864.8660098314285 12950.633739173412 4124.727297604084 5130.5333291292191 11377.31414103508 6791.131976544857 651.89181900024414 145.83021402359009 795.40468871593475 14847.826496124268 311.67660248279572 593.91810822486877 557.65235233306885 751.42755270004272 9468.1508257985115 291.97500813007355 3966.8405417203903 4240.1114020943642 881.84237265586853 16343.371899366379 25615.153478682041 9089.7616384029388 2892.1195063591003 20019.174231350422 16058.758256435394 10118.427072882652 2737.2594190239906 83.290258169174194 1780.8049930334091
leaf_count=15396 1913 117 762 44 8857 1707 436 1232 6176 3645 5387 10390 5617 1043 3816 505 174 3465 216 729 12233 4778 15980 7713 624 4603 219 718 73 2181 3992 116 1252 1070 2885 11924 4502 4794 7706 4321 127 148 604 3813 229 208 254 278 7915 175 2603 4254 307 3619 20409 2966 1251 17252 11629 6070 2381 51 424
internal_value=-0.000279861 0.0329172 -0.0178518 -0.0283624 -0.00708193 0.0494478 0.0160246 -0.0240667 -0.0257753 -0.0098884 -0.014643 -0.0340155 0.0105215 0.0380586 -0.0213473 -0.00418891 0.054705 -0.00361844 0.0257936 0.0433159 -0.0173935 0.0106645 -0.0416646 0.0127276 0.016433 0.0233774 0.0189407 -0.0375655 -0.0181938 0.05048 0.00828136 0.0719917 0.0420067 -0.011839 -0.0133186 -0.0232774 -0.0385821 -0.0342462 -0.00196726 0.00380196 0.0608188 0.00128328 0.00833848 0.0511227 0.0095597 0.0312895 0.0417635 0.0500658 -0.017806 0.0459218 -0.0067287 -0.0415378 0.0601572 0.0597291 -0.0156886 0.0448958 0.0203102 -0.0255579 -0.00444432 0.0100731 -0.0245175 -0.0386175 0.0565037
internal_weight=364760 126249 238511 120708 117803 63808.1 62440.7 91280.7 84053.1 101718 57858.5 29399.7 39964.8 20207.6 54653.4 7227.61 43600.5 43859.2 22475.9 2736.35 45850.2 16085.4 29427.3 35435.6 1954.21 19739.5 12647.6 23983.1 5416.63 25730.6 14535.1 1028.06 16383 5273.41 5171.24 46669.8 23157.5 13495.4 39212.5 11776.4 17869.9 1320.58 1174.75 25314.9 24514.9 7091.9 2784.84 2227.19 13700 379.348 4529.2 8364.84 1633.27 17218 40021.7 13506.3 12315.8 32969.8 27436.1 24203.2 4096.04 1358.78 10467.1
internal_count=250278 50185 200093 112909 87184 17423 32762 81533 76405 77652 46886 29322 22668 6968 47083 5128 10455 30766 10094 1061 38029 9532 31376 19629 1129 9033 6073 24658 4664 6535 8770 332 5261 3999 3955 40907 23940 13550 27121 7786 3920 1000 852 6418 14012 2960 1047 793 11731 248 3039 8756 585 3793 32642 4218 5854 29176 19335 13783 3664 1283 2605
cat_boundaries=0 6 12 19 26 33 40 47 54 60 67 74 81 88 94 99 100 107 114 121 128 135 141 148 154 161 168 172
cat_threshold=2284978496 573441 1747200016 1209532673 336723984 134217730 34210816 18881600 2152726786 2646016 3233825088 1075446276 1074331656 4608 524288 2 1073741824 0 16 197640 18879232 1638402 18432 3221225728 525120 16 1073758248 1093929540 2 10256 3229892680 1075249668 32 537135152 135528580 131120 268730480 557068 2223046976 97 79695892 1024 68355841 2954907680 136314882 2623816 1 876619792 1073742858 16941088 536903696 2621454 2149650464 1 33554432 18874624 2 16 8388928 1073873408 641990656 134349832 4325800 270860896 4231170 2147486784 65 2155905536 65592 33621512 151160324 38020 335888 132 0 2097920 2 0 1073741824 0 16 293601728 42483729 1744836608 1048833 68354096 167772290 4 34210816 16781312 1048576 0 2147483648 512 1073741824 68 0 16 64 137498626 0 18874368 2 8208 8388608 516 32 40962 2961317888 276873280 83918924 33625092 33559584 14 876873780 536879106 285245621 4456576 2359296 882902016 2 8 4352 0 16384 256 256 16 268437522 33619984 8458817 541200520 67584 536875152 142 553912833 4194306 16781480 33948672 8832 272637968 1142980613 272629794 8389189 1614938112 134223488 4200504 136 43010 2462122128 69700 4345860 134219812 574640288 1411393572 1611792388 69369985 2151678144 50332162 536875264 66 1109917728 10244 2097280 2418024448 25165888 68289536 64 67108880 1024 512 32
is_linear=0
shrinkage=0.05


Tree=11
num_leaves=64
num_cat=26
split_feature=6 14 6 14 14 14 7 6 6 12 14 14 14 12 19 14 21 7 14 34 13 14 8 0 19 14 12 14 14 19 14 20 7 12 14 34 21 19 19 19 6 9 14 33 14 19 14 14 33 34 31 14 6 10 14 13 14 6 14 14 41 14 14
split_gain=78728.5 11923.7 10247.8 2335.96 1906.79 1554.19 1226.52 1124.11 867.747 789.953 523.222 517.322 514.095 451.435 437.656 436.837 379.728 378.839 368.928 365.479 363.679 362.637 354.49 304.304 301 298.623 296.159 683.188 277.343 274.977 269.601 293.229 258.656 268.236 258.309 250.73 245.858 244.296 237.685 230.131 224.224 218.326 213.421 208.098 201.496 200.018 198.437 196.588 192.6 191.123 188.218 180.309 175.903 169.681 165.961 182.297 162.85 151.777 150.094 141.612 137.549 135.616 134.321
threshold=2.0178571939468388 0 0.69642856717109691 1 2 3 7.1339285373687753 1.2321428656578066 2.803571462631226 7.5000000000000009 4 5 6 61.500000000000007 2.5000000000000004 7 49.500000000000007 0.20535714179277423 8 -1.5376359224319456 317.50000000000006 9 0.85811600089073192 2.5000000000000004 6.5000000000000009 10 63.500000000000007 11 12 2.5000000000000004 13 24.500000000000004 1.116071403026581 9.5000000000000018 14 -11.164939880371092 49.500000000000007 1.5000000000000002 6.5000000000000009 2.5000000000000004 12.375000000000002 3.9065641164779668 15 0.97084540128707897 16 2.5000000000000004 17 18 0.89467304944992077 7.8796327114105233 3.0000000000000004 19 8.3035712242126483 2.2779290676116948 20 317.50000000000006 21 4.3392858505249032 22 23 1.5000000000000002 24 25
decision_type=2 9 2 9 9 9 2 2 2 2 9 9 9 2 2 9 2 2 9 2 2 9 2 2 2 9 2 9 9 2 9 2 2 2 9 2 2 2 2 2 2 2 9 2 9 2 9 9 2 2 2 9 2 2 9 2 9 2 9 9 2 9 9
left_child=2 6 3 13 25 17 23 11 21 10 -7 48 19 20 -8 -10 29 -5 -9 -11 -1 -3 47 54 36 53 34 43 -13 52 -18 50 42 -34 -14 -25 40 -20 58 51 -16 -37 -27 -28 -39 -30 -12 -22 -6 -21 57 -23 61 -4 55 -2 -24 -32 -31 -41 -43 -17 -40
right_child=1 8 4 5 7 9 14 18 15 12 46 28 26 -15 24 16 30 -19 37 49 22 39 56 35 -26 32 27 -29 45 38 31 -33 33 -35 -36 41 -38 44 62 59 -42 60 -44 -45 -46 -47 -48 -49 -50 -51 -52 -53 -54 -55 -56 -57 -58 -59 -60 -61 -62 -63 -64
leaf_value=0.027430519626612089 0.045604080442091646 -0.0053268204488669561 0.066425071245835271 -0.046973365674174192 0.062087509082372871 -0.0028886291926240384 0.057674683858111621 -0.018655063633238884 0.0044287973522107492 0.049850537196840849 -0.028593420413347698 -0.02637231759496908 -0.050082356158155199 0.021692770124636926 0.039841746480710316 0.039130185075571734 0.016001329114167108 -0.035376154136202001 0.0053482655707870266 -0.024383335235051408 -0.043004217428363606 0.025265412985890103 0.03936061673752328 0.088630135714913127 0.056429547215106103 0.073539968004252998 -0.0051460019932118954 -0.018748893602262989 -0.010490119655959943 0.010151469669040831 0.044016873758176478 0.015158339227208779 0.0060032125429926551 -0.027712142315196992 -0.035433361752434549 0.033591740135949032 0.067228091749993668 -0.00018396472841485773 0.015010915580948987 0.013762591611545414 0.051348853463662303 0.046230358823645873 0.018351605511721155 -0.04652885718497915 -0.0078101120960293521 -0.017775706395042622 -0.020989193550984192 -0.014322458216868837 -0.0065819844728415332 0.021075260988382465 0.11937787771360929 0.010216710379171901 0.0672414912040218 0.019033845076155839 0.033157252253815848 0.0097508402373193762 -0.0025522459004592339 0.092046669037376211 0.01978263106941713 0.0045130319149056276 0.01395468961778709 0.023845482303926916 0.034513125783359605
leaf_weight=622.27771496772766 434.64220857620239 3821.5747203826904 325.80389606952667 14562.175117015839 102.796546459198 3096.0326086878777 14166.227156877518 4328.2740421295166 3742.4532482624054 179.80493021011353 15786.409041643143 6966.0910964012146 5668.3106830120087 1660.3073929548264 15433.459766387939 1912.0156074762344 568.54329514503479 13640.31789457798 6794.2557697296143 5598.4954172968864 776.92096394300461 4246.338644862175 358.02997827529907 259.00851655006409 6483.5913922786713 194.93036890029907 323.94184529781342 5735.617166519165 13380.046865224838 7700.2745277881622 440.67536592483521 283.16280972957611 11970.816794991493 620.41166496276855 7186.1967048048973 8823.6099625825882 1101.5187995433807 13824.991517424583 1339.5801492929459 6630.0496033430099 5836.0892088413239 7954.0016672611237 1427.2945436239243 4888.7340862751007 23213.598250150681 31839.831289231777 19785.978310227394 2664.8534828424454 13373.480673253536 241.10522031784058 179.26842188835144 3833.3701918125153 282.04050779342651 449.49972569942474 4169.2501536607742 1922.2612054347992 629.55524015426636 262.73078000545502 8726.962503194809 11077.804680466652 344.50554311275482 7131.503982424736 2936.681778550148
leaf_count=412 155 2586 134 16795 62 2359 2827 3538 2238 72 15077 6425 6479 916 4065 795 247 14346 4465 4958 700 2133 200 47 1408 86 287 5455 10743 3881 180 110 7160 446 7596 2895 224 9207 674 3691 1366 2284 842 5435 17085 26864 17529 2104 9966 156 33 2124 84 203 1436 785 474 72 4087 6760 121 3162 1304
internal_value=-0.000221365 0.0306048 -0.0177497 -0.0294729 -0.00833881 -0.0314513 0.0454239 -0.0105458 0.0153636 -0.0273699 -0.022658 -0.0148023 -0.0334885 -0.00092366 0.0504766 0.0206369 0.0225381 -0.0413498 -0.00474489 -0.0203102 -0.00835905 0.00904526 -0.0133876 0.0363505 0.0469425 0.00842267 -0.036797 -0.0307685 -0.0170571 0.0212312 0.0452929 0.0589323 0.00675813 0.00434174 -0.0419598 0.0398072 0.0441927 -0.00336626 0.0180199 0.0111729 0.0429994 0.0390682 0.0255537 -0.0438731 -0.00496575 -0.0156166 -0.024371 -0.0209645 -0.00605323 -0.0225061 0.0736393 0.0181698 0.0283604 0.038459 0.0271437 0.0162951 0.0130176 0.0619671 0.0152863 0.00798657 0.0448906 0.0271471 0.0285202
internal_weight=364260 132043 232217 103405 128812 96693.1 66928.2 113823 65115 68490.6 38668.4 65662.2 29822.2 6711.94 43020.9 35505.9 31763.4 28202.5 48161.1 6019.41 5051.64 29609.1 4429.36 23907.3 28854.7 14988.8 23802.8 10948.3 52186 30029.1 1734.38 1165.84 14213.5 12591.2 12854.5 17381.1 22371.1 43832.8 20703.5 25787.6 21269.5 17122.1 1622.22 5212.68 37038.6 45219.9 35572.4 3441.77 13476.3 5839.6 882.675 8079.71 9325.56 775.304 6526.15 2356.9 987.585 703.406 16427.2 17707.9 8298.51 9043.52 4276.26
internal_count=250350 51774 198576 101350 97226 96544 17613 88355 34161 65403 34965 54060 30438 4806 9890 16867 14629 31141 34295 5186 3890 17294 3478 7723 7063 8871 25252 11177 44032 13987 642 395 8534 7606 14075 5347 5655 30757 9946 14708 5431 5300 928 5722 26292 37607 32606 2804 10028 5114 285 4257 4041 337 2376 940 674 252 7968 10451 2405 3957 1978
cat_boundaries=0 7 13 20 26 33 40 47 53 60 67 71 78 85 91 98 102 108 115 121 127 131 137 143 149 156 163
cat_threshold=1074462728 4608 1638400 18434 3221225472 64 16 4734984 1093672516 65538 10240 3221487682 1144914436 34210824 151001408 2148532482 2648096 2160083200 1074921988 32 2282881346 9043969 1745102928 135790985 336723968 134217730 1711538176 671121544 74580232 302334064 8945664 2147484672 33 541329440 1442956 4358193 268435472 1090781196 612433920 67 1149243444 32 67241729 2686451760 144711688 8456520 33 339748912 1209008136 2235695616 807927920 16793610 78848 293634689 2147483664 33625096 553780224 1073755812 570441808 128 541081600 1073774730 285261828 537494164 786436 10488864 35 131080 16781568 1048576 2048 304129024 2952830976 274776064 1073741892 34181124 33559584 10 83894336 46678034 1753288708 1184000 135462992 33554560 12 2098176 16779268 2097152 0 256 655360 553912833 2151677954 276824200 386302976 5780 268444704 4 33554432 0 0 16384 10272 1345717248 73433089 2415984848 74 67637504 268470288 302071824 8388609 3225554944 167837728 541085880 2 0 18875392 2 0 0 4 100664336 154280004 4194304 2149580864 4194560 3290039044 1074266120 0 1048576 16384 0 18877504 65538 0 64 1049092 2097152 2100292 256 8192 256 1141375748 2098208 16787520 2097282 2105344 25166080 604046080 33554432 16777216 0 65536 4 524544 32 2097152 2098176 2097152 0 4194304 1141506308 96
is_linear=0
shrinkage=0.05


Tree=12
num_leaves=64
num_cat=28
split_feature=7 7 5 14 14 14 14 7 14 12 14 14 14 14 19 14 14 34 14 7 33 12 21 30 21 5 19 33 12 13 14 14 12 14 14 21 21 14 14 21 21 12 14 14 14 12 31 19 33 19 14 9 19 14 14 14 5 14 21 14 14 10 19
split_gain=68350.1 10955 9048.26 2420.87 2105.38 1506.36 1240.37 1207.23 1162.42 804.701 689.483 627.334 452.832 412.187 412.118 397.065 394.357 379.75 368.08 345.899 339.655 335.913 330.474 482.942 453.577 316.631 264.153 263.368 262.799 314.23 281.668 250.697 434.922 280.446 268.836 240.336 239.019 236.391 220.916 220.678 235.72 218.019 256.864 217.854 205.658 202.732 210.918 202.081 200.068 198.543 194.416 187.826 186.872 216.166 182.245 180.602 178.773 176.985 169.817 164.633 162.866 159.293 154.227
threshold=1.9375000000000002 4.5267856121063241 0.6428571641445161 0 1 2 3 1.116071403026581 4 7.5000000000000009 5 6 7 8 1.5000000000000002 9 10 7.8796327114105233 11 0.18750000000000003 0.91557157039642345 65.500000000000014 50.500000000000007 3.5000000000000004 36.500000000000007 4.7857143878936776 2.5000000000000004 0.97084540128707897 8.5000000000000018 227.50000000000003 12 13 63.500000000000007 14 15 25.500000000000004 33.500000000000007 16 17 18.500000000000004 7.5000000000000009 61.500000000000007 18 19 20 230.50000000000003 1.7099999785423281 2.5000000000000004 0.9471459984779359 2.5000000000000004 21 4.8830232620239267 2.5000000000000004 22 23 24 0.6428571641445161 25 32.500000000000007 26 27 5.4877667427062997 6.5000000000000009
decision_type=2 2 2 9 9 9 9 2 9 2 9 9 9 9 2 9 9 2 9 2 2 2 2 2 2 2 2 2 2 2 9 9 2 9 9 2 2 9 9 2 2 2 9 9 9 2 2 2 2 2 9 2 2 9 9 9 2 9 2 9 9 2 2
left_child=2 6 3 19 47 41 25 11 14 16 21 48 56 39 -3 -13 -7 20 -9 -1 -12 27 24 -24 35 28 -14 -11 30 -30 -2 -22 34 -34 -33 43 -15 -29 -27 40 -10 44 -43 -16 -5 46 -44 -4 -6 50 -32 -41 57 -54 -42 -26 -8 -20 59 -37 -18 -38 -51
right_child=1 8 4 5 7 9 12 18 13 10 17 15 26 36 22 -17 60 -19 52 -21 31 -23 23 -25 55 38 -28 37 29 -31 49 32 33 -35 -36 58 61 -39 -40 51 54 42 45 -45 -46 -47 -48 -49 -50 62 -52 -53 53 -55 -56 -57 -58 -59 -60 -61 -62 -63 -64
leaf_value=-0.046586524215591257 0.041124741967424029 0.056367233725332755 0.023071626813796171 -0.01152441500981642 0.041255304598904446 -0.027288190980290252 -0.033305730341695268 -0.015763851872228181 0.022840545138357409 0.051351724665805856 -0.0011589081529490076 -0.027618822983268222 0.016481454331373824 0.04048754860200654 0.033430959151456073 -0.015111574648878537 -0.0091623772933119157 -0.0050870743960959525 -0.0061241100859695747 -0.035201650772261082 -0.044407505826966398 0.00071806273925916376 0.029037260414289057 0.084956887773920908 0.021612943477332256 0.047675278402828924 0.0063513114001750503 -0.040685725950702606 0.076315269048114809 -0.027540079524672502 0.015628081141489454 -0.047750349645001779 -0.031733152245306893 -0.0087643558264825904 -0.030386740993183409 0.035424269811500091 0.030633791992891169 -0.015501767804459868 0.024760087001012857 0.019619741903608507 -0.024768497170583693 0.041355791464816889 -0.040920657138607527 0.046190132134199147 0.011919592075604633 0.076603725333835831 0.011415856082190231 0.0084727162797288719 -0.0034547072327197679 0.012722890957348932 0.031130959658999254 0.047061926268922777 0.00050991351132400752 -0.008026042204183622 0.01620010823938095 0.037689771733389776 -0.0030162380780378753 0.0059898436542634203 0.043683339703578107 0.062185739318709909 -0.019110381773864871 0.0037025934430574936 0.023941506668347264
leaf_weight=13277.563529968262 1379.8861567974091 8123.6085782051086 3420.7229781150818 3382.9024253487587 258.33938443660736 15306.784925580025 537.84003472328186 6221.4267494678497 1329.9530185461044 111.05865395069122 663.94326627254486 7545.4232708215714 9349.9388340711594 10297.591936588287 4696.5339946746826 41122.98330694437 5189.3765707612038 1007.1764894127846 4451.6394126415253 13414.689064264297 8478.6344165205956 1973.4331445097923 591.82342743873596 1111.4600946903229 2480.4800825119019 1554.5590035915375 20643.69970202446 1693.4464303255081 83.999100089073181 543.69370996952057 3707.9374653100967 5150.3860530853271 3248.9048992395401 2288.3765390515327 4256.2695454359055 773.18300580978394 5090.9569849967957 2159.6845440268517 3587.2925782203674 1760.7187467813492 663.74314332008362 613.96538877487183 302.45652711391449 14864.674183368683 1283.2129327058792 78.060379981994629 529.16105425357819 7720.4423722028732 7859.587760746479 14742.09412419796 4668.4498279094696 965.56719589233398 11699.969697952271 20269.731147944927 446.78371667861938 6948.0161037445068 5159.2480767965317 9294.8452778458595 2977.3263895511627 4649.0212330818176 21156.066275954247 615.47536587715149 3867.329293012619
leaf_count=15936 469 1518 1843 2603 158 14795 434 5055 535 40 547 7421 4835 3009 1160 35083 4014 861 3165 14503 9881 1480 139 197 735 519 12068 1644 38 369 1759 5957 3352 2040 4418 179 1638 1863 1436 744 299 265 258 3224 785 34 300 4565 5974 7300 1938 322 7963 15163 201 1711 3402 6125 688 971 18339 204 1837
internal_value=-0.000177933 0.0275064 -0.0171514 -0.0278255 -0.00775063 -0.0234096 0.0135754 -0.00987151 0.0417304 -0.0254273 -0.031526 -0.0149112 0.00705135 0.0319273 0.0461093 -0.017056 -0.0208897 -0.0351531 -0.00436326 -0.0408497 -0.0364249 -0.0161104 0.0439893 0.0655299 0.0430079 0.0203888 0.00950606 -0.0245283 0.0183667 -0.013632 0.0190748 -0.0374245 -0.0334103 -0.0223144 -0.0399772 0.046206 0.0359162 -0.0267167 0.0318298 0.019526 0.00864164 0.000285594 0.016707 0.0431676 -0.00507619 -0.000382122 -0.00762139 0.0129436 -0.0020289 0.0179253 0.0243245 0.0293403 -0.00280768 -0.00490449 -0.00836331 0.0335234 -0.00586599 0.00206677 0.0532812 0.0585504 -0.0171551 0.0277292 0.0150544
internal_weight=363644 138213 225431 105566 119865 78873.3 69826 108724 68386.9 72683.5 31031.3 56786.3 35690.7 21170.8 47216.1 48668.4 41652.2 25093.7 51937.6 26692.3 24086.5 5937.62 39092.5 1703.28 37389.2 34135.2 29993.6 3964.19 28993.4 627.693 28365.7 23422.6 14943.9 5537.28 9406.66 27960.7 16004 3853.13 5141.85 5166.77 2440.48 6189.76 1523.64 19561.2 4666.12 909.678 831.618 11141.2 8117.93 26985.8 8376.39 2726.29 45716.2 31969.7 1110.53 9428.5 5697.09 13746.5 8399.53 5422.2 26345.4 5706.43 18609.4
internal_count=250308 53878 196430 103915 92515 73476 36404 86107 17474 69231 32083 48636 20739 6952 10522 42504 37148 27056 37471 30439 26195 5027 9004 336 8668 15665 16903 3547 13710 407 13303 25648 15767 5392 10375 6222 4851 3507 1955 2101 1035 4245 857 4384 3388 592 558 6408 6132 12834 3697 1066 32416 23126 500 2446 3836 9290 1838 1150 22353 1842 9137
cat_boundaries=0 6 13 19 26 33 40 47 54 60 66 73 80 87 94 100 106 113 119 125 130 136 142 149 155 162 169 176 183
cat_threshold=2284978498 8404993 1753491520 135790849 336789504 167772162 34210816 18881600 2148663554 540704 3250585664 1704516 32 1074266152 18090560 2148532227 2115584 3250864192 1077019396 721928 18881280 70844418 35670016 3229614336 2149188352 16 1074331656 4608 524288 2 1073741824 0 16 79714324 1075840004 197888 2684362768 136314890 67962888 33 1612711952 135561352 16842904 405086288 262156 3288399872 1 876619792 1073742986 16941088 537427968 2621454 539045920 1 33554432 18874624 2 16400 8388928 1073742336 2290123072 540689 1744836609 1074794752 470941744 138416258 285212688 38338578 69636 1111626756 134217904 541094056 4 8422020 2147549224 302077448 134382596 1668 92176 128 131072 512 65536 2048 1073741824 0 16 41984 2987040768 270581776 1157627916 33559572 5152 14 839123072 4194440 121638912 32992 557056 2420113600 553910785 138412042 33559176 302416928 8832 2420121616 67110928 2098176 256 16 0 0 32 65544 2097920 1048576 0 0 512 0 2560 2 2048 8388608 512 0 4096 0 0 1073741824 32 16779328 3 2097152 8650816 1075839748 524296 2097408 69206018 2097152 8388608 1179648 2220894226 1074798596 4227105 2149654720 16640 1677725984 66 0 2097152 0 16384 64 512 524296 512 0 0 0 0 16 3560972305 671096834 16810161 270920 33820672 539231232 6 65536 0 0 0 0 0 16 570703872 673350788 73564472 8224 524296 2215380992 33
is_linear=0
shrinkage=0.05


Tree=13
num_leaves=64
num_cat=1
split_feature=7 7 5 10 7 7 5 31 5 19 33 31 12 12 7 5 13 19 12 12 11 34 19 21 7 33 12 12 12 5 7 33 25 22 21 21 29 22 21 19 22 24 31 22 19 31 10 19 21 21 19 19 19 21 33 11 12 12 31 13 31 10 31
split_gain=61080.9 9438.34 8434.16 1710.37 1521.06 834.948 764.83 711.303 520.368 498.486 470.64 462.551 595.264 438.373 309.038 298.329 278.093 255.805 250.262 568.025 244.136 265.938 243.78 245.93 239.255 205.306 202.991 197.637 190.938 181.289 175.979 171.876 165.157 168.112 227.255 175.435 157.29 155.703 205.655 155.508 154.865 159.914 153.171 148.879 148.442 147.843 146.886 144.967 150.95 143.63 151.255 162.922 141.351 136.948 136.382 135.438 135.183 235.247 433.217 225.43 165.426 162.651 199.145
threshold=1.9375000000000002 4.5267856121063241 0.6428571641445161 1.3849257826805117 0.50892856717109691 6.6517856121063241 2.5000000000000004 2.2500000000000004 2.5000000000000004 2.5000000000000004 1.0546653866767886 1.9100000262260439 9.5000000000000018 7.5000000000000009 3.2946429252624516 1.214285731315613 342.50000000000006 1.5000000000000002 99.500000000000014 61.500000000000007 0.80357143282890331 -5.9532284736633292 6.5000000000000009 51.500000000000007 1.5089285969734194 0.88595262169837963 72.500000000000014 7.5000000000000009 16.500000000000004 9.9285712242126483 0.68750000000000011 0.99651420116424572 0 11.500000000000002 33.500000000000007 20.500000000000004 3.5000000000000004 8.5000000000000018 48.500000000000007 2.5000000000000004 11.500000000000002 1.0000000180025095e-35 1.9100000262260439 11.500000000000002 6.5000000000000009 1.1299999952316286 4.2274420261383066 2.5000000000000004 50.500000000000007 50.500000000000007 2.5000000000000004 6.5000000000000009 2.5000000000000004 51.500000000000007 0.89467304944992077 0.23214285820722583 148.50000000000003 91.500000000000014 3.2999999523162846 586.50000000000011 2.4900000095367436 1.0000000180025095e-35 2.9750000238418584
decision_type=2 2 2 2 2 2 2 2 2 2 2 2 2 2 2 2 2 2 2 2 2 2 2 2 2 2 2 2 2 2 2 2 9 2 2 2 2 2 2 2 2 2 2 2 2 2 2 2 2 2 2 2 2 2 2 2 2 2 2 2 2 2 2
left_child=2 6 4 15 7 27 13 18 24 37 20 -6 39 17 40 30 28 -2 19 -1 -9 -22 23 29 42 -19 -12 31 -15 -11 -4 -3 -33 34 35 -34 -35 -7 -39 -13 -8 -42 -5 44 -27 -21 -37 -17 -49 50 -16 -52 -26 -45 -10 -31 57 -23 59 60 -59 -61 -63
right_child=1 5 3 8 11 9 14 10 54 22 26 12 -14 16 49 47 -18 25 -20 45 21 56 -24 -25 52 43 -28 -29 -30 55 -32 32 33 36 -36 46 -38 38 -40 -41 41 -43 -44 53 -46 -47 -48 48 -50 -51 51 -53 -54 -55 -56 -57 -58 58 -60 61 -62 62 -64
leaf_value=-0.02698068287397001 0.018631913420800016 0.050305237574119692 -0.020346776683485581 0.00076179183071104796 -0.0057607047880381783 0.051774082419602609 0.012251973851176198 -0.030626265535761761 0.051361676253957725 0.031449031105425053 -0.025557879824253522 -0.013321282186041151 -0.036085608841429834 -0.0064205222725484071 0.028703073056880718 -0.0024734339152313639 -0.031522279179437465 0.075459091615421969 -0.034261599075346511 -0.050479551577120169 -0.0080332792140847663 -0.040024463307194003 0.046079583625527908 0.070118268257001043 0.0068943359827233061 0.002273433943112206 -0.00017923784585528404 -0.020592890136998655 0.086063925645211356 0.038745394644598051 -0.013420920548959129 -0.0064529068105747727 0.026473805622836084 0.067355926282542389 0.018131612405478937 0.029530891341498434 0.033707290629712387 0.036331326983032895 0.061681038679106383 -0.021183560048749942 0.030032108116763857 -0.029938274708017798 -0.0083298465656053196 0.023101598904096812 0.013209238742544496 -9.0382166298335308e-05 0.048063752884303021 -0.012339262308474151 0.012284967680518981 0.040889475429540419 0.014613120015889859 0.029924329354137958 -0.0020303148435109066 -0.0068803468197251166 0.0091187179533435084 0.067255424600859912 -0.04900284505925856 -0.039323778714711655 -0.046813799849648535 -0.031803889809889775 0.026987440626150862 0.047335376451930096 -0.025717288698501713
leaf_weight=6291.9847995042801 4604.5685939192772 967.47269570827484 14390.384067058563 5893.2397826313972 5184.2578928470612 12020.103644490242 22110.221465229988 13323.571750283241 195.47871506214142 14069.824169516563 2558.950114607811 8906.7470663189888 6021.060630440712 150.7287118434906 4655.1405375003815 6584.8714297413826 1128.4397560954094 105.14594531059265 3044.8010841012001 151.78777855634689 691.64948010444641 24058.655503451824 7721.3513599634171 518.19992685317993 6409.1636252403259 17969.333199262619 1138.4319222569466 196.6101131439209 88.507695436477661 12010.501744151115 25295.13202226162 332.19124531745911 6562.2105227708817 522.22256135940552 4384.5358293056488 1994.8645029067993 1037.9650909900665 4068.2731521129608 996.25169539451599 21406.45701777935 1939.1521931886673 117.84264159202576 21658.029805779457 1946.5982535481453 3750.7492814064026 3498.4646316170692 2305.7811719179153 14991.63182747364 649.24671161174774 988.25111317634583 8196.7397084236145 2204.8411982059479 14415.280507802963 473.46152979135513 8296.0110993385315 431.64145588874817 3267.5229776501656 116.42607790231705 1494.3759857416153 1097.4888130426407 487.68085777759552 165.50802159309387 213.5412266254425
leaf_count=6311 2350 255 13475 4093 4018 2237 11445 13929 103 3677 2620 7723 6267 100 1843 4995 836 28 3328 165 624 27890 1617 93 3999 10409 1005 96 45 2749 21168 119 2093 134 1557 655 290 857 175 19378 890 63 16849 1022 2126 2791 690 12114 492 317 3673 917 9833 276 5154 93 4041 135 1792 1190 428 97 200
internal_value=-0.000330877 0.0254572 -0.0166673 -0.00758459 -0.0271293 0.0384399 0.0125278 -0.0321147 -0.00132421 0.0416817 -0.0348917 -0.0197324 -0.0217258 0.00651708 0.0170445 -0.0133349 -0.0211413 0.00782834 -0.0217193 -0.0178779 -0.0363033 -0.0386973 0.0382434 0.0360048 -0.0033281 0.0057765 -0.017744 0.0292592 0.0278166 0.0353378 -0.0159324 0.0298006 0.0286429 0.029323 0.0277404 0.0316186 0.0449737 0.0486751 0.041319 -0.0188735 0.0134729 0.0265952 -0.00638514 0.00547268 0.00416194 -0.00218703 0.0394681 -0.00869695 -0.011317 0.0224241 0.0212118 0.0178589 0.000716455 0.0172359 0.0100918 0.039735 -0.0393836 -0.038246 -0.0262769 -0.0115252 0.0142033 -0.022052 0.00618449
internal_weight=362468 140570 221898 118778 103119 70140 70429.7 61600.8 56867.2 51836.1 48613.8 41518.5 36334.3 30217.5 40212.2 61911.3 1367.68 28849.9 12987 9942.24 44916.4 31592.8 34751.5 27030.2 48375.7 24245.3 3697.38 18303.9 239.236 26512 39685.5 18107.2 17139.8 16807.6 15247.4 10862.9 1560.19 17084.6 5064.52 30313.2 24167.2 2056.99 27551.3 24140.1 21720.1 3650.25 4300.65 22225.7 15640.9 16045 15056.7 10401.6 20824.4 2420.06 8491.49 12442.1 30901.2 27633.7 3575.02 2080.64 604.107 1476.54 379.049
internal_count=249934 53727 196207 92275 103932 17387 36340 66546 40031 11498 53951 37386 33368 17192 19148 52244 981 16211 12595 9267 50326 36397 8229 6612 34774 13861 3625 5889 145 6519 34643 5793 5538 5419 4995 3438 424 3269 1032 27101 12398 953 20942 13833 12535 2956 1345 17601 12606 6750 6433 4590 13832 1298 5257 2842 35773 31732 3842 2050 563 1487 297
cat_boundaries=0 1
cat_threshold=206572546
is_linear=0
shrinkage=0.05


Tree=14
num_leaves=64
num_cat=26
split_feature=6 6 14 14 14 14 6 6 6 12 14 12 14 0 14 14 14 22 14 12 6 13 33 14 12 14 13 33 14 14 25 41 14 12 14 33 13 19 33 14 12 14 14 14 13 14 19 11 12 21 20 22 33 20 29 22 14 14 11 14 14 13 13
split_gain=55969.7 8151.55 7911.56 2163.74 1510.83 1323.05 933.565 743.299 726.154 608.252 532.955 423.723 422.652 413.18 406.598 358.074 353.24 343.545 343.445 337.947 324.903 319.369 318.84 317.288 308.851 629.966 291.895 282.447 281.64 244.458 242.881 229.502 225.434 225.406 219.114 247.288 250.525 213.985 205.032 213.054 200.514 198.983 191.918 189.85 185.881 224.244 181.213 175.131 173.531 172.964 207.097 172.567 170.731 169.046 165.717 165.519 205.976 162.412 158.731 158.295 156.336 156.013 158.667
threshold=1.9107143282890322 0.66071426868438732 0 1 2 3 1.1607143282890322 10.053571224212648 2.803571462631226 7.5000000000000009 4 97.500000000000014 5 2.5000000000000004 6 7 8 11.500000000000002 9 63.500000000000007 0.19642857462167743 317.50000000000006 0.98960703611373912 10 63.500000000000007 11 591.50000000000011 0.90561750531196605 12 13 14 1.5000000000000002 15 8.5000000000000018 16 0.98960703611373912 153.50000000000003 2.5000000000000004 1.0861064791679385 17 15.500000000000002 18 19 20 372.50000000000006 21 1.5000000000000002 0.30357143282890325 72.500000000000014 49.500000000000007 24.500000000000004 10.500000000000002 1.0085839629173281 24.500000000000004 9.5000000000000018 8.5000000000000018 22 23 0.55357143282890331 24 25 170.50000000000003 296.50000000000006
decision_type=2 2 9 9 9 9 2 2 2 2 9 2 9 2 9 9 9 2 9 2 2 2 2 9 2 9 2 2 9 9 9 2 9 2 9 2 2 2 2 9 2 9 9 9 2 9 2 2 2 2 2 2 2 2 2 2 9 9 2 9 9 2 2
left_child=1 3 7 19 20 32 14 13 23 12 11 22 -6 44 27 -10 -8 37 -19 21 -5 -1 -11 -4 28 -26 41 -7 -12 -16 -15 34 -3 58 35 -32 -37 -17 39 -24 42 -13 -23 -42 -2 -46 -18 -36 -40 -25 -51 -33 -47 -20 -9 56 -39 -14 -34 -21 -57 -56 -63
right_child=2 5 8 4 9 6 16 54 15 10 24 26 57 30 29 17 46 18 53 59 -22 40 38 49 25 -27 -28 -29 -30 -31 31 51 33 -35 47 36 -38 55 48 -41 43 -43 -44 -45 45 52 -48 -49 -50 50 -52 -53 -54 -55 61 60 -58 -59 -60 -61 -62 62 -64
leaf_value=0.026580248994353507 0.034633869885564515 0.027844968802104686 0.012429447591941723 -0.045811426830489936 -0.0047492045989564165 0.066247233468126943 -0.017051543537397861 0.045091570735227432 -0.002143776314335009 0.04588555430967986 -0.049225782972671606 -0.0011737609662285221 -0.026684892845342485 0.0080758116579026078 -0.024355687698856234 0.022690929280516827 0.0038744897075207274 0.0088583189143395177 0.057540267369903066 0.0042396619806735706 -0.034300668740298079 0.036897032184425554 -0.041526305076266694 0.0017758170060227796 -0.041891634405060559 -0.016443274670608184 -0.0067511425204740995 -0.0065739382846375961 -0.033233310295391574 -0.014580594660683999 0.072212068550641037 0.027475412307193178 0.0039252554179504918 -0.020704658923025018 0.030865002044017455 0.068352610923292728 0.037458373138070468 0.0087774338948770469 -0.033341351981909371 -0.017766332438620289 -0.036739829809068002 0.076370647676198944 -0.0068652921466269418 -0.0061081259985464424 0.031862390442097002 0.0081024851343370601 -0.0048469895222379919 0.053467787529811663 0.055674400801117546 0.03179981459258574 -0.017542242108422059 -0.0015311766267233286 0.029777989819102315 0.021068329158648681 0.059968665689870283 -0.0022235247331946302 0.020718898346350184 -0.019260327260559582 0.019392874340701388 0.035027632026642733 0.013993977373157697 0.015474441157539676 0.037347746438464592
leaf_weight=631.55751413106918 2320.7707648277283 1185.897209405899 14798.693205118179 13039.177111148834 3522.5043471455574 134.59968829154968 5365.9289615750313 15875.094493865967 2348.4593509435654 152.94900870323181 5137.7528848052025 143.08438384532928 15628.914432883263 922.14003598690033 7624.5962392091751 10072.532895803452 7047.5524916648865 832.32749712467194 1301.2517024278641 835.15704643726349 11574.213247358799 292.44143664836884 2027.2905183434486 20060.914041221142 4578.2810778021812 5277.8863499760628 945.39004701375961 11626.039241373539 6530.8496363162994 41574.346733927727 581.98008966445923 2406.6098793745041 8523.0300105810165 792.77803599834442 17961.611152410507 689.72753071784973 13527.836478829384 5612.0089157819748 93.484291672706604 1863.4148691892624 1077.5564439892769 205.96284759044647 1447.2308369278908 973.43570101261139 2202.0928150415421 4160.1498073339462 38448.741374969482 900.05701780319214 131.86292326450348 970.92922484874725 272.21835362911224 651.55210602283478 1162.2463457584381 420.53348445892334 682.12677907943726 2667.5528395175934 10392.691950440407 14625.55331403017 2059.3544535636902 848.18145549297333 3347.1197472810745 919.67665243148804 8434.759204864502
leaf_count=404 684 556 7921 16970 2867 77 4504 3018 1446 56 6579 127 15890 260 7443 4183 4720 360 414 522 13225 157 2159 12373 5569 5309 777 9056 7561 36141 112 662 5119 590 4737 150 3139 2839 83 1751 993 118 1150 759 572 1498 28068 275 79 533 163 204 381 155 124 1346 4578 13699 1129 373 1535 204 1709
internal_value=-0.000355635 -0.0165377 0.0235003 -0.0278582 -0.0299104 -0.00820228 -0.00993013 0.0350952 0.0118512 -0.0256696 -0.0312553 -0.0173504 -0.0211975 0.031383 -0.0141041 0.0167758 -0.00492948 0.0180537 0.0357075 0.000920063 -0.0403824 -0.00633612 -0.0249798 0.00680808 -0.034825 -0.0283238 0.00767681 -0.00573507 -0.0403459 -0.0161002 0.0337683 0.0344019 0.00718155 0.00500453 0.0356028 0.0402386 0.0389576 0.0166542 -0.0276142 -0.0302998 -0.0118208 0.0467455 0.000665535 -0.0224114 0.022263 0.018447 -0.00349522 0.0319269 0.0187482 0.00289602 0.0209946 0.0212956 0.0128121 0.0483532 0.0419117 0.0138927 0.0165502 -0.0231033 0.00693544 0.0199872 0.00682104 0.0368816 0.0351975
internal_weight=362463 215967 146496 91584.1 85478.6 124383 111822 73398.4 73097.2 60865.2 27088.2 5563.44 33777 47486.8 60959.6 36994.5 50862.2 34646 2554.11 6105.56 24613.4 4422.22 4269 36102.8 21524.8 9856.17 1294.44 11760.6 11668.6 49198.9 37641.5 36719.4 12561.1 11375.2 33661.2 14799.5 14217.6 32091.9 4116.05 3890.71 3790.66 349.047 1739.67 2050.99 9845.26 7524.49 45496.3 18861.7 225.347 21304.1 1243.15 3058.16 5322.4 1721.79 25911.7 22019.4 16004.7 30254.5 10582.4 1683.34 6014.67 10036.6 9354.44
internal_count=250155 194580 55575 97177 92819 97403 90009 17729 37846 62624 30168 5150 32456 12674 52717 16856 37292 15410 929 4358 30195 3463 4128 20990 25018 10878 1022 9133 14140 43584 9539 9279 7394 6838 8413 3401 3289 14481 4072 3910 3059 245 1307 1752 3135 2451 32788 5012 162 13069 696 866 1879 569 5055 10298 7417 29589 6248 895 2881 2037 1913
cat_boundaries=0 7 14 20 27 34 40 47 53 60 66 72 79 86 93 94 97 104 108 112 118 125 130 137 143 150 157
cat_threshold=1074462728 4608 1638400 18434 3221225472 64 16 1074282504 1093671488 65538 10240 3229876290 1144914436 32 2282914112 688129 1745102928 135790985 336723968 134217730 1107952648 151001408 2148532482 2646048 2172666112 1074921988 32 79695924 134218788 67241729 2684407856 2097160 8456456 1 637796352 738198668 90341640 50675824 561152 2147485696 541067296 3310732 131089 2416181392 1074003980 547422464 67 339748880 1048584 20972033 268959792 16394 78848 276857473 2147483664 86024 1157628936 1073751728 570452048 128 2098176 150996992 0 8256 4194304 655360 102765584 20195652 69206018 18874368 20971784 538587656 304088066 2961186816 283164672 1140850756 34181124 33559584 10 553912833 2160074762 8388744 386270208 5780 268443680 4 92275200 46153746 1753288704 1179905 135463024 33554560 12 210967554 33686536 16781568 1048576 1073741832 512 589824 16386 1073741824 0 16 67108880 134218752 512 49200 0 0 256 32784 1074266112 18876480 0 0 64 516 16384 1092618304 2 8192 8388608 4 32 65536 4608 589824 0 1073741824 2097184 136314884 2214723842 73728 4194304 1141375236 96 293603346 2449555472 1024 3225554948 167774240 541085944 1073741824 64 0 0 64 4 32 33554432 16780608 67108864 2149589056 16777216 1075314692 32
is_linear=0
shrinkage=0.05


Tree=15
num_leaves=64
num_cat=28
split_feature=6 6 14 14 14 14 6 6 14 8 14 14 33 14 14 14 12 14 7 22 14 34 19 14 14 12 13 8 19 14 14 19 14 5 7 14 14 19 19 19 6 19 13 13 20 12 34 14 8 14 31 19 14 14 14 19 14 19 14 14 21 14 12
split_gain=50915.1 8088.7 6339.16 2146.84 1416.08 1371.47 996.917 639.763 620.525 554.112 478.547 380.346 408.633 373.605 335.636 327.253 305.535 623.063 303.219 289.649 286.116 285.409 273.137 271.831 265.601 246.882 317.833 323.984 246.427 244.448 233.566 228.598 217.214 210.595 207.811 198.704 197.275 189.054 188.084 185.847 155.324 155.292 153.98 150.436 148.601 139.744 132.878 131.206 128.704 127.701 126.704 126.435 142.825 126.293 125.909 122.274 122.261 121.346 118.266 117.638 177.084 171.606 120.233
threshold=1.9821428656578066 0.62500000000000011 0 1 2 3 1.1607143282890322 2.803571462631226 4 1.0000000180025095e-35 5 6 0.90561750531196605 7 8 9 63.500000000000007 10 0.18750000000000003 11.500000000000002 11 -1.5376359224319456 1.5000000000000002 12 13 61.500000000000007 322.50000000000006 1.1232953071594241 2.5000000000000004 14 15 6.5000000000000009 16 3.5000000000000004 4.5267856121063241 17 18 2.5000000000000004 2.5000000000000004 6.5000000000000009 5.8035714626312265 6.5000000000000009 181.50000000000003 204.50000000000003 24.500000000000004 5.5000000000000009 7.8796327114105233 19 1.7112928032875063 20 3.0000000000000004 6.5000000000000009 21 22 23 2.5000000000000004 24 1.5000000000000002 25 26 31.500000000000004 27 157.50000000000003
decision_type=2 2 9 9 9 9 2 2 9 2 9 9 2 9 9 9 2 9 2 2 9 2 2 9 9 2 2 2 2 9 9 2 9 2 2 9 9 2 2 2 2 2 2 2 2 2 2 9 2 9 2 2 9 9 9 2 9 2 9 9 2 9 2
left_child=1 3 8 25 32 18 11 20 28 10 21 12 -6 -11 56 -8 24 -18 -5 37 -4 -7 -10 -21 -12 26 -1 30 42 -13 -28 34 -3 -30 -24 -17 -15 40 53 -39 49 -35 -2 -19 50 55 59 -27 -34 -16 -25 -40 -53 -22 -47 -31 -9 -37 -57 60 -23 -62 -61
right_child=2 4 7 5 6 9 15 14 22 13 16 29 -14 36 19 35 17 43 -20 23 38 46 31 44 -26 47 27 -29 33 45 -32 -33 48 41 -36 57 -38 39 51 -41 -42 -43 -44 -45 -46 54 -48 -49 -50 -51 -52 52 -54 -55 -56 58 -58 -59 -60 62 61 -63 -64
leaf_value=0.028588213136243421 0.060395172225589135 0.044065280443755586 -0.0060854908408676861 -0.046020928062577154 0.089871935170130562 0.04399009382433941 -0.017312212707182563 -0.017919419570943 0.03752422455021695 -0.026903743274317795 -0.048421757647607234 -0.010659213092230897 -0.00625882654336844 0.011264811021650098 0.029519035466847657 -0.0090283143156028919 -0.042060497402994168 -0.047083373861351918 -0.034384556129305736 0.0086843725672459335 0.007255500718182057 -0.038808791367374584 0.012369108152359538 0.046172786656406617 -0.032943463539198629 0.0063346885402939526 -0.029453406332466271 0.023316971528815525 0.016389551702338474 -0.012645485943659758 -0.0014293969074508561 0.035045370321029737 0.0019710112192922974 0.032862077943964049 0.02515765556041985 0.005041912090811472 -0.016820741970936689 0.011584127756396671 0.0036490381618607911 0.023134701395543498 0.040400237465608557 0.041668775458358703 0.040309682772132913 -0.013823703663593735 0.017925072136261998 -0.046004172452760818 0.01841295064583149 0.033864018664930412 0.011594662699543942 0.016119716610153212 0.086511607487654407 0.027035236024246484 0.0069507017786566185 0.019482702636935412 -0.018682848648116739 -0.015092965371993575 0.0064751189717855697 -0.0028320284777336759 -0.022232097442529967 -0.014661787894888121 -0.040428295940836106 0.0050879315053919674 0.051076547902871153
leaf_weight=564.25339376926422 1023.8095772266388 367.834228515625 3859.9296818971634 11414.390703976154 111.60969936847687 184.7427636384964 4623.5541298985481 585.5081285238266 5224.6924992799759 14111.115269064903 5021.2555142045021 17237.342213153839 10627.381180822849 648.83154189586639 2600.0076915025711 11871.660161197186 4133.2566069364548 364.99004358053207 10991.636335134506 747.29457533359528 3626.5366622209549 1573.9100932478905 3946.2841883897781 1117.3795477151871 6850.3721241950989 1441.4116801023483 1822.4089744091034 558.20707178115845 1633.2389698028564 10268.997455358505 1264.7490467429161 4570.4704910516739 9090.8674881458282 22183.706167459488 16294.044036507607 5807.0835169553757 15153.11960375309 16672.191515564919 15594.918118715286 4402.0778876543045 1069.8373687267303 6466.8166939020157 14109.415260314941 4948.6070738434792 382.96069443225861 817.85945105552673 222.66533589363098 618.3433119058609 5623.1005984544754 6043.2417541742325 235.88104748725891 1316.6292593479156 2733.5079299211502 5189.7869290113449 967.17459106445312 10474.711236178875 3738.7970526218414 31085.161898672581 13723.764573693275 2096.6805042028427 309.13316529989243 588.70321226119995 71.844888091087341
leaf_count=350 166 136 2613 15418 53 70 3940 406 1238 14891 6676 14634 8285 467 1011 9293 5235 418 13141 315 1924 1727 1492 370 8197 913 1691 352 503 9153 996 1224 5576 4866 4502 3766 14092 7734 9113 1905 332 1212 2475 5027 134 874 140 250 3138 2561 39 685 1602 2571 941 9432 2085 22168 13237 1899 338 499 53
internal_value=-0.000220799 -0.0155239 0.0226917 -0.0275706 -0.00781156 -0.0298122 -0.00966068 0.0118392 0.0327421 -0.0256324 -0.0309215 -0.0138583 -0.00525403 -0.020979 0.0162756 -0.00461242 -0.0342032 -0.0275084 -0.0402947 0.0179768 0.0066825 -0.0169599 0.0271244 0.034408 -0.0395591 0.000610319 -0.00632917 -0.0117345 0.0364504 -0.0155819 -0.018073 0.0249452 0.00661092 0.0338545 0.0226643 -0.00340401 -0.0156611 0.0166571 0.00841329 0.013997 0.0224285 0.03485 0.0416689 -0.0160789 0.0451685 -0.0179189 -0.0193112 0.0147955 0.00564501 0.0202035 0.0532099 0.00569327 0.0135643 0.0144836 -0.0315651 -0.0172173 0.00313806 -0.00159218 -0.0191573 -0.0211217 -0.0285855 -0.01098 -0.0124243
internal_weight=363022 217653 145369 84954.6 132698 78685.3 117616 69916.5 75452.5 56279.2 26366.2 64228.8 10739 29913.1 37595.2 53387.5 21318.5 9446.85 22406 33270.9 32321.3 5047.68 30035.5 2483.52 11871.6 6269.37 4209.62 3645.37 45417 53489.8 3087.16 24810.8 15081.8 30283.8 20240.3 48763.9 15802 30787.4 28461.4 21074.3 9713.09 28650.5 15133.2 5313.6 1736.22 36252.5 4862.94 2059.75 14714 8643.25 1353.26 19645.1 4050.14 8816.32 1785.03 34467.5 4324.31 36892.2 24198.5 4640.27 2471.75 897.836 2168.53
internal_count=250544 197466 53078 92840 104626 88288 95776 35400 17678 59729 30279 56609 8338 29450 16892 39167 25553 10680 28559 14401 18508 4726 8456 858 14873 4552 3389 3039 9222 48271 2687 7218 8850 6581 5994 35227 14559 13543 15895 9639 3904 6078 2641 5445 543 33637 4656 1163 8714 3572 409 11400 2287 4495 1815 31822 2491 25934 22669 4516 2564 837 1952
cat_boundaries=0 7 14 20 26 33 40 47 54 60 67 74 81 87 94 101 108 111 117 123 130 137 144 151 158 164 171 177 183
cat_threshold=1074462728 4608 1638400 18434 3221225472 64 16 1074282504 1160781376 65538 10240 3221487682 1144652292 32 1107952648 16783680 2154823938 2646048 12599552 1074921988 2282881344 688129 1747232784 135790989 335675392 134217730 1073807368 512 524288 2 1073741824 0 16 79695924 134217764 67240705 2686472240 10493960 8456512 1 541067296 135660684 131088 268435472 3238264908 604309568 67 268437522 2449555472 8388672 1094848512 135331888 541094072 2 339748912 135266312 2235564800 807436400 16793610 1073820672 293634689 2147483664 71240 603979776 3221235376 570443856 128 304128002 2961186816 272646208 1140850752 34149380 33559584 10 541065216 1073774730 285261844 537494164 262148 10748960 35 2098176 16779268 2097152 0 4194304 131328 553921025 8396810 8388744 386302976 5780 268436512 4 268718080 536977408 67158177 117506248 69738496 278930688 32 0 18877504 65538 8192 64 67633668 32 8 4352 1048576 2218790916 65704 50348032 1262879756 2398212 268705792 33816576 134217856 1179912 48 0 2147483648 1073741824 18875456 0 0 64 4 32 0 16779264 0 65536 8388612 524544 32 35652640 18884676 4194434 2147483712 8404992 512 64 2113568 264192 2221015939 268705792 17301578 1611735040 64 85983376 6291458 58785800 135693569 34448 2181042176 4 272629760 8 20971520 536903696 0 65536 2097174 1076363264 318768648 671384064 40066 134746248 136 8388624 134217760 67109376 2101296 8192 8390720 0 134217728 67108864 4096 8192 64
is_linear=0
shrinkage=0.05


Tree=16
num_leaves=64
num_cat=1
split_feature=6 6 7 6 31 8 6 34 19 6 19 31 34 21 12 12 12 21 20 21 20 19 20 22 29 31 19 19 12 12 19 31 0 19 9 7 21 0 42 31 21 21 10 21 31 31 0 13 4 19 29 20 12 12 31 9 13 13 13 6 6 25 21
split_gain=45676.8 7505.19 5748.99 1261.96 993.495 584.863 497.97 485.429 464.684 356.271 323.23 317.074 302.272 301.75 297.853 386.435 317.748 294.179 477.68 408.438 393.016 280.213 237.185 230.899 209.906 205.048 204.291 198.643 197.754 174.132 169.662 168.647 168.193 165.991 152.421 148.324 146.166 145.092 144.604 141.583 141.36 248.134 141.281 140.736 192.363 139.948 135.375 132.083 126.806 126.48 123.997 123.595 123.367 247.14 381.37 198.685 231.859 170.852 183.348 125.165 112.244 106.848 112.726
threshold=1.9107143282890322 0.5892857313156129 4.5267856121063241 1.0892856717109682 2.3300000429153447 1.0000000180025095e-35 10.053571224212648 7.8796327114105233 2.5000000000000004 2.803571462631226 2.5000000000000004 1.8050000071525576 -5.9532284736633292 49.500000000000007 99.500000000000014 63.500000000000007 2.5000000000000004 49.500000000000007 24.500000000000004 32.500000000000007 20.500000000000004 1.5000000000000002 24.500000000000004 6.5000000000000009 5.5000000000000009 2.2050000429153447 6.5000000000000009 1.5000000000000002 85.500000000000014 6.5000000000000009 6.5000000000000009 2.1299999952316289 1.0000000180025095e-35 6.5000000000000009 1.1658160090446474 1.5089285969734194 49.500000000000007 3.5000000000000004 1.5000000000000002 1.7099999785423281 34.500000000000007 44.500000000000007 5.8997027873992929 12.500000000000002 1.9650000333786013 1.4600000381469729 2.5000000000000004 204.50000000000003 12.500000000000002 6.5000000000000009 1.5000000000000002 15.500000000000002 148.50000000000003 87.500000000000014 3.2999999523162846 1.0000000180025095e-35 586.50000000000011 556.50000000000011 275.50000000000006 0.26785714924335485 0.41071428358554846 0 49.500000000000007
decision_type=2 2 2 2 2 2 2 2 2 2 2 2 2 2 2 2 2 2 2 2 2 2 2 2 2 2 2 2 2 2 2 2 2 2 2 2 2 2 2 2 2 2 2 2 2 2 2 2 2 2 2 2 2 2 2 2 2 2 2 2 2 9 2
left_child=1 4 8 21 14 7 11 12 37 30 -5 17 -6 26 15 16 46 19 20 23 -19 -3 51 27 48 34 35 50 32 61 -10 -18 60 36 -23 -12 -11 -2 -29 -21 -33 -42 -13 44 -44 -17 -1 -47 -8 -40 -4 -15 53 59 55 56 57 58 -55 -14 -7 -27 -63
right_child=2 3 6 10 5 28 24 -9 9 33 13 42 52 22 -16 45 31 18 -20 39 -22 25 -24 -25 -26 29 -28 38 -30 -31 -32 40 -34 -35 -36 -37 -38 -39 49 -41 41 -43 43 -45 -46 47 -48 -49 -50 -51 -52 -53 -54 54 -56 -57 -58 -59 -60 -61 -62 62 -64
leaf_value=-0.011969951232011602 0.013255578893656157 -0.0051924286894540813 0.056563375207413613 0.001851840846141776 -0.0030632748529911403 -0.031943889735256484 0.036174319091281992 -0.0030009620362567374 0.0020605242924113332 0.0091886988378208755 -0.010898465995722695 0.021291381282387764 -0.041272693445015524 0.0042822025765504911 -0.03262748264040035 -0.050521954484634285 -0.019469047200886058 0.040948555131545335 0.0070846261042844631 0.022717499924459414 0.08483710849173956 -0.015250984434220247 -0.018255054269285961 0.04113579402797822 0.031864529621995596 -0.040672151023958186 1.3000212767687601e-05 0.059966113811419891 0.037975618727061344 -0.031268592050167486 0.012025496122474701 -0.042902138046272111 -0.02122422830977622 0.020234205762784247 -0.0037401469990611339 -0.0042971186302430391 0.026108369508142118 0.021150462032548133 0.023974475564320266 0.0075774515227566789 0.00032730492512938266 -0.046199193648509031 -0.048379984680051925 0.029554598922277242 0.0059841608101668699 -0.037818879764531792 0.013182362660583737 0.0047011212201210836 0.046641355379713111 0.035801591038530069 0.034492573427171262 0.027289356305804403 -0.047791851106114669 0.031797588378399674 -0.044130703961284878 0.024685334364367602 -0.030276139304379297 0.035588304757450721 -0.039155409276609127 -0.03078014759553643 -0.024534394696186179 -0.015894729143067176 -0.0045681372074961694
leaf_weight=4220.6957007646561 13606.360614180565 9419.8880779147148 869.15294551849365 20882.752835929394 626.98295301198959 12550.990351319313 6828.5842809677124 1068.8239323496819 20894.200320482254 19033.143541812897 21852.084283828735 8222.3288813829422 15472.143561899662 1056.7794859409332 2824.6456027030945 131.19571375846863 5168.1729675531387 1637.9724259376526 679.40729284286499 10396.576212882996 740.99015784263611 5057.7988727688789 598.16368007659912 5107.2433278560638 16278.68626844883 414.18027889728546 9235.6419332623482 321.9859037399292 119.85688400268555 1830.9503457546234 5368.9433395266533 1856.4649405479431 10658.919729053974 5328.4714291095734 6666.5123618841171 13936.006026983261 1368.1504232883453 10170.214993476868 12526.921609520912 1813.6795530319214 636.02891725301743 521.45621943473816 219.64069104194641 350.30004835128784 626.98827469348907 194.2516393661499 612.52018398046494 3031.3612744808197 5025.6815038919449 2758.8522808551788 2380.0102072954178 1304.0846786499023 2968.403991818428 137.18265634775162 1650.2938021421432 307.30603504180908 1371.5765668153763 277.58520704507828 270.29390454292297 3483.8667002916336 8626.9100276827812 37036.822052419186 2335.2702628970146
leaf_count=3837 6615 8102 165 14229 585 14598 1297 988 12425 8978 17175 2586 20260 748 3354 156 5102 326 147 2634 114 4379 442 1193 3094 400 6759 71 69 1915 3069 2267 11290 2306 5257 9505 471 4357 3090 588 693 635 67 83 255 209 458 2367 842 604 469 881 4119 108 2186 206 1573 237 327 4181 9008 34099 2091
internal_value=-0.00021744 -0.0153202 0.0206135 -0.00801438 -0.0275257 -0.0307125 0.0302554 -0.0360393 0.0108423 0.0081944 -0.00334062 0.0271933 -0.0373685 -0.00560045 -0.0176332 -0.0150461 -0.0189472 0.0291712 0.0440621 0.0279121 0.0546218 -0.0131427 0.00986601 0.0317046 0.0355506 -0.0145467 -0.00661695 0.02915 -0.026106 -0.0161921 0.00409769 -0.0249516 -0.0263474 0.012376 -0.00870594 -0.0083279 0.0103235 0.0166326 0.0268082 0.0204687 -0.0343517 -0.0206354 0.018955 0.00290509 -0.00812356 7.97727e-05 -0.00878216 0.0021394 0.0406122 0.0261093 0.0403981 0.0169914 -0.0381977 -0.0369577 -0.0256863 -0.0128087 -0.0184121 0.00534212 -0.0152662 -0.0393445 -0.0289257 -0.0154982 -0.0152191
internal_weight=362969 210415 152554 131627 78787.9 59591.1 76785 27634.5 75769.5 51992.9 68865.5 48652 26565.6 47982.8 19196.8 16372.1 13015.3 39232.8 3058.37 36174.4 2378.96 62761.4 2959.03 23964.2 28133 53341.5 45023.7 18856.9 31956.7 41617.2 26263.1 8182.12 31836.8 25729.8 11724.3 35788.1 20401.3 23776.6 15607.8 12210.3 3013.95 1157.49 9419.26 1196.93 846.629 3356.81 4833.22 3225.61 11854.3 15285.8 3249.16 2360.86 25938.7 22970.2 4014.24 2363.94 2056.64 685.062 407.477 18956 21177.9 39786.3 39372.1
internal_count=250641 194795 55846 105982 88813 69735 17625 34770 38221 27249 49739 12392 33782 35510 19078 15724 12992 9401 587 8814 440 56243 2071 5592 5233 48141 33439 4399 34965 38505 15494 8697 34896 11755 9636 26680 9449 10972 3765 3222 3595 1328 2991 405 322 2732 4295 2576 2139 3694 634 1629 33197 29078 4637 2451 2245 672 435 24441 23606 36590 36190
cat_boundaries=0 1
cat_threshold=136577026
is_linear=0
shrinkage=0.05


Tree=17
num_leaves=64
num_cat=3
split_feature=6 6 7 6 31 8 33 0 0 5 34 12 12 8 33 6 12 31 0 31 33 10 11 25 29 21 21 12 25 6 31 7 33 25 21 21 30 7 33 31 7 10 31 8 20 7 20 21 10 21 12 21 13 21 13 33 21 13 13 21 33 30 7
split_gain=41316.3 6938.6 5036.8 1042.89 1016.25 909.455 584.025 491.309 429.059 373.182 340.509 288.166 413.139 321.268 269.048 247.187 287.6 242.856 233.646 221.192 261.828 199.353 198.078 174.174 180.169 173.076 167.907 165.657 163.886 176.065 153.657 152.421 186.345 150.613 196.339 144.262 161.743 142.83 141.707 141.052 128.391 127.34 127.042 148.943 125.802 122.259 121.746 121.338 186.13 152.636 148.022 127.295 127.187 120.236 118.459 116.797 137.185 113.97 111.335 109.783 107.372 105.848 100.892
threshold=1.9107143282890322 0.66071426868438732 4.5267856121063241 1.2321428656578066 2.3300000429153447 1.0000000180025095e-35 1.0594524145126345 8.5000000000000018 2.5000000000000004 2.0714285373687749 -5.9532284736633292 99.500000000000014 63.500000000000007 0.98795002698898327 0.89467304944992077 0.37500000000000006 67.500000000000014 2.2050000429153447 1.5000000000000002 1.8050000071525576 1.0069796442985537 2.2779290676116948 0.55357143282890331 0 2.5000000000000004 12.500000000000002 49.500000000000007 5.5000000000000009 1 14.696428775787355 3.2999999523162846 0.59821429848670971 0.88595262169837963 2 50.500000000000007 48.500000000000007 3.5000000000000004 1.7589285969734194 1.0049856901168825 1.1299999952316286 1.0625000000000002 2.334627747535706 2.0599999427795415 0.43295724689960485 24.500000000000004 1.5446428656578066 20.500000000000004 16.500000000000004 1.9604862928390505 40.500000000000007 24.500000000000004 21.500000000000004 726.50000000000011 3.5000000000000004 198.50000000000003 0.99826869368553173 38.500000000000007 480.50000000000006 342.50000000000006 11.500000000000002 0.99996969103813182 6.5000000000000009 0.16964285820722583
decision_type=2 2 2 2 2 2 2 2 2 2 2 2 2 2 2 2 2 2 2 2 2 2 2 9 2 2 2 2 9 2 2 2 2 9 2 2 2 2 2 2 2 2 2 2 2 2 2 2 2 2 2 2 2 2 2 2 2 2 2 2 2 2 2
left_child=1 4 8 9 11 6 10 19 26 14 58 12 13 47 31 16 30 41 45 23 25 -10 37 -4 -25 53 42 40 -9 35 62 32 -3 -23 -35 55 -37 -20 -31 -14 -19 -16 -2 -44 -28 -5 -38 50 -49 51 -1 -50 57 -21 -41 -30 59 -52 -6 -57 -13 -36 -7
right_child=2 3 7 18 5 15 -8 28 21 -11 -12 60 39 -15 17 -17 -18 27 22 20 -22 33 -24 24 -26 -27 44 -29 29 38 -32 -33 -34 34 61 36 46 -39 -40 54 -42 -43 43 -45 -46 -47 -48 48 49 -51 52 -53 -54 -55 -56 56 -58 -59 -60 -61 -62 -63 -64
leaf_value=-0.020216406682166028 0.0080287806694194826 0.01778038842263439 -0.0047539521968988363 -0.0073466382163756483 0.013193103003325929 -0.0081547432532761577 -0.0084714912650233273 0.06078818140224243 0.0094113889694615645 0.0096262735172173708 -0.038660462101120709 0.0024475838435505763 -0.05137449067818526 -0.0031522421336378338 -0.007733155470379849 -0.020360229085704368 0.024834544672616893 -0.014796457740856453 -0.0013778691642566824 0.028067748360889336 0.024024950169922881 -0.020713861178423706 0.023565596840007419 0.033693723534460145 0.024808340421295854 0.012717551230909075 0.025235541627544645 -0.026606558961886458 0.040732160354089893 0.037647678092115271 -0.032197791945678005 0.003351544733108057 0.1128624606475644 0.016368254629062492 0.023355682905310784 0.017180359052404913 0.040693359441615749 0.0081834359491064403 0.062521651068640743 -0.034672596254629408 -0.0088517867651683874 0.016018753774567213 -0.034412886097169283 0.0027222411760947367 -0.0029709396902973585 -0.0011051153982759422 0.070431470220957346 -0.019882056788639385 -0.012075497078451396 -0.033203169895830546 -0.037452428531552492 0.042602389746445389 -0.04897505850247006 -0.0231541521425229 0.0060381453777824598 0.024908985244940587 0.020553981951666574 0.010381824837647076 -0.031869037157710327 0.032602322224634668 -0.034247287912772317 0.053540231278322171 -0.026677799351275136
leaf_weight=2363.4482274651527 23915.339532613754 141.04210472106934 448.36650776863098 17848.640184283257 424.68370223045349 1176.1403021812439 1827.5715693831444 520.91644084453583 13805.428300380707 2087.7633603811264 24729.400992929935 216.48359328508377 120.42879718542099 3092.4396095275879 15694.163385987282 22052.259436130524 246.98228484392166 35111.837714910507 15283.85646623373 137.9935610294342 5010.8759994506836 255.53592956066132 1026.9999302625656 7331.5011134147644 25735.749343514442 2126.4573284387589 1920.8997639417648 2444.4359906315804 2319.0228459835052 3704.9389622211456 11687.228099346161 540.51258909702301 81.13728404045105 21459.23969078064 623.61472034454346 427.00169515609741 891.19988107681274 5246.687747836113 677.54183578491211 189.49675565958023 12252.988715648651 585.25266754627228 275.53442490100861 13249.111671090126 497.70089554786682 13999.944026529789 561.37809276580811 7262.8631759881973 165.30234694480896 162.25144577026367 328.86138695478439 298.67420923709869 1149.2785860300064 672.69139039516449 3105.1117023229599 6366.5734077692032 4055.5452778339386 200.31366455554962 202.27486395835876 17090.602957963943 2517.1747042536736 543.97792041301727 1961.0275141000748
leaf_count=2398 12137 114 112 13532 338 1233 1869 86 7373 1503 32838 227 151 2641 12669 22990 144 32387 10956 50 1483 119 590 1628 6123 721 873 2430 422 627 14208 458 36 9354 218 85 160 3223 103 210 10133 353 200 7620 248 9268 80 7592 136 150 386 201 1369 287 2410 1287 890 192 238 3339 3104 153 2190
internal_value=-0.000202295 -0.0147635 0.0193689 -0.00712699 -0.0256935 -0.0288217 -0.0357704 0.0283041 0.0102548 -0.0111901 -0.0377379 -0.0161919 -0.0139458 -0.0175141 -0.0118402 -0.0237334 -0.0286688 -0.012181 -0.00188214 0.0245768 0.0170771 0.0141566 0.0021376 0.0263552 0.0267704 0.00522349 0.00666335 -0.0139137 0.0325249 0.0320911 -0.0295603 0.0176851 0.0525384 0.0170194 0.0174471 0.0308015 0.0442381 0.0010656 0.0414946 0.00175214 -0.0132586 -0.00687917 0.0058385 0.00196545 0.0194313 -0.00460301 0.0521903 -0.0212365 -0.0176269 0.00852684 -0.0282813 0.0231237 -0.0396357 -0.0144329 0.00369559 0.0299548 0.0290462 -0.0193467 -0.001348 0.0305144 -0.0313414 0.037422 -0.0197339
internal_weight=362450 207825 154625 122345 85479.7 64307.6 27183.9 78078.4 76546.4 68939.1 25356.4 21172.1 18438.5 15023.4 66851.4 37123.6 15071.4 66088.7 53406.1 41463.6 7948.02 36687.8 21557.5 33515.6 33067.3 2937.14 39858.6 49809.3 36614.7 36093.8 14824.4 762.692 222.179 22882.4 22626.8 31711.3 1879.58 20530.5 4382.48 3415.04 47364.8 16279.4 37440 13524.6 2418.6 31848.6 1452.58 11931 7889.09 626.228 4041.9 463.977 1678.45 810.685 3294.61 29831.7 27512.7 529.175 626.959 23457.2 2733.66 1167.59 3137.17
internal_count=250645 194867 55778 97652 97215 76048 35283 17483 38295 60083 33414 21167 17836 15065 58580 40765 17775 57972 37569 10404 2541 17217 14769 7863 7751 1058 21078 44950 7079 6993 17631 608 150 9844 9725 6263 325 14179 730 2771 42520 13022 19957 7820 1121 22800 240 12424 8079 487 4345 337 1947 337 2620 5938 5516 578 576 4626 3331 371 3423
cat_boundaries=0 1 2 3
cat_threshold=203424002 269500433 537139202
is_linear=0
shrinkage=0.05


Tree=18
num_leaves=64
num_cat=27
split_feature=6 6 14 14 14 14 14 14 14 14 12 7 14 19 12 12 14 11 14 14 25 21 14 19 21 21 19 14 21 14 12 12 13 14 7 31 13 14 19 19 19 14 12 14 12 14 14 11 13 14 20 19 21 14 14 14 12 9 7 12 14 20 20
split_gain=37153.6 6473.47 4668.19 1911.93 1340.8 1094.88 635.405 575.049 519.034 492.993 593.436 480.188 392.452 347.149 341.849 330.543 659.988 319.738 293.32 256.441 253.776 242.078 245.911 218.301 212.387 301.942 214.657 204.783 198.491 232.704 196.647 193.846 202.006 199.613 201.641 193.272 193.071 186.713 182.284 178.491 275.22 174.719 171.824 184.321 163.4 195.216 159.394 211.535 158.184 154.887 154.46 151.73 147.944 226.293 145.699 144.821 144.406 139.473 175.572 176.316 154.573 139.361 260.916
threshold=1.8750000000000002 0.62500000000000011 0 1 2 3 4 5 6 7 9.5000000000000018 6.1875000000000009 8 2.5000000000000004 83.500000000000014 63.500000000000007 9 0.91071426868438732 10 11 12 49.500000000000007 13 6.5000000000000009 50.500000000000007 36.500000000000007 1.5000000000000002 14 49.500000000000007 15 7.5000000000000009 230.50000000000003 322.50000000000006 16 1.366071403026581 1.7099999785423281 611.50000000000011 17 2.5000000000000004 6.5000000000000009 2.5000000000000004 18 18.500000000000004 19 270.50000000000006 20 21 0.26785714924335485 210.50000000000003 22 24.500000000000004 6.5000000000000009 49.500000000000007 23 24 25 95.500000000000014 1.3683390617370608 1.116071403026581 9.5000000000000018 26 25.500000000000004 20.500000000000004
decision_type=2 2 9 9 9 9 9 9 9 9 2 2 9 2 2 2 9 2 9 9 9 2 9 2 2 2 2 9 2 9 2 2 2 9 2 2 2 9 2 2 2 9 2 9 2 9 9 2 2 9 2 2 2 9 9 9 2 2 2 2 9 2 2
left_child=1 3 7 17 31 28 -7 20 38 14 19 27 -8 41 42 18 -17 -1 -12 -11 -2 23 -23 55 25 26 -22 -10 57 -30 39 32 -5 34 -34 -27 48 -38 -4 40 -9 -14 54 -44 45 -18 -28 -48 -16 -25 -31 52 -40 -54 -6 -15 -50 -3 60 -60 -59 62 -26
right_child=2 5 8 4 9 6 12 30 11 10 15 -13 13 21 36 16 44 -19 -20 -21 24 22 -24 49 61 35 46 -29 29 50 -32 -33 33 -35 -36 -37 37 -39 51 -41 -42 -43 43 -45 -46 -47 47 -49 56 -51 -52 -53 53 -55 -56 -57 -58 58 59 -61 -62 -63 -64
leaf_value=-0.033199936187061733 -0.0042439821858937998 -0.006129891753308938 0.016268884293058943 0.02827055289288942 0.014515109456385237 -0.0029785475305540671 -0.021670718021613064 0.025772292918396545 0.0041992096210173311 -0.0080930242029886423 -0.049258929672263543 0.035148325559094383 -0.011353152425669392 -0.019332490491091536 -0.038618096543677434 -0.040866968245729413 -0.0033611637574455372 -0.045677935595018454 -0.0310372756566854 -0.02280943642447272 0.039887778624118617 0.02972190268950585 -0.0058637195983217575 -0.015655696499039595 0.033137917897581852 0.025171492870001668 0.033031277515667062 -0.0058418090765425196 -0.0024345763099457339 0.055392623490623606 -0.022321808138867291 0.083760279713666563 0.021543226851786085 -0.0081147134754434372 -0.042377666004812971 0.0090639203939577653 0.030149669434791884 -0.015865438908056136 0.0067537115224739546 0.02946980523684789 0.016222159879116335 -0.0016490571390552957 -0.041041094877640912 -0.015254286545532264 0.042758648814262869 -0.02379587024446523 0.026283770342963992 -0.019486251775687167 0.0029130940863980777 -0.0020243486733029291 -0.00088776529916275045 0.01619075802668201 0.048573207387254902 0.0072259867073759618 -0.014693568770263675 -0.012739292360428129 0.064520610733948588 0.042894260544823308 0.0064584662406646084 -0.020916371017602617 0.0091762874585758873 0.024279979057020382 0.07301170470731054
leaf_weight=11791.882048547268 564.06349074840546 2500.2955611944199 14423.286348223686 606.38935935497284 462.03267472982407 31784.452283680439 8262.5864968895912 12178.18697810173 17959.905369520187 3481.1206438541412 4140.4204910993576 1097.7262754440308 6853.9628781676292 12966.428113102913 65.872423648834229 3972.0103197097778 2095.5807971358299 9095.3323958516121 5156.3843992352486 21320.104286968708 5934.3533142805099 599.28078782558441 2378.2741844654083 3106.2391812205315 858.21348738670349 8920.5656121969223 15054.916060090065 7068.4319217801094 462.22062742710114 578.62533187866211 259.98509585857391 71.567455291748047 1154.6484774947166 3745.5259039402008 138.04213809967041 2353.8434796333313 288.99764025211334 830.30054169893265 23533.351166725159 5686.3119364976883 19827.492213249207 14341.969982743263 1319.5337292551994 1538.72322255373 126.17361211776733 2670.6737299561501 13274.805101037025 257.26613616943359 140.92564898729324 6322.1916033029556 154.44062113761902 6658.2530891895294 537.91279828548431 867.09403908252716 4861.203965306282 24079.163214743137 292.57830929756165 582.18589860200882 7388.1109507083893 638.98959344625473 841.85294914245605 613.57745456695557 786.46698558330536
leaf_count=15467 123 1623 6162 363 330 23232 8495 3116 10258 3175 6180 266 5951 12157 69 5538 2053 13626 6739 23379 891 455 2068 2813 157 1841 2699 4848 278 286 125 31 654 3091 116 600 177 743 11778 1521 6082 11485 1585 1467 98 3101 2572 108 107 5401 87 3091 167 395 4713 20810 179 282 4244 484 494 118 106
internal_value=-0.00031657 -0.0144746 0.0178102 -0.0256223 -0.0209713 -0.0073304 -0.00895014 0.0256378 0.00841297 -0.0234644 -0.0257791 0.0027814 -0.0113548 -0.0101453 -0.0133012 -0.0326523 -0.0257437 -0.0386152 -0.0392393 -0.0207563 0.0292515 -0.0124414 0.00137934 -0.0133269 0.0296455 0.0289133 0.0312336 0.00136279 0.00630968 0.0257406 0.021002 0.00204247 0.00100853 -0.00227317 0.0146016 0.0218087 0.00767942 -0.00385531 0.0116088 0.0213065 0.0198561 -0.00479317 -0.0174684 -0.0273569 -0.0133543 -0.0148686 0.0294369 0.0253947 0.0335289 -0.00653413 0.0429513 0.00948514 0.00769476 0.0234554 -0.0121585 -0.0150557 0.0444982 0.00437143 0.00714959 0.00427909 0.0233288 0.0446215 0.0522084
internal_weight=361923 203207 158716 79366 58478.8 123841 110695 86570 72146 52762.6 42962.5 26126.1 78910.1 70647.5 9800.17 18161.2 8864.44 20887.2 9296.8 24801.2 48618.1 49451.6 2977.55 46474 48054 45795.7 34521.3 25028.3 13146.7 1195.29 37952 5716.17 5644.61 5038.22 1292.69 11274.4 1618.67 1119.3 46019.9 37692 32005.7 21195.9 8181.49 2858.26 4892.43 4766.25 28587 13532.1 499.376 9428.43 733.066 31596.6 24938.4 1405.01 5323.24 37045.6 433.504 11951.4 9451.14 8027.1 1424.04 2258.26 1644.68
internal_count=250650 193626 57024 92981 63888 100645 92867 20059 36965 59633 50263 15372 69635 61140 9370 23709 10790 29093 12919 26554 9215 43704 2523 41181 9092 8711 6270 15106 7778 651 10844 4255 4224 3861 770 2441 1275 920 21593 10719 9198 17436 8095 3052 5252 5154 5379 2680 355 8214 373 15431 12340 562 5043 32967 286 7127 5504 4728 776 381 263
cat_boundaries=0 7 13 19 26 33 40 47 54 61 68 75 81 82 89 96 103 109 114 121 128 134 138 145 151 158 165 171
cat_threshold=1074463752 4608 1638400 18434 3221225472 576 16 2551316800 9076737 1745135632 135790985 335675392 134217730 1074282504 1093671488 65539 26640 3221487682 1144652292 1107952648 16784704 2152726786 2646048 2168471552 1074921988 32 536889376 1211498508 2261009 2415919312 8912968 77594880 66 1073807368 512 524288 2 1073741824 0 16 35651584 153398596 69206018 2170560512 8388936 1142554880 32 71307316 201327652 84017920 2684420640 10485768 8718592 33 150995072 46153745 1753288704 1073877249 135463472 167772290 8 35954690 2952798208 283131968 1140850756 34181124 33559584 10 553921025 268443658 8388744 386302976 5780 268443680 4 572785280 536871048 38813736 100958272 562688 2415920128 234881282 4194304 2147483776 544 33816576 0 68608 1 14384 538050560 2151809921 302317672 23085056 536875020 66 0 2112 0 2113536 20987904 131072 32 524288 1049088 2 10240 2147483648 68289024 0 1024 0 0 8388608 348127814 537403392 268437064 605061632 1074008066 536891440 132 67108880 134218752 16777728 32 0 0 1 553650689 18 136 304513024 8832 536879104 8 512 524288 2 2424348694 67666048 584 710149120 33555456 272697440 132 0 136314880 2 0 8388672 68157440 0 134218756 131328 32 0 0 33 75530753 2483093536 33571332 542114820 1109437440 4278288 4 33554432 3136 1048576 16416 0 512
is_linear=0
shrinkage=0.05


Tree=19
num_leaves=64
num_cat=2
split_feature=6 6 6 31 6 6 5 33 0 21 33 20 19 0 5 34 19 19 25 20 5 7 19 21 20 25 19 30 22 22 13 19 21 11 3 21 31 19 5 31 13 13 6 31 20 21 5 31 7 31 2 10 21 13 13 21 21 13 8 10 13 31 13
split_gain=32962.7 5143.1 5142.81 976.581 784.93 702.527 561.833 486.381 359.796 308.415 293.827 266.539 258.414 251.995 246.085 244.432 221.956 217.271 203.702 197.737 189.807 179.128 177.413 176.629 251.452 170.416 159.149 157.469 147.937 257.197 150.707 146.531 152.592 141.979 141.755 133.557 191.348 142.687 133.372 123.966 119.292 418.998 115.113 109.719 106.937 106.039 103.894 103.891 135.453 103.638 103.408 101.428 107.274 112.419 96.6902 96.1861 174.22 179.098 112.768 95.8948 95.8799 95.6274 94.0905
threshold=1.6607143282890322 0.5892857313156129 4.6607141494750985 2.3300000429153447 0.94642856717109691 2.5892857313156132 0.21428572386503222 1.0594524145126345 10.500000000000002 48.500000000000007 0.89467304944992077 24.500000000000004 2.5000000000000004 1.5000000000000002 1.7857142686843874 -5.9532284736633292 2.5000000000000004 2.5000000000000004 0 12.500000000000002 3.2142857313156132 6.1875000000000009 6.5000000000000009 50.500000000000007 24.500000000000004 1 2.5000000000000004 4.5000000000000009 11.500000000000002 8.5000000000000018 249.50000000000003 6.5000000000000009 49.500000000000007 0.80357143282890331 15.500000000000002 42.500000000000007 1.0400000214576723 2.5000000000000004 2.7857142686843877 1.950000047683716 571.50000000000011 601.50000000000011 0.30357143282890325 2.9500000476837163 25.500000000000004 5.5000000000000009 1.5000000000000002 1.4900000095367434 0.026785715483129028 1.5699999928474428 10.500000000000002 2.6595918711791461e-07 47.500000000000007 729.50000000000011 215.50000000000003 16.500000000000004 24.500000000000004 454.50000000000006 1.0000000180025095e-35 3.0391118526458745 290.50000000000006 2.2050000429153447 153.50000000000003
decision_type=2 2 2 2 2 2 2 2 2 2 2 2 2 2 2 2 2 2 9 2 2 2 2 2 2 9 2 2 2 2 2 2 2 2 2 2 2 2 2 2 2 2 2 2 2 2 2 2 2 2 2 2 2 2 2 2 2 2 2 2 2 2 2
left_child=1 3 5 13 10 16 7 15 18 12 40 19 46 35 26 -5 -2 -7 -4 -11 22 27 -14 38 -25 -18 -12 -20 29 34 -30 32 45 -17 -23 37 51 47 -19 -16 -3 -42 60 -8 -13 -27 -6 -1 54 -32 62 -37 -53 -54 -49 61 57 -57 -59 -40 -38 -39 -10
right_child=2 4 8 6 9 17 43 -9 50 11 14 44 20 -15 39 33 25 23 21 -21 -22 28 -24 24 -26 31 -28 -29 30 -31 49 -33 -34 -35 -36 36 42 55 59 -41 41 -43 -44 -45 -46 -47 -48 48 -50 -51 -52 52 53 -55 -56 56 -58 58 -60 -61 -62 -63 -64
leaf_value=-0.023443563416183463 0.0082511065786962431 -0.0039579655224507692 -0.010395375326105231 -0.0045043486241819891 -0.0036041881264240907 0.01688466411496203 -0.013725597924129255 -0.0097515111423180333 0.044243890997351154 0.00035190507033600613 -0.0098387745199207937 -0.055519395386773134 -0.0099803137898115419 0.0063680614005847368 0.034993697594464752 -0.027870320501557785 -0.04297356423053339 0.0039625070042053519 0.010094075864223414 0.02063924895165907 0.021547275044736129 0.024209002997836362 -0.0020197779284123881 0.039363756585190396 -0.0067678783945777591 -0.011113724117499856 -0.016561363069778377 0.021510478739254379 0.068631722693331093 0.016116412048178673 0.034685203157796024 0.0077381188336724171 0.014345181261579527 -0.03678696874418013 0.034396345356499901 -0.037306839196236397 0.007249642314351188 -0.017790647203400303 0.0084386437012800766 -0.0011332224481738285 0.1062060344188543 -0.0052298400188009386 -0.018388436627669463 -0.023905172811147176 -0.010254260554813464 -0.00034727226043654839 0.0042385991957294448 -0.038742295076626694 -0.012351467562206463 0.0071549395287253473 0.032165308040486444 -0.0233717897366814 0.0079178252592350049 0.085087551745769305 0.01133686203852023 -0.030756422617234852 -0.021181978323393705 0.011521022818973905 -0.01400138551775303 0.015546636290952855 -0.043100963689526872 -0.033175770928581198 0.025272327502119815
leaf_weight=769.73552471399307 15033.214598178864 275.93026554584503 475.87342894077301 667.01517868041992 12782.98384219408 14560.91022670269 3052.5388900637627 2138.2781761884689 685.96036982536316 2275.1128344535828 12547.010258853436 153.53701305389404 34309.675419569016 1259.5962495803833 310.78123503923416 5496.341845870018 209.50472950935364 9984.0129905939102 4709.6197909116745 2544.2161965966225 537.16522842645645 21209.9368724823 8792.831448674202 1056.53699862957 409.97728562355042 2552.6872019171715 29514.689395308495 8423.030784368515 292.52335834503174 9279.3881282806396 2559.6187901496887 6834.8336642384529 1626.6252562999725 23819.436854124069 4070.8098884820938 95.732140600681305 101.07804483175278 2649.5982664823532 13138.593850374222 1005.3451696038246 141.9040555357933 207.75516790151596 1045.4735609292984 19951.026283502579 866.1475870013237 21962.939636290073 6305.5968952178955 103.32387322187424 1795.7742355465889 394.61428570747375 14183.9349848032 87.684631586074829 102.48410278558731 87.413436055183411 1416.5971205234528 487.22302949428558 3350.5649914741516 1314.0062732100487 645.23570573329926 7427.9963972568512 1457.7804122567177 1632.6390427947044 13877.389090180397
leaf_count=852 8221 238 127 668 9723 5750 3176 2271 126 1723 11521 132 27763 1033 190 6825 140 4894 1486 1805 313 4409 6924 322 160 1657 28653 2606 48 2165 447 4110 895 33550 715 140 98 2705 6169 809 74 195 1072 23168 668 13790 4369 125 1896 98 2341 79 89 38 1297 522 3694 1161 622 2899 1831 1882 2731
internal_value=-0.000256638 -0.0149051 0.0153243 -0.0251901 -0.0081874 0.00744134 -0.0285195 -0.0327913 0.0246463 -0.00484268 -0.0133992 0.00614834 -0.00586578 -0.0152166 -0.0138899 -0.0344343 0.00321094 0.0118208 0.0221415 0.0110622 -0.00798825 0.0224431 -0.00835639 0.00951784 0.0264677 0.000927778 -0.014556 0.0174164 0.0241951 0.0232363 0.0344 0.00121948 -0.000484366 -0.0351153 0.0258495 -0.0168026 -0.0264285 -0.0147789 0.00870411 0.00739956 0.0206206 0.0400122 -0.0312272 -0.0225544 -0.0170747 -0.00146837 -0.00101344 -0.00689637 -0.00305437 0.0310082 0.0291263 0.00704758 0.0223524 0.0434666 0.00793017 -0.0179738 -0.0137754 -0.00363124 0.00311546 0.0110059 -0.0398359 -0.023657 0.0261662
internal_weight=361058 186097 174961 73526.6 112571 94797.8 55124.6 32121.1 80162.7 68567.3 44003.4 5839.01 62728.3 18401.9 43377.8 29982.8 48219.8 46578 51415.4 4819.33 43639.7 50939.5 43102.5 32017.1 1466.51 33186.6 42061.7 13132.7 37806.9 34560.1 3246.76 32977.1 26142.3 29315.8 25280.7 17142.3 2977.65 14164.7 30550.6 1316.13 625.589 349.659 2604.33 23003.6 1019.68 24515.6 19088.6 4085.43 3315.7 2954.23 28747.3 373.314 277.582 189.898 1519.92 10079.3 5797.03 2446.47 1959.24 20566.6 1558.86 4282.24 14563.3
internal_count=250200 183894 66306 88794 95100 49007 69658 43314 17299 53420 41680 4328 49092 19136 41173 41043 28813 20194 12101 3528 35000 11974 34687 14444 482 20592 40174 4092 7882 7289 593 20452 16342 40375 5124 18103 3347 14756 13962 999 507 269 3001 26344 800 15447 14092 4170 3318 545 5198 346 206 127 1422 10586 5999 2305 1783 9068 1929 4587 2857
cat_boundaries=0 1 2
cat_threshold=135270402 134217730
is_linear=0
shrinkage=0.05


Tree=20
num_leaves=64
num_cat=26
split_feature=6 14 6 14 14 14 6 6 14 14 12 6 12 14 14 14 12 14 14 14 14 12 25 29 21 5 33 13 12 14 25 14 14 14 14 21 14 20 14 33 30 30 29 21 20 13 12 5 13 8 31 19 14 33 19 14 8 19 7 5 19 14 14
split_gain=30239.8 4760.29 4746.4 1880.85 1271.05 856.246 509.773 491.791 470.104 442.053 422.248 371.352 328.183 515.569 337.171 313.543 282.842 279.325 270.978 249.739 240.917 239.999 210.994 244.758 199.298 198.282 195.976 190.412 206.381 208.79 172.329 171.93 171.244 168.562 166.101 165.798 277.73 181.462 167.029 153.905 150.239 146.942 146.784 146.541 257.532 144.577 155.975 143.296 151.009 142.237 139.667 139.459 138.792 136.534 130.366 151.142 128.682 123.032 122.59 117.474 115.047 144.187 124.423
threshold=1.6250000000000002 0 0.5892857313156129 1 2 3 2.553571462631226 0.94642856717109691 4 5 8.5000000000000018 0.12500000372529033 63.500000000000007 6 7 8 63.500000000000007 9 10 11 12 246.50000000000003 13 4.5000000000000009 49.500000000000007 2.6428570747375493 0.97084540128707897 312.50000000000006 22.500000000000004 14 15 16 17 18 19 48.500000000000007 20 24.500000000000004 21 0.93710899353027355 15.500000000000002 21.500000000000004 4.5000000000000009 50.500000000000007 25.500000000000004 357.50000000000006 2.5000000000000004 3.6428570747375493 159.50000000000003 2.0644299983978276 5.2550001144409189 6.5000000000000009 22 1.0371579527854922 2.5000000000000004 23 0.43295724689960485 6.5000000000000009 0.24107142537832263 2.2142857313156132 2.5000000000000004 24 25
decision_type=2 9 2 9 9 9 2 2 9 9 2 2 2 9 9 9 2 9 9 9 9 2 9 2 2 2 2 2 2 9 9 9 9 9 9 2 9 2 9 2 2 2 2 2 2 2 2 2 2 2 2 2 9 2 2 9 2 2 2 2 2 9 9
left_child=2 9 3 11 16 31 15 20 21 22 17 -1 14 26 -12 -3 27 -10 -9 -8 -7 41 -2 43 53 45 -14 -5 34 42 -27 -4 -17 -22 -29 38 37 50 56 -33 -26 -6 -30 -24 -45 -11 -47 -25 -49 -42 -37 -32 -13 54 55 -21 -20 -56 -19 -41 61 -40 -62
right_child=1 6 5 4 8 7 19 18 10 25 12 52 13 -15 -16 32 -18 58 35 24 33 -23 23 47 40 30 -28 28 29 -31 51 39 -34 -35 -36 36 -38 -39 60 59 49 -43 -44 44 -46 46 -48 48 -50 -51 -52 -53 -54 -55 57 -57 -58 -59 -60 -61 62 -63 -64
leaf_value=-0.045923121745987609 -0.0047936945339421902 0.0068908540344538687 0.02186137469306559 0.024869691371927662 -0.015286188308929416 -0.0047324562618313816 0.0022561561538256506 -0.016644419454452747 -0.02508461828213748 0.02631508864920894 -0.048193265809142134 -0.019310716732606557 0.00024625117512757071 -0.010166304606533359 -0.028749497120096296 -0.011912205734096092 0.019941872294312199 -0.0038234493084150448 -0.038790239238713727 0.0093827518085527299 -0.024166597637384265 0.057502986183610764 0.028452092566754655 0.010486923513061115 0.01561952516848307 -0.0037901895271763293 -0.039108510358653863 -0.012837543455948633 0.038247875784757433 -0.033664634153879332 0.018331803373937885 0.048540869938726479 0.00024637261532354778 -0.013908756528020226 0.018638740710234736 0.028193708237217303 -0.0039541540538261333 -0.017098728324619585 -0.0066069756302109444 -4.094645732834327e-05 0.011307535270826896 0.0053932118007554378 -0.018759743422728077 0.058775050843242374 0.013948868471960953 0.0091612209366999132 -0.015759703223377622 0.039178623095914709 0.022892065549299002 0.058178795792587758 0.099965348043415572 0.027728007118608157 -0.034735309209313732 -0.0023407390541310747 0.0075260279859188208 0.02245928651708359 -0.010571899117513673 0.017225279383222721 -0.016961978396995172 0.017610469073055534 -0.010756865265727732 0.0047437707774039758 -0.0036077188677807945
leaf_weight=8774.8176648616791 594.12648725509644 21159.161507129669 1402.4505348205566 475.79788106679916 7830.2382816076279 6434.538166642189 8190.0119427442551 5907.3023926019669 12601.120587646961 832.31337344646454 3932.8407266736031 1934.2100255489349 345.89141774177551 3934.2101663351059 5520.8708266615868 3319.0650915503502 1710.6080657243729 2370.3976434469223 420.3093603849411 3935.8234376907349 4665.7557638287544 122.2285760641098 18977.832232236862 2218.2377700805664 1039.6576324701309 798.95333552360535 3701.7544059753418 811.47191965579987 203.81286263465881 1103.3056296110153 25241.580662608147 182.25459659099579 22258.687371134758 30220.471925318241 846.42095202207565 921.21464484930038 3054.0004967451096 215.76312702894211 5088.0687382817268 7665.1823323369026 228.03435802459717 964.83764696121216 252.93347334861755 1023.2594701051712 466.56966972351074 2566.1690446138382 831.13933765888214 1488.2447106838226 32656.306370377541 558.14370059967041 73.09288227558136 4681.852886557579 7457.9779343008995 1782.3383764028549 15245.651650667191 5187.5141804218292 10369.753998637199 4162.1140304803848 7074.101603448391 1074.6497818231583 10091.830695927143 6190.6086490750313 15402.672535061836
leaf_count=14160 124 11866 675 318 7919 5505 4427 5494 15183 299 6294 2278 358 4260 7543 2536 895 2360 394 1655 5164 58 3469 621 382 253 5451 754 141 1182 7189 86 14215 29478 581 652 2390 174 3840 5186 87 857 220 144 85 986 371 250 6038 129 43 1231 10558 819 7058 1893 8981 1767 7429 626 8335 4394 12033
internal_value=-0.000217819 0.0143343 -0.0146169 -0.024589 -0.019879 -0.00805545 0.00594333 -0.00948313 -0.0224482 0.0222398 -0.024796 -0.0385058 -0.0306168 -0.0231507 -0.0369201 0.00239003 0.00312823 -0.0202036 -0.00650358 0.0100626 -0.0136485 -0.0120368 0.0249478 0.0252596 0.0120475 0.0177848 -0.0356574 -0.00465019 -0.00901557 -0.0220684 0.0191873 0.00564557 -0.00133545 -0.0152873 0.00326751 -0.00534345 0.00410047 0.0242598 -0.00619123 0.00307479 0.0280941 -0.0130176 0.00653832 0.0296378 0.0447387 0.00764001 0.00306412 0.022802 0.0236021 0.0445868 0.0334793 0.0197954 -0.0316166 0.0110849 0.0119236 0.0168531 -0.0116606 0.00960617 -0.0136501 0.00212965 -0.00458194 -0.000378475 -0.00644333
internal_weight=360793 179443 181350 71969.8 53802.8 109380 87066.2 99055.4 48398.5 92376.6 39481.2 18167 17435.6 7981.86 9453.71 46736.9 5404.35 22045.6 57734.6 40329.3 41320.8 8917.3 57424.6 56830.5 32139.3 34952 4047.65 3693.74 3217.94 1560.05 30722.4 10324.5 25577.8 34886.2 1657.89 51827.3 4264.07 1210.07 47563.2 8922.09 1825.84 8795.08 456.746 20467.7 1489.83 4229.62 3397.31 36362.8 34144.6 786.178 994.308 29923.4 9392.19 30313.4 28531.1 9123.34 10790.1 19407.8 9444.5 8739.83 36773.2 11278.7 25494.5
internal_count=250143 67894 182249 88799 61803 93450 46834 86877 57712 21060 48878 26996 23906 10069 13837 28617 4091 24972 46730 18217 40147 8834 10731 10607 13790 10329 5809 3196 2878 1543 8673 6573 16751 34642 1335 41236 3259 869 37977 5898 598 8776 361 3698 229 1656 1357 6909 6288 216 695 8420 12836 13192 12373 3548 9375 8825 9789 5812 28602 8234 20368
cat_boundaries=0 7 13 19 26 33 40 47 54 60 67 74 80 87 88 94 95 101 108 115 121 127 134 138 145 152 159
cat_threshold=1074463752 4864 1638400 18434 3221225472 576 16 2282881346 688128 679798800 135790925 335675392 134217730 544776 1093672512 3 75776 3229614146 1144652292 34212872 16783432 2152726784 271081504 2172666112 1142030848 64 1145045044 201326628 84083456 536887856 2367496 330048 33 1073807368 4608 524288 2 1073741824 0 16 304129152 2961186816 274726976 1073741952 34182148 33559584 14 553921025 8396810 136 386302976 5780 268444704 4 102785040 152176712 73400450 2148016224 29360386 1074266372 268437504 2449555473 1073742912 1346506880 135333920 541069496 192 360710789 2189950992 8458818 1611661312 1074857488 37748800 4 339740688 1074791432 2235695873 805863472 16793610 1073819652 1614807072 137659524 2244610 16777360 1078202436 10750016 3 203423746 8 1049088 1 2048 2147483650 1075839488 206345230 34209800 16781312 1048576 0 2147483648 131584 2151711233 144 285246472 687900164 268484 268500992 6 220201744 12599299 1744902144 134349057 202506256 33554594 4 4096 0 1 65536 8388610 2621440 4227072 1344275616 67239984 2281963524 524360 2416512000 2129936 337707042 33570824 88245772 134230082 19584 136 2 163840 8437776 1572940 2097184 64 2097154 2149588992 12582976 67239936 64 541077506 1610621952 285377717 134217920 2359428 539230240 3 1073745920 296068 335544320 2315518016 35686436 2424381496 33
is_linear=0
shrinkage=0.05


Tree=21
num_leaves=64
num_cat=30
split_feature=6 6 14 14 14 14 6 14 7 14 0 8 14 14 6 14 33 14 7 14 7 14 14 7 13 25 0 33 14 9 22 14 20 13 14 14 22 14 14 25 41 13 14 21 8 14 22 22 14 25 29 14 21 14 13 14 14 8 22 14 33 21 21
split_gain=27586.3 4382.82 4073.41 1892.88 1165.99 846.462 557.173 506.568 424.12 407.112 375.403 296.155 280.186 264.284 263.954 255.606 223.126 240.729 405.066 248.623 203.312 412.149 243.115 198.44 204.758 198.323 187.79 186.977 186.298 182.46 175.262 243.779 172.706 170.611 165.394 162.534 149.094 266.63 141.997 141.175 142.297 131.551 130.691 148.546 202.648 130.003 190.672 129.667 186.758 125.266 174.544 124.782 116.252 150.534 115.598 111.645 110.834 126.786 164.092 117.612 110.816 106.431 229.681
threshold=1.6250000000000002 0.55357143282890331 0 1 2 3 0.94642856717109691 4 5.7589285373687753 5 5.5000000000000009 0.18898283539402885 6 7 0.12500000372529033 8 0.88595262169837963 9 0.026785715483129028 10 0.27678571641445165 11 12 1.116071403026581 130.50000000000003 13 1.5000000000000002 1.0473631620407107 14 4.1140325069427499 11.500000000000002 15 24.500000000000004 204.50000000000003 16 17 11.500000000000002 18 19 20 1.5000000000000002 275.50000000000006 21 47.500000000000007 3.4448332542069698e-07 22 5.5000000000000009 11.500000000000002 23 24 2.5000000000000004 25 34.500000000000007 26 347.50000000000006 27 28 0.43295724689960485 11.500000000000002 29 0.8727768361568452 44.500000000000007 31.500000000000004
decision_type=2 2 9 9 9 9 2 9 2 9 2 2 9 9 2 9 2 9 2 9 2 9 9 2 2 9 2 2 9 2 2 9 2 2 9 9 2 9 9 9 2 2 9 2 2 9 2 2 9 9 2 9 2 9 2 9 9 2 2 9 2 2 2
left_child=1 3 10 20 14 23 15 25 28 61 39 16 -8 -13 -5 -7 -11 27 33 -20 22 -22 -1 24 -3 -4 -27 -18 -9 -12 34 32 -32 -19 -14 -17 52 -38 -26 -2 45 -24 43 55 -45 46 -41 -30 -49 50 -31 -16 -28 -54 -10 -43 -25 -58 -59 -60 -47 62 -6
right_child=2 5 7 4 9 6 12 8 54 11 29 13 30 -15 51 35 17 18 19 -21 21 -23 41 56 38 26 36 -29 47 49 31 -33 -34 -35 -36 -37 37 -39 -40 40 -42 42 -44 44 -46 60 -48 48 -50 -51 -52 -53 53 -55 -56 -57 57 58 59 -61 -62 -63 -64
leaf_value=0.068545682269881614 -0.011322996442614745 0.091771833526894317 -0.016874403946521701 -0.044862634303515871 -0.016357681020095986 -0.00435417179335404 -0.015657568976839623 -0.012903873429570722 0.037649574412573647 0.0092141384332310085 0.017924670631339255 -0.0078055240052525739 -0.001665694893062594 -0.023312949243776533 -0.015402825925849843 -0.023550648071398186 -0.040250026793566984 -0.047444225214084347 -0.046707543492925635 -0.025146224367275073 -0.041408500429462147 0.003671014557610373 0.042184337062139969 0.015029956422000902 -0.0051607570061147677 0.005025226544957611 0.012366342991954413 -0.013224687633291375 0.00010281091596954903 0.031676536168487417 0.032411356831074482 -0.0027466004500272733 -0.014292925736732602 -0.012780347874677734 -0.0079613448430889532 -0.013866479760944843 0.037161295157003456 0.0060450695760952324 0.022169800454413316 0.0034523196156270629 0.0069412692910082443 -0.035363946471490666 0.011107987002851255 -0.020265686146501802 0.095145096018138711 0.047449734143657663 0.019552563718099339 0.036677947996365964 0.0034242240906305378 0.012808041846987306 0.023710135760480592 -0.03448879041758323 -0.0050112494250689867 0.0093727100121833006 -0.0029592707041110992 0.0029431328028384301 -0.020361045245280731 -0.0017815326049306071 0.057679974353472913 0.010999178549881279 0.019380124074571931 -0.027228940536953274 0.0035304592857924814
leaf_weight=159.90360355377197 440.01848328113556 90.278391480445862 735.25668954849243 8169.3283335566521 4479.0705970525742 6441.4054909348488 6846.0880635380745 2611.8194828033447 971.42352592945099 364.83757156133652 12775.864825367928 3377.0237960219383 15913.021273910999 15586.363628685474 1047.8094652295113 5033.0387769341469 6395.9405856132507 383.44744253158569 2474.4405093789101 3140.4813858270645 679.67364025115967 1913.3883317708969 248.35360115766525 1277.6195530891418 641.63683134317398 18115.841950893402 21776.900662064552 711.310278236866 27942.986813008785 8565.3615076541901 1013.2896528244019 3235.5959631800652 245.92613130807877 4767.9054040312767 30386.568699598312 33406.545910537243 1448.9638063907623 1331.0545971393585 1831.4408777952194 3391.0041282176971 3155.6528295278549 462.9429520368576 2163.1039569377899 81.038278222084045 71.530285239219666 356.58452820777893 4017.7105621099472 586.87461769580841 1469.0175740718842 2189.5444921255112 34880.012705683708 6631.6708927750587 2420.9245562553406 7265.4847927093506 213.79732751846313 323.28916943073273 750.29758149385452 4661.8050000667572 182.38075411319733 506.73175406455994 25001.72295665741 1024.4172194004059 2147.7581442594528
leaf_count=64 133 33 380 13694 4676 5587 6432 2038 212 339 3142 3308 11808 18728 1242 5607 9991 522 4038 4220 808 1561 135 693 468 9293 10019 905 17716 1424 685 2539 200 5464 25262 33345 483 617 1084 1245 991 468 1317 85 26 76 1371 310 891 411 6339 9702 1229 3409 59 266 576 2963 87 293 6226 1157 1976
internal_value=-0.000178594 -0.0140937 0.013553 -0.0242374 -0.0269037 -0.00806816 -0.00941846 0.0057312 0.000944951 -0.0227696 0.0207214 -0.0249364 -0.00616681 -0.0205678 -0.0385817 -0.0135966 -0.0294922 -0.0302823 -0.0254637 -0.0347767 0.00232213 -0.00829155 0.0101694 0.0058594 0.0178499 0.008777 0.0091404 -0.0374927 -0.000122641 0.0232065 -0.00488357 0.00454164 0.0231061 -0.0153615 -0.00579964 -0.0151403 0.0113201 0.0224192 0.0151478 0.0167352 0.0170773 0.00715527 0.00437247 -0.0111461 0.0338704 0.0180586 0.0121671 0.000994152 0.0131132 0.0246852 0.025275 -0.0319498 0.0103394 0.00578221 0.0303247 -0.0200265 0.00170176 -0.00111223 0.00158506 0.0243568 0.0197672 -0.0122149 -0.00991197
internal_weight=360933 179269 181664 66805 60701.8 112464 102521 86890.3 33795.9 44853 94773.5 37201.8 57640.5 18963.4 15848.8 44881 18238.4 17873.5 10766.3 5614.92 6103.22 2593.06 3510.16 9942.19 2563.36 53094.4 52359.2 7107.25 32610.7 58410.8 50794.4 4494.81 1259.22 5151.35 46299.6 38439.6 34243.3 2780.02 2473.08 36362.7 35922.7 3350.26 3101.9 938.801 152.569 32767 7408.71 29998.9 2055.89 45634.9 43445.4 7679.48 31463.3 9686.41 1185.22 786.232 7378.83 6101.22 5350.92 689.113 25358.3 7651.25 6626.83
internal_count=250368 182354 68014 84692 79962 97662 91465 46656 21226 55324 21358 47515 46926 22036 24638 44539 25479 25140 14244 8258 4730 2369 2361 6197 1585 25430 25050 10896 20955 11316 40494 3424 885 5986 37070 38952 15757 1100 1552 10042 9909 2297 2162 845 111 8918 2616 18917 1201 8174 7763 10944 14657 4638 271 734 4612 3919 3343 380 6302 7809 6652
cat_boundaries=0 7 13 19 25 32 39 46 53 60 67 73 79 84 85 91 98 105 112 119 125 126 131 137 144 145 149 156 160 166 170
cat_threshold=1074463752 16781824 1638400 18434 3221225472 576 16 1141391368 1093672512 65539 10256 3221225546 1077543428 2282881344 163840 679798800 202899917 335675392 134217730 1107428360 19929416 2152857856 2646048 2172666112 1074921984 35651600 2231620 69206018 2149589088 14680384 1075450116 32 549457956 201326628 85067528 2684437024 10485760 67438848 32 354419332 2189950992 42013256 1142030336 1074861584 33554432 4 35922432 541073544 39846048 33849344 572032 2449474560 73 541065248 2282128516 2097170 285212864 1078722628 545523776 35 270574594 2961711113 270532672 1073741824 34149396 33559584 14 17041937 4210690 33554592 321291264 640 272637952 67108872 2098688 2 10256 0 4 0 512 0 2048 2 134524930 2957017600 24 285230080 687900164 6272 268435456 4751377 1073743008 335560736 134479876 524360 2215183360 65 2684373026 1208090624 2130069 2415984848 4718600 606601476 66 2349597504 12599297 1610682369 131329 68288658 167772322 4 0 2097472 2 32 8388928 1073741828 32 0 1048576 4194304 0 0 1073741824 202440706 1140850688 64 65536 16 8 1024 0 1048576 16384 0 512 0 134217728 4325888 0 524288 2214592512 64 1376871473 0 163840 49168 1572940 33554432 132160 67108866 2097152 2097152 1074790400 32 1073741824 0 65536 16 1073872904 16781312 2148532224 0 2164277248 131072 33554432 2097152 4194304 524320
is_linear=0
shrinkage=0.05


Tree=22
num_leaves=64
num_cat=33
split_feature=6 6 14 14 14 14 12 0 14 7 14 12 14 14 14 14 7 14 7 14 33 14 14 25 22 14 22 14 25 14 25 14 33 33 14 25 14 42 33 33 1 0 14 8 14 12 14 0 12 14 14 22 10 12 14 14 14 29 11 12 14 33 34
split_gain=24377.2 4164.61 3487.07 1756.3 1226.88 615.714 595.954 468.467 420.454 416.72 390.389 594.533 444.894 368.484 329.208 284.93 281.161 263.155 248.161 321.216 211.859 181.126 176.909 170.113 173.399 422.29 196.805 235.026 159.449 154.713 150.727 147.066 144.952 153.111 141.151 138.727 138.625 182.489 133.366 132.269 129.829 128.267 160.141 165.8 126.107 122.647 228.963 120.881 119.246 187.07 118.29 115.663 115.287 113.159 120.681 112.592 112.224 108.547 111.588 107.18 189.957 116.693 116.066
threshold=1.6250000000000002 0.66071426868438732 0 1 2 3 8.5000000000000018 5.5000000000000009 4 0.18750000000000003 5 65.500000000000014 6 7 8 9 5.7589285373687753 10 0.29464286565780645 11 0.89467304944992077 12 13 14 11.500000000000002 15 8.5000000000000018 16 17 18 19 20 0.90561750531196605 1.056174159049988 21 22 23 13.500000000000002 0.97655257582664501 1.0933691263198855 11.500000000000002 1.5000000000000002 24 0.43295724689960485 25 97.500000000000014 26 1.0000000180025095e-35 238.50000000000003 27 28 5.5000000000000009 1.7055581212043764 5.5000000000000009 29 30 31 9.5000000000000018 0.23214285820722583 157.50000000000003 32 1.0753411054611208 -1.0000000180025095e-35
decision_type=2 2 9 9 9 9 2 2 9 2 9 2 9 9 9 9 2 9 2 9 2 9 9 9 2 9 2 9 9 9 9 9 2 2 9 9 9 2 2 2 2 2 9 2 9 2 9 2 2 9 9 2 2 2 9 9 9 2 2 2 9 2 2
left_child=1 3 7 9 18 50 14 30 23 -1 32 12 -12 -7 -6 -15 22 59 31 38 36 -22 -10 -4 26 -26 29 -28 -9 52 -2 -5 -8 -34 -16 -30 37 -17 -20 45 -37 42 43 -32 -14 46 -19 -23 49 -33 -3 -45 -25 -52 -55 -43 -21 58 -42 61 -61 -13 -62
right_child=2 5 8 4 6 13 10 28 16 -11 11 17 44 15 34 20 -18 39 19 56 21 47 -24 24 25 -27 27 -29 35 -31 41 48 33 -35 -36 40 -38 -39 -40 -41 57 55 -44 51 -46 -47 -48 -49 -50 -51 53 -53 -54 54 -56 -57 -58 -59 -60 60 62 -63 -64
leaf_value=-0.043070441147987241 -0.012662096328937798 0.01891842459513909 -0.012543155473657072 0.054845565680405842 -0.0015221016811118489 -0.0025765026487287912 -0.00071641896421685677 -0.0030589997046544144 -0.0097527180236466199 -0.028496518280384509 -0.042994951561602712 -0.027611785482569318 -0.027032268382601046 -0.0060514259861903933 -0.021851289160179456 0.1107033914350689 0.024970390880172486 -0.052803836271495888 0.034449314110966599 -0.0069459102387622491 -0.0207938925044398 -0.014728774894428193 0.0011144239063099008 0.00039326254492352537 0.036924307726068195 0.0047665835224020812 -0.0060142403894980498 0.0074470962602753172 0.044715257319355856 0.0057439658702629981 -0.030375965950614498 -0.027552170645828357 -0.04164423366544958 -0.012035958625755103 -0.014477913345597716 0.019909446683950782 -0.0058489174180099031 0.019032606660352832 -0.041028720716428206 0.045100057340472323 0.026726843656459238 0.020829093860038096 0.014434419015757972 -0.0056019615892222334 -0.0097169777659204329 0.01352151852072029 -0.002628319664853006 -0.0087850034660502396 0.068178168278711926 0.011808048025520178 0.0049610928807699434 0.013819850573972992 0.013702040692227023 0.0098448966859112225 -0.029653685065773091 0.014068812987651381 0.017035865255693543 0.020189065852122753 0.050520858075577393 0.036160370164182047 0.014452145642786851 0.026017317830526278 -0.041391259519763364
leaf_weight=9176.8052200675011 498.45071458816528 1351.875928401947 1008.8016422986984 178.30010306835175 3478.8352122306824 22203.254224598408 254.31412124633789 650.4404125213623 4360.3631149530411 10539.149674415588 4089.9312190413475 2424.5189073681831 2612.5039745569229 27644.297232210636 12332.125103056431 73.79202663898468 1128.6967459917068 251.89991879463196 63.466886401176453 1224.3105670809746 6400.5861328840256 16286.397050559521 26163.295631051064 1803.2540946006775 1709.267444729805 2540.3949936628342 5337.2268862724304 8230.7775731086731 668.696857213974 16713.906702518463 365.33142960071564 327.6931517124176 5440.7282716035843 474.84159135818481 14218.689520716667 37318.579468727112 323.65136325359344 204.85954290628433 741.24978923797607 153.82340294122696 12317.664207696915 10560.852781176567 7686.1457080841064 1374.6280771493912 1820.9084320664406 841.92779636383057 1749.0238669514656 18018.87928456068 83.69476854801178 2899.1907089352608 7189.4018678665161 1732.7668924331665 16668.222973227501 309.17303073406219 498.38803750276566 15482.077007770538 797.0969575047493 7766.7561123371124 513.32505583763123 205.19248551130295 142.1035270690918 105.78735792636871 269.20534074306488
leaf_count=15727 153 652 532 73 3186 16971 273 154 3356 14888 6554 3026 3503 22950 14830 48 257 322 29 1089 6871 15782 16424 1016 604 1184 2731 4000 114 8386 172 273 8945 593 15047 7709 307 171 878 94 1925 2269 2289 483 2071 720 1773 16743 28 1860 4471 576 7453 208 406 4583 506 1298 88 222 106 91 386
internal_value=-0.000430192 -0.0136304 0.0123942 -0.0223886 -0.0179404 -0.00692937 -0.0205219 0.0188891 0.00504196 -0.0352623 -0.0270231 -0.022525 -0.0310869 -0.00818215 -0.0160177 -0.00998657 0.000465247 -0.0106828 0.00285251 -0.00815562 -0.0126179 -0.0130566 -0.000440825 0.00772344 0.00811149 0.0177995 0.00726865 0.00215288 0.0216641 0.00924135 0.014534 0.0117777 -0.0376179 -0.0392678 -0.0179097 0.0219354 0.0168142 0.0418388 -0.0346419 -4.34658e-05 0.0216646 0.0148978 0.0104165 0.00147767 -0.0199587 -0.00248778 -0.00922435 -0.0116035 0.00926289 0.00776146 0.00528894 0.00522826 0.0123961 0.00296394 -0.0147777 0.0168237 0.00254845 0.024855 0.0276791 -0.0207481 -0.00211917 -0.0253687 -0.0215746
internal_weight=360002 177402 182600 76897.3 57181.4 100505 50866.4 96935.7 85664.2 19716 20836.7 14666.8 8523.34 91155.7 30029.6 68952.5 31652.4 6143.48 6315 2826.12 41308.2 40705.9 30523.7 54011.9 53003.1 4249.66 48753.4 13568 59235.5 35185.4 37700.3 3488.88 6169.88 5915.57 26550.8 58585 602.303 278.652 804.717 2996.67 57916.3 37201.8 11158.9 3472.73 4433.41 2842.85 2000.92 34305.3 3310.58 3226.88 9348.84 3107.39 18471.5 7996.96 807.561 26042.9 2021.41 20597.7 12831 3146.81 616.501 2530.31 411.309
internal_count=250429 182673 67756 97093 66478 85580 61742 21813 45943 30615 28679 18868 12128 79843 33063 62872 20037 6740 4736 2502 39922 39396 19780 25906 25374 1788 23586 6731 11288 16855 10525 2234 9811 9538 29877 11134 526 219 907 2909 11020 10372 3520 1231 5574 2815 2095 32525 2161 2133 5737 1059 8469 5085 614 6852 1595 3311 2013 3831 714 3117 492
cat_boundaries=0 7 13 20 26 33 40 46 53 59 66 72 79 86 93 94 100 107 108 114 115 120 127 128 134 140 147 151 157 163 169 176 182 188
cat_threshold=1074463752 4864 1638400 18434 3221225728 576 16 2282881346 8945665 1745102864 135791049 335675392 134221826 1074286600 1093672512 1048578 10256 3229876290 1075446276 32 1107954696 18880832 2152726786 271081504 2164277248 1142030848 35659776 153095238 69206530 2149654624 12582978 1075446020 32 41984 2952929280 278974656 1140850692 33625108 37749792 14 621021841 4194314 50332200 319194144 33408 2415927312 541327392 1209271308 2129937 65680 12583176 814285124 66 637796352 738328708 123896072 33899040 565248 2149582912 20496 537043072 335691936 2198077512 67928068 2149852160 33 841220224 37765272 54657056 50348032 557056 2415919312 8 2098688 2 2064 8388608 4 32 354426944 42483729 1744900096 1073873153 1209204752 171970560 8 2957017600 152 318817304 687900164 268416 276889600 4 135016710 0 2097216 514 32 8388672 1048580 33554432 16778310 67108864 2162688 8388610 1074790404 32 134748418 33554432 16780354 69206016 2162688 8388610 1075314944 202375171 0 512 0 2048 2 268470400 302071824 4161 3225555968 135268384 541082040 128 268451857 270540800 2147483648 0 0 1024 4096 1074397184 0 0 16384 0 512 268435456 167854224 67109124 6308352 1583136 545259648 193 16 0 512 32800 1073741824 64 1048576 0 0 1074266112 34210824 16781312 2148532224 0 0 131072 2048 64 0 16384 2164260864 1074790400 1074397192 4096 524288 0 1073741824 0 16 20480 1073743936 0 8192 66 512 0 128 131072 16384 557056 2147483648
is_linear=0
shrinkage=0.05


Tree=23
num_leaves=64
num_cat=2
split_feature=6 6 6 31 5 33 6 7 6 8 19 12 12 12 12 22 29 25 20 19 11 19 0 25 21 33 19 19 5 21 21 31 20 19 31 21 11 12 12 31 9 13 33 13 33 36 19 31 2 11 21 20 10 21 33 21 31 19 21 22 21 33 31
split_gain=22604.8 3693.03 3206.99 815.771 665.738 481.082 446.322 420.417 389.148 301.316 258.938 248.958 247.759 397.288 284.354 212.87 206.162 210.217 204.617 184.833 172.918 170.899 164.112 162.014 162.462 149.507 149.06 168.796 131.751 130.844 174.351 158.501 139.082 130.389 123.443 116.136 126.085 115.458 195.409 343.144 187.826 191.633 125.808 114.852 114.286 112.456 111.715 111.143 111.104 158.43 135.748 131.692 107.469 106.932 177.778 175.422 124.462 104.702 102.931 102.134 102.024 161.555 132.294
threshold=1.4464285969734194 3.5892857313156132 0.41071428358554846 2.3300000429153447 1.5000000000000002 1.0546653866767886 0.80357143282890331 6.6517856121063241 2.4107142686843877 1.0000000180025095e-35 1.5000000000000002 67.500000000000014 99.500000000000014 63.500000000000007 2.5000000000000004 11.500000000000002 5.5000000000000009 0 24.500000000000004 1.5000000000000002 0.62500000000000011 1.5000000000000002 1.0000000180025095e-35 1 49.500000000000007 0.89467304944992077 1.5000000000000002 5.5000000000000009 1.0000000180025095e-35 16.500000000000004 42.500000000000007 1.9100000262260439 8.5000000000000018 2.5000000000000004 1.1299999952316286 5.5000000000000009 0.48214285075664526 177.50000000000003 89.500000000000014 4.4149999618530282 1.0000000180025095e-35 611.50000000000011 0.99996969103813182 709.50000000000011 0.99996969103813182 1.0000000180025095e-35 6.5000000000000009 4.9349999427795419 16.500000000000004 0.19642857462167743 50.500000000000007 25.500000000000004 1.7727647423744204 34.500000000000007 0.98960703611373912 22.500000000000004 1.7099999785423281 1.5000000000000002 48.500000000000007 11.500000000000002 38.500000000000007 0.89467304944992077 2.2050000429153447
decision_type=2 2 2 2 2 2 2 2 2 2 2 2 2 2 2 2 2 9 2 2 2 2 2 9 2 2 2 2 2 2 2 2 2 2 2 2 2 2 2 2 2 2 2 2 2 2 2 2 2 2 2 2 2 2 2 2 2 2 2 2 2 2 2
left_child=2 8 3 12 6 9 19 26 10 25 -2 -11 13 14 -1 21 17 48 -17 -4 -6 -8 -18 -12 28 47 -3 59 -25 31 32 -16 52 -10 -15 -30 -37 38 -27 40 41 42 -40 -36 -14 -43 -35 -5 49 50 -9 -52 -31 55 -55 -24 58 -45 -56 -28 61 -23 -63
right_child=1 7 4 5 20 -7 15 16 33 11 23 -13 44 34 29 18 22 -19 -20 -21 -22 60 53 24 -26 37 27 -29 35 30 -32 -33 -34 46 43 36 -38 -39 39 -41 -42 45 -44 57 -46 -47 -48 -49 -50 -51 51 -53 -54 54 56 -57 -58 -59 -60 -61 -62 62 -64
leaf_value=-0.00099464717175616027 0.0090479111009525333 0.020509262193455235 -0.0069503741016243726 -0.030478375554407529 -0.002661375406570474 -0.0097364962838660286 -0.0020225733059665413 0.021228478853318015 0.012256899429489815 -0.025471166972122591 -0.041406868751387375 0.026239008103671132 0.0072127128116974198 -0.048830748420137036 -0.015037557224813267 0.006587193648059729 -0.00083457999764560426 0.010112713053739154 -0.018880399863515186 -0.016380903203995864 0.010435468186174017 0.035649917099165436 0.016521738767116025 -0.020650760803446817 0.011639012735701212 -0.036517853421960948 0.008331306504628681 0.017211397001877377 -0.0078701047651154894 -0.0016877495204953099 -0.034175556412566518 -0.043715546935904452 -0.017793729696599564 0.0042274370298546254 -0.013359625334967484 -6.7470931033809675e-05 0.011489268181122315 -0.047517713842686889 -0.055478932922857341 -0.045387078100428219 0.025379873836528129 -0.033610091455388152 0.014784039968753937 0.033193690942000212 -0.032010495155857174 0.0036055084019623583 0.012202298925608547 0.0098433130866000217 0.032167450045036579 0.045428442231431956 0.047079078912689157 0.014564969997779032 0.045062865825897094 -0.018858238849223944 0.015294542585619429 0.025059014570685895 0.0043379181538700153 0.0057076022827823036 0.028114477510658938 0.019622116742002864 -0.015045616942011997 -0.0042167664402405873 -0.011340671736688731
leaf_weight=2022.1984264850616 9382.5704073309898 6263.6921305656433 6112.5065013766289 358.67526817321777 14070.970934271812 3126.1901053786278 7345.2301381230354 18051.751624345779 12001.931064963341 13564.427503764629 225.23375189304352 236.7505624294281 202.89698189496994 108.45719540119171 773.00934219360352 4117.0235341191292 1161.646998167038 2743.9438555240631 975.47277170419693 34650.889663696289 3070.0659340023994 201.33937096595764 14167.34567630291 800.75552374124527 2907.9117810130119 13763.55513715744 19146.391346693039 10673.380755901337 4437.0843304991722 637.50542658567429 1068.3645449280739 1279.5505458116531 1822.5565990805626 20300.575576782227 650.31260424852371 37987.833512783051 2516.3658820390701 1692.3267076611519 72.404690325260162 1172.554137468338 290.35923534631729 1210.7409669756889 525.05068385601044 413.87778770923615 2188.7707861065865 243.84990191459656 5603.5842690467834 326.28799027204514 4275.3504152297974 777.69814467430115 1011.7841119766235 450.06020593643188 152.19084221124649 388.44569230079651 7771.7423467636108 10460.82003068924 2055.854421377182 2125.1358613967896 1960.9460260868073 2236.8952662944794 8886.4951186180115 9187.1576392054558 22423.600353002548
leaf_count=1893 5329 1737 6358 552 11250 3617 6004 3219 4962 18422 168 127 227 161 869 3288 266 533 851 37852 2230 150 2502 566 1664 22119 6457 3394 2996 727 1426 1799 2178 9943 618 24744 1468 3070 133 2073 211 1751 559 298 3110 329 2535 315 628 136 119 71 97 75 1522 1751 478 1693 319 561 7971 7374 20589
internal_value=-0.000175639 0.0110618 -0.0141126 -0.0246237 -0.00937698 -0.0284944 -0.0110311 0.0176117 0.00400556 -0.0302471 0.0014399 -0.0245839 -0.0140916 -0.0109341 -0.0171155 -0.00801181 0.0200522 0.0233654 0.00170858 -0.0149668 -0.000315602 -0.00904214 0.0176689 -2.06272e-05 0.000179537 -0.0342232 0.0134545 0.0120759 -0.000548949 -0.0228014 -0.0171599 -0.0329165 -0.0101997 0.00794871 0.00360269 -0.000190734 0.00065053 -0.0350518 -0.0338306 -0.0233074 -0.0122534 -0.0175794 0.00626112 0.00538723 -0.0286828 -0.0273714 0.0059526 -0.0112722 0.0248313 0.0232977 0.0224155 0.0370706 0.00732663 0.0182529 0.0144199 0.020148 0.0155166 0.0101892 0.0178778 0.00951252 -0.010309 -0.00898583 -0.00927024
internal_weight=360830 199762 161069 50028 111041 36583.2 93899.7 103598 96163.8 33457 58257.8 13801.2 13444.8 11053.2 7755.38 53136.3 65277.4 27310.6 5092.5 40763.4 17141 48043.8 37966.8 48875.2 48650 19655.8 38320.4 32056.7 45742 5733.18 3680.62 2052.56 2612.25 37906.1 3297.78 44941.3 40504.2 18970.8 17278.5 3514.96 2342.41 2052.05 597.455 3189.33 2391.67 1454.59 25904.2 684.963 24566.6 20291.3 19513.6 1461.84 789.696 36805.2 12177 24628.2 11788.5 2539.01 9732.69 21383.3 40698.6 31812.1 31610.8
internal_count=250434 78143 172291 68374 103917 53278 90437 23768 54375 49661 36935 18549 15096 11759 8989 46227 11619 4706 4139 44210 13480 42088 6913 31606 31438 31112 12149 10412 29774 7096 4428 2668 3002 17440 2770 29208 26212 30245 27175 5056 2983 2772 692 2609 3337 2080 12478 867 4173 3545 3409 190 824 6647 2394 4253 2319 1991 1841 7018 36084 28113 27963
cat_boundaries=0 1 2
cat_threshold=1393353781 134217730
is_linear=0
shrinkage=0.05


Tree=24
num_leaves=64
num_cat=33
split_feature=5 6 14 14 14 14 14 14 14 5 14 6 14 6 34 19 13 29 33 14 19 30 14 12 14 14 33 13 12 14 25 12 12 14 14 5 14 21 14 33 14 14 14 21 14 14 25 12 14 14 12 14 12 22 13 25 25 14 12 14 21 14 13
split_gain=20383.2 4031.93 2912.42 1619.91 1076.18 865.764 536.097 523.72 415.662 348.712 310.091 308.617 300.83 294.916 249.997 237.794 192.636 202.74 190.928 188.602 187.774 183.895 182.872 271.482 193.757 191.084 177.124 169.533 179.649 167.401 167.358 164.378 164.277 192.176 162.107 157.456 155.982 262.235 155.81 152.445 150.703 149.999 147.834 144.401 162.893 135.088 124.685 120.546 120.311 113.753 113.484 145.646 132.424 148.011 114.821 111.667 110.968 109.352 108.162 107.556 106.924 144.412 106.196
threshold=1.6428571343421938 0.5892857313156129 0 1 2 3 4 5 6 0.21428572386503222 7 0.12500000372529033 8 5.5892858505249032 1.2175261974334719 2.5000000000000004 176.50000000000003 9.5000000000000018 0.95489904284477245 9 1.5000000000000002 10.500000000000002 10 63.500000000000007 11 12 0.88595262169837963 322.50000000000006 57.500000000000007 13 14 9.5000000000000018 22.500000000000004 15 16 0.5000000149011613 17 47.500000000000007 18 1.0020297169685366 19 20 21 49.500000000000007 22 23 24 270.50000000000006 25 26 81.500000000000014 27 17.500000000000004 9.5000000000000018 713.50000000000011 28 29 30 152.50000000000003 31 19.500000000000004 32 342.50000000000006
decision_type=2 2 9 9 9 9 9 9 9 2 9 2 9 2 2 2 2 2 2 9 2 2 9 2 9 9 2 2 2 9 9 2 2 9 9 2 9 2 9 2 9 9 9 2 9 9 9 2 9 9 2 9 2 2 2 9 9 9 2 9 2 9 2
left_child=1 3 12 11 27 18 20 -7 26 14 -9 -1 16 42 22 38 40 30 -3 -16 -4 46 -10 24 31 47 -6 -5 32 -20 -18 -24 48 -34 -11 41 37 -30 -12 -27 -2 -17 -8 -23 -45 -37 -14 -25 -29 -13 52 58 57 59 -53 -22 -48 -28 -52 -54 61 -19 -15
right_child=2 5 6 4 8 7 13 10 9 34 15 49 21 62 19 35 17 60 29 -21 55 43 23 25 -26 39 50 28 36 -31 -32 -33 33 -35 -36 45 -38 -39 -40 -41 -42 -43 -44 44 -46 -47 56 -49 -50 -51 51 54 53 -55 -56 -57 -58 -59 -60 -61 -62 -63 -64
leaf_value=-0.043453454249256146 0.019130120289055492 0.044254513580554947 0.014708112041318597 0.02893705649262597 0.039248198622494242 -0.0022006098672057873 0.0016325868793877437 -0.020286626192504514 -0.034358249387056977 -0.021257717701050307 -0.011788333306555741 -0.015373613701759749 -0.0072022462154106744 0.029301849637375695 0.017572140475642126 -0.030598337779106595 -0.0036733899726820035 -0.0048535603530943877 0.018592997828934473 -0.022664444474028652 -0.012991859524312716 0.016750417007508026 -0.017394674390113225 -0.039256814924270314 -0.023992728777447514 -0.0028918365513599352 0.025852416941220892 0.033096347359662166 -0.02272084603705328 0.0023817173156315519 0.021670886499980748 -0.048114584121421923 -0.045308991138607396 -0.0039583648181786679 -0.010960621734494996 -0.0056421514991189291 0.021913967102927444 0.079694080869681411 -0.0017679929725646472 -0.031795436749949287 0.039914970008324273 -0.013988437448064831 -0.005201981904396572 0.0062105334023935047 0.042397654941101003 -0.012116862792841935 0.030780644952411541 0.037248553264854593 -0.0034878471637770679 -0.031967089814269864 -0.040839679662103445 0.037800851346982127 -0.036135963353910817 -0.041140974298230062 0.00092454192561485654 0.0067291303917572463 0.01171084272557664 -0.010181628674774772 0.0070241050109082258 -0.0082766314635390349 0.017266863964730889 0.013393884733544192 -0.0083545309127304006
leaf_weight=7459.9242694377899 1670.4581685066223 316.35364699363708 8106.6513860821724 606.07125687599182 177.67720854282379 27126.549181818962 17734.837273597717 7111.9806063771248 7514.0262008309364 9240.8677963614464 5408.0582342743874 1279.7178401350975 846.28277945518494 1083.0468068122864 529.59879958629608 1719.0476639270782 669.29699802398682 1396.477255821228 1878.0389896035194 623.53818190097809 722.9148291349411 15058.331337809563 558.94308596849442 832.41040498018265 5133.0347021818161 2614.6239764690399 213.69831222295761 267.30367904901505 489.61696523427963 10233.778632104397 32220.403946042061 1973.3725553750992 486.23699575662613 667.44778174161911 6662.9311434030533 12570.969302415848 1310.8259842991829 71.549297094345093 13703.300547659397 552.51812392473221 2000.8645453453064 6853.1228580474854 14271.449753522873 445.76842832565308 1147.5323293805122 22747.991792321205 783.11418783664703 54.805591881275177 1178.3756010532379 7301.7891001701355 284.93701362609863 311.17776250839233 453.51049280166626 765.64060229063034 655.85100203752518 40256.073824524879 27710.363958179951 3869.8317508101463 201.40968936681747 1457.3355206847191 13154.170226454735 4822.8458046913147 226.30828440189362
leaf_count=13864 278 137 3466 377 79 20404 11299 7776 12138 11668 4938 1625 283 235 497 1783 135 325 661 791 403 4240 668 1361 7246 2837 151 159 431 6112 5490 3560 588 615 7187 10506 606 22 11426 694 333 6762 11120 125 241 21935 205 46 1044 11416 336 212 622 1035 553 19890 8107 4025 216 1567 2394 809 68
internal_value=-0.000188014 -0.0123855 0.0114234 -0.0221703 -0.0177035 -0.00651471 0.00443134 -0.00810245 -0.0201833 -0.0225073 -0.0103852 -0.0359924 0.0170739 -0.000464372 -0.0268425 -0.00926437 0.0195447 0.0187705 0.00590988 -0.00422931 0.00775359 0.0140653 -0.0281982 -0.0241985 -0.0297536 -0.0137549 -0.010117 0.00411518 0.000759325 0.00491286 0.0211606 -0.0411723 -0.00774571 -0.0218156 -0.0169641 -0.0112928 0.0125688 -0.00948202 -0.00461065 -0.00791003 0.0306194 -0.0173717 -0.00141604 0.0182652 0.0325794 -0.00981739 0.0116864 -0.0341424 0.00348312 -0.029548 -0.0111977 0.00147758 -0.0139228 -0.0225667 0.0126626 0.00637967 0.0122457 -0.00825694 -0.0205972 -0.0151226 0.0147127 0.00931035 0.0227932
internal_weight=359797 175470 184327 65800.6 49759.2 109669 82401.3 97241 44681.7 36290.7 70114.5 16041.4 101926 33315.6 20386.9 63002.5 55934.5 52263.2 12428.2 1153.14 49085.6 45991.4 19233.7 11719.7 7665.35 4054.36 8391.07 5077.43 4471.36 12111.8 32889.7 2532.32 2599.36 1153.68 15903.8 43891.1 1871.99 561.166 19111.4 3167.14 3671.32 8572.17 32006.3 16651.6 1593.3 35319 29339.8 887.216 1445.68 8581.51 8213.39 1453.38 6760.02 2676.49 967.029 40979 28493.5 4083.53 486.347 1910.85 19373.5 6219.32 1309.36
internal_count=250122 180676 69446 88236 61331 92440 46481 85530 57489 48693 65126 26905 22965 22722 29838 57350 9764 9153 6910 1288 23759 13201 28550 16412 11474 4938 8796 3842 3465 6773 5625 4228 2406 1203 18855 40986 1059 453 16364 3531 611 8545 22419 4606 366 32441 8595 1407 1203 13041 8717 1317 7400 3224 765 20293 8312 4176 552 2189 3528 1134 303
cat_boundaries=0 7 13 19 26 33 40 47 54 61 68 75 81 86 93 94 100 107 112 119 126 133 140 146 153 154 160 164 170 171 172 176 180 184
cat_threshold=1108026376 2102016 1638400 18438 3221225728 70208 16 2282881344 163840 1747216400 135791053 335675392 134221826 1078480904 1093671424 3 75792 3229876290 1142555140 34276360 16782152 2153250818 2631680 2176860416 1611792384 16 69206032 150998084 2097186 2451578976 29360194 68813060 96 537151520 1209403392 69369985 2147483824 786440 11011840 66 67108868 201327716 85132552 2684371488 2105352 2427200 33 218104192 4211713 1753290816 135425 135397424 167776448 8 1073807368 512 524288 16386 1073741824 0 16 538976272 536870914 8389120 16941056 6160 128 4 33595394 2726830081 8421440 1157791744 33625232 37749792 14 553912849 4194314 672 302253056 524800 268443664 270533632 268451840 272629760 0 32772 33621000 4864 1572864 0 2147483648 0 16 679510018 0 1092618752 2 16 8388608 4 276826114 2416525329 276824128 1078071296 135332916 541073560 128 1073741824 0 0 16 64 1356862022 2621458 1792 1695547392 70274 52 132 65544 0 524288 0 0 0 16 1084227600 44040194 50331656 39060484 69632 2147483680 32 4196896 1142333440 2218922256 196752 34357380 1342177288 1 1024 0 1048576 0 2147483648 64 1080033296 539500546 33554748 272892480 4164 2483355652 161 207360002 1073741824 19924992 0 16 64 516 0 163840 2113552 135790796 0 0 67240192 16384 0 64 168300806 270549041 0 1028 131328 16416 0 1024 16777216 16416 1073741824 512 0 16384
is_linear=0
shrinkage=0.05


Tree=25
num_leaves=64
num_cat=29
split_feature=5 14 14 5 14 7 5 14 14 14 33 14 21 33 14 7 14 10 14 7 14 14 14 14 31 14 14 33 29 13 1 10 10 21 14 25 25 21 25 14 14 33 14 21 4 14 21 14 22 21 14 7 21 14 11 14 13 34 13 14 33 13 13
split_gain=18469 3440.1 2614.72 1502.97 1215.1 544.03 536.661 600.162 469.452 402.429 341.32 330.582 320.21 305.364 322.078 377.261 313.215 288.191 287.894 274.62 233.828 210.181 200.605 183.908 182.93 182.092 172.103 166.816 149.549 141.909 186.82 187.59 170.598 140.635 163.191 138.871 130.921 130.79 125.808 124.702 123.759 123.512 123.276 122.995 122.989 122.673 121.667 165.979 119.01 142.381 266.112 127.276 139.782 231.08 117.587 114.237 134.729 113.288 113.176 216.912 132.653 110.967 110.017
threshold=1.6428571343421938 0 1 0.6428571641445161 2 0.20535714179277423 1.0000000180025095e-35 3 4 5 1.0528152585029604 6 35.500000000000007 0.89467304944992077 7 0.026785715483129028 8 0.98881718516349804 9 6.1875000000000009 10 11 12 13 1.0400000214576723 14 15 1.0776699185371401 5.5000000000000009 387.50000000000006 6.5000000000000009 3.3413486480712895 4.4867589473724374 32.500000000000007 16 17 18 48.500000000000007 19 20 21 0.97655257582664501 22 50.500000000000007 18.500000000000004 23 49.500000000000007 24 3.5000000000000004 32.500000000000007 25 2.0446429252624516 46.500000000000007 26 0.80357143282890331 27 296.50000000000006 1.5021622180938723 713.50000000000011 28 1.0069796442985537 181.50000000000003 459.50000000000006
decision_type=2 9 9 2 9 2 2 9 9 9 2 9 2 2 9 2 9 2 9 2 9 9 9 9 2 9 9 2 2 2 2 2 2 2 9 9 9 2 9 9 9 2 9 2 2 9 2 9 2 2 9 2 2 9 2 9 2 2 2 9 2 2 2
left_child=1 5 18 4 12 40 7 17 37 36 13 -10 29 -9 54 25 -17 55 28 26 -8 27 -13 -12 -7 33 -11 41 35 32 31 45 -3 57 -35 -2 -4 -5 -20 -22 -1 -19 -26 44 -37 -31 -38 -48 58 -50 -51 -52 -53 -54 -15 -6 -57 -16 -40 60 -60 -30 -47
right_child=2 3 9 8 6 24 20 10 11 19 23 22 -14 14 15 16 -18 21 38 -21 39 -23 -24 -25 42 -27 -28 -29 61 30 -32 -33 -34 34 -36 43 46 -39 48 -41 -42 -43 -44 -45 -46 62 47 -49 49 50 51 52 53 -55 -56 56 -58 -59 59 -61 -62 -63 -64
leaf_value=-0.045785387840712483 0.0067591462466918065 0.015211920012167882 -0.0095522226117999535 0.0039980797418186827 -0.010099294348809412 0.039633635195841607 -0.019271330229284605 0.014267469149167423 -0.013504744181142335 0.0026932466140635971 0.017267564522365737 -0.0086713944383538903 -0.013732658019008678 -0.02256328245338575 -0.039775641095648212 -0.043383450559912051 -0.02134392976624663 0.018182500807536257 -0.0028778802805752277 0.022974776653834694 -0.014064534193146773 -0.005819659962105911 -0.0025962130302109067 -0.016533950743509034 -0.031195281379605241 -0.0086310641975631593 -0.0044338192635890996 0.048662792663876034 0.027184013321519158 -0.0032220481586214393 0.06371112980091935 -0.024767544797338833 0.058549931840789583 0.0056351153572986373 -0.034942891088551108 0.019884056321138804 0.0068853026253096741 0.023719483649874938 0.01624371007306856 -0.0067142952405308143 -0.033522067352241849 -0.042097621575144524 -0.020946650142015424 0.035046286345124709 0.031255810834911815 -0.031092262864754968 0.034256166335634448 0.0081410498250326299 0.018187122915356159 0.0025696072140877478 0.043470745250047516 0.011412240900942845 0.0043263724506305253 0.030391733075804318 -0.042467505300732872 0.049451548341588075 0.0048705668505449199 0.051897102008319845 -0.022019545729022871 0.009671309238889654 0.011703547110455561 0.015426960352619321 0.019477265421090795
leaf_weight=4268.9238401055336 1519.5667804479599 814.27498435974121 1145.0746078491211 8154.3626823425293 1275.5224607586861 112.9990981221199 9851.7147956490517 409.38208168745041 12275.717816352844 17166.012950003147 580.50452208518982 19940.50543743372 1642.2560183405876 877.74359905719757 1293.5643285512924 3496.7845122814178 3131.7092623114586 91.237009406089783 1184.0504515767097 1257.2723734378815 10657.177322506905 1287.6351265311241 42709.123642981052 1258.6810275614262 4439.87174731493 3622.968233525753 16703.01264756918 57.982978463172913 2157.549036026001 1242.906171143055 140.82020533084869 462.05041491985321 314.85392689704895 555.9811617732048 436.49972993135452 17414.288005232811 43359.935881137848 937.24456816911697 3831.2222704291344 12740.701406240463 4798.3519678711891 1228.5004234910011 9646.54381275177 1809.3366515636444 2754.0010030269623 113.70156717300415 972.16901504993439 1655.4206412434578 18160.174869298935 5387.3772035241127 401.65038329362869 8978.0664675235748 1232.918389081955 2837.7009452581406 4811.6450455486774 186.70460802316666 1827.1164165139198 34.519985496997833 990.08612263202667 6328.8708792924881 413.26554763317108 28772.674498796463 1962.2684943079948
leaf_count=8275 278 502 605 4675 1367 48 11518 353 12901 10636 460 18782 1306 1217 1946 5834 4131 43 388 267 11234 1164 32959 1607 6903 4183 12902 42 348 1009 46 253 83 547 710 2887 20940 476 1042 11736 8508 1367 12969 250 369 92 386 741 4949 1789 183 2484 354 610 8800 85 1459 46 391 1693 150 4944 1155
internal_value=-0.00018259 -0.0119137 0.0107468 -0.00914406 -0.0147663 -0.0298029 -0.017029 -0.0223449 -0.0047013 0.0040813 -0.0263995 -0.00600283 0.00543807 -0.0284367 -0.0293941 -0.0248473 -0.0330687 -0.00832096 0.0160082 2.97252e-05 -0.0128029 -0.0205542 -0.00453094 -0.00586079 -0.0237057 -0.0157198 -0.000822088 -0.0340346 0.0185283 0.0116822 0.00718484 0.00507789 0.0273007 -0.0266341 -0.0125084 0.0215388 0.00710015 0.00602475 0.0132477 -0.0100668 -0.0393836 -0.0379292 -0.0242141 0.0225473 0.021437 0.00923356 0.0075168 0.0179655 0.0136414 0.015028 0.0119824 0.0157389 0.014897 0.0225826 -0.0393281 0.00156667 0.00896149 -0.0373891 0.0092165 0.00573444 -0.012003 0.0162472 0.0166261
internal_weight=360123 173691 186432 150424 66407.4 23266.7 59714.3 26464.7 84017 82258.9 20510 74925.3 6693.13 18670.8 18261.4 12572 6628.49 5954.7 104173 35126.3 33249.6 2665.36 62649.6 1839.19 14199.4 5943.53 33869 1377.72 54427.4 5050.88 3921.75 3780.93 1129.13 2320.57 992.481 23497.2 47132.6 9091.61 49745.4 23397.9 9067.28 1319.74 14086.4 21977.6 20168.3 3318.88 45987.5 2627.59 48561.3 36997.9 18837.7 13450.3 13048.7 4070.62 5689.39 3289.34 2013.82 1328.08 11563.4 7732.22 1403.35 30930.2 2075.97
internal_count=250377 180791 69586 144088 74295 36703 69849 35361 69793 46477 29834 64642 4446 27767 27414 17397 9965 5527 23109 23805 34488 2616 51741 2067 19920 7432 23538 1452 9076 3140 2555 2509 585 3249 1257 3784 22672 5151 14033 22970 16783 1410 19872 3506 3256 2256 22067 1127 13645 10369 5420 3631 3448 964 10017 2911 1544 1992 3276 2234 541 5292 1247
cat_boundaries=0 6 13 20 27 34 41 48 55 61 68 75 82 89 96 102 108 114 115 116 117 124 130 136 143 150 155 161 167 172
cat_threshold=2282881344 8929281 1745102912 1207963905 336789520 134221954 1108018184 18878976 1638400 18434 3221225536 4672 16 33554440 18092868 2148532227 2099200 3242475776 1144652544 1 4741156 1075842048 66816 2684370960 144703594 8718348 32 1107362816 6984 2153381894 534560 2172666176 1073742340 48 2149588992 134221124 6422786 2418024516 25166082 68813060 96 92308098 37814288 8458240 609371140 134218784 37765200 136 268739586 2952962048 10534928 85459084 33555460 33554464 14 620757649 138412042 33555080 302416928 37504 2420121600 1073807368 512 524288 2 1073741824 0 16 352322066 37814288 8458500 2185364484 142606496 574627880 4 4096 2100224 65792 16 2 8388612 32 268443653 3019907104 304104968 16809984 35666562 67371048 4 536870928 671088642 16777728 16810016 524288 0 6 1612710016 33554440 356515840 32864 561152 2684355648 608180272 1142390784 2214592528 33620008 37798916 1073815592 1610612736 0 16777216 32800 32768 2147483648 254282562 143438083 742986250 8398849 268435490 285213824 537935944 33593924 268518416 202 1179712 0 537143296 1 196608 2 135266560 1 134481920 257 336592896 134217730 33554432 18087936 0 2097152 0 70254848 1 0 1088 4325378 0 8388864 68681728 64 33554432 16777216 65536 2048 2147483712 1024 0 1048576 0 0 64 4196352 1073741824 1280 2147500032 136314912 67596 0 18874368 0 16384 64
is_linear=0
shrinkage=0.05


Tree=26
num_leaves=64
num_cat=29
split_feature=6 6 7 14 14 14 14 12 14 14 14 33 14 7 14 12 14 13 14 14 19 19 12 14 13 7 12 14 14 19 14 22 14 12 5 14 32 14 7 14 22 14 19 14 0 14 12 31 13 14 33 14 12 33 33 14 14 13 14 42 33 12 14
split_gain=16824.9 3211.36 2127.23 1542.95 1055.43 611.699 494.397 446.192 345.395 338.826 338.393 318.693 321.922 312.954 259.442 459.599 291.216 273.197 248.079 241.86 192.64 190.936 187.254 185.854 169.442 170.233 205.889 207.718 182.88 167.51 179.004 179.824 202.103 166.485 148.11 140.598 137.179 130.689 128.885 126.587 123.42 163.626 121.875 119.716 118.802 116.815 116.691 179.745 198.485 173.488 217.522 111.21 136.911 110.121 109.481 161.344 140.809 134.407 162.19 108.01 103.043 102.671 109.32
threshold=1.6250000000000002 0.5892857313156129 3.8303570747375493 0 1 2 3 1.5000000000000002 4 5 6 0.89467304944992077 7 0.11607142910361291 8 65.500000000000014 9 204.50000000000003 10 11 2.5000000000000004 1.5000000000000002 14.500000000000002 12 402.50000000000006 1.0000000180025095e-35 2.5000000000000004 13 14 6.5000000000000009 15 11.500000000000002 16 8.5000000000000018 1.6428571343421938 17 -2.6649534702301021 18 1.616071403026581 19 9.5000000000000018 20 1.5000000000000002 21 2.5000000000000004 22 97.500000000000014 5.9900000095367441 729.50000000000011 23 1.0933691263198855 24 157.50000000000003 1.0503359436988833 1.0358554720878603 25 26 332.50000000000006 27 5.5000000000000009 0.95489904284477245 41.500000000000007 28
decision_type=2 2 2 9 9 9 9 2 9 9 9 2 9 2 9 2 9 2 9 9 2 2 2 9 2 2 2 9 9 2 9 2 9 2 2 9 2 9 2 9 2 9 2 9 2 9 2 2 2 9 2 9 2 2 2 9 9 2 9 2 2 2 9
left_child=1 3 6 13 24 34 36 9 -7 -6 42 19 -13 -1 22 16 33 -17 -8 59 43 39 -9 -19 -5 28 -27 -28 40 30 -23 -32 -33 -16 37 -31 -2 -3 61 -14 41 -26 -4 -20 -12 -22 49 48 -48 50 -25 -50 -53 60 56 -56 -38 58 -58 -10 -24 62 -29
right_child=2 5 10 4 7 8 18 14 11 -11 44 12 21 -15 15 17 -18 23 20 -21 45 29 53 46 25 26 27 38 -30 35 31 32 -34 -35 -36 -37 54 -39 -40 -41 -42 -43 -44 -45 -46 -47 47 -49 51 -51 -52 52 -54 -55 55 -57 57 -59 -60 -61 -62 -63 -64
leaf_value=-0.043180023724958841 0.061966052903968741 0.025071304930794493 0.022375495279446614 0.025875960786819027 0.0094093426098844149 -0.018161908260967703 -0.010256297042545773 -0.020840692137356672 0.10161628237235505 -0.014266595030711768 0.0065867907084234305 -0.013096070133455158 -0.0065462621913947479 -0.028656665955547875 -0.017337642906935204 -0.046501605086125553 -0.019990333312694196 -0.017502450211476197 0.00021717728448687873 0.0034361753215330654 0.0026690551593851527 -0.011756129300953332 -0.0066593713542229017 -0.037203313521816848 -0.042061998607556071 0.010824834562064713 -0.044968094496566184 0.035755800132325037 0.022376938417045026 -0.0088663951346483905 -0.0067477515241313474 0.029993320807580048 -0.00087218104121384536 -0.04413315196688003 0.014496589732658844 0.0035438871770530817 0.034213515235262199 -0.00093883177515121253 -0.046699486976457164 0.0045957091595933081 0.033306012563671918 0.0039121896691706399 0.016390118055731838 0.0095285152178190974 0.012975294255634815 -0.0031681954832528964 0.0408261376599314 -0.055494761853836151 0.028615428499911433 0.0044714304036442562 0.033318374915871744 -0.019414234362476621 0.045981411254896659 -0.011133614807894029 0.01957732131951229 -0.0073084044508622895 0.039533241006668884 0.0081639572334487511 0.013312893110995797 0.038950757742967558 -0.039027210447948692 -0.027001415718332641 -0.0042739747806370236
leaf_weight=5894.8329397439957 123.6628429889679 518.20339155197144 10316.874074101448 775.47606039047241 1733.4068143367767 7047.3996223807335 4064.8420632481575 3899.8863176107407 99.065572142601013 11585.153757572174 9390.6859461069107 17278.386144578457 3984.5969176888466 10007.983420193195 767.37199199199677 418.2690269947052 10473.826779037714 1863.3028497695923 4806.7989081144333 625.72890740633011 22999.90994977951 18087.20874774456 259.48832529783249 630.8748654127121 307.89046251773834 932.91618418693542 504.00788527727127 249.37495881319046 1352.130026102066 3466.9568074941635 28789.2926684618 671.94600623846054 2389.8552806377411 2372.3156351149082 3249.9147185087204 6631.7915177941322 588.36681604385376 5620.8646829128265 172.14134728908539 7035.1507923603058 164.96181803941727 496.72775012254715 48452.03443479538 12311.297631144524 32339.889805316925 13648.52635794878 537.43552529811859 91.286246478557587 268.32685732841492 1503.3207194209099 132.18373423814774 526.6183602809906 94.278803706169128 436.33847111463547 750.50025200843811 2085.0392357110977 710.40713024139404 23682.657557606697 3542.3057706356049 225.09317511320114 4705.4613557457924 259.11997574567795 497.17736309766769
leaf_count=11835 27 244 1436 483 1551 8017 2832 5290 48 13748 3082 18107 3333 16353 863 639 13890 2441 2730 533 12982 17201 316 758 362 690 662 191 649 3113 24034 478 1925 4378 1770 5589 211 3771 175 5417 106 301 8471 6120 8152 8878 385 157 204 1549 81 543 86 580 242 1069 231 10099 1428 154 8666 248 469
internal_value=-0.000226567 -0.0116694 0.00999981 -0.0205173 -0.0160346 -0.00632038 0.004385 -0.0187596 -0.00750731 -0.0111888 0.0149897 -0.00666437 -0.00697489 -0.034019 -0.0222453 -0.0189529 -0.0240631 -0.00751542 0.00163894 0.0221404 0.00254 -0.00548381 -0.0291594 -0.00462729 0.00414266 0.000736472 -0.00801272 -0.018462 0.0105898 -0.006595 -0.00778267 -0.00552082 0.00599746 -0.0374655 0.00585939 -0.000721948 0.00942573 0.00129639 -0.0066783 0.000565125 -0.00601723 -0.0141571 0.0174379 0.00691958 0.0115349 0.000495021 0.00175401 0.0124866 0.01684 -0.0054268 -0.024661 0.00234014 -0.00932835 -0.0352192 0.00922135 -0.000148682 0.0101528 0.00963025 0.017818 0.0563883 -0.0373357 0.000109705 0.00952203
internal_weight=359449 169635 189814 63913.9 48011.1 105721 89314.3 42299.1 96332.5 13318.6 100499 89285.1 88335.2 15902.8 28980.6 19679.4 13613.5 6065.9 57831.4 949.888 53766.5 71056.8 9301.17 5647.63 5711.92 4936.45 2614.74 1681.82 2321.71 60037.1 49938.3 31851.1 3061.8 3139.69 9388.98 10098.7 31482.9 6139.07 1177.81 11019.7 969.58 804.618 58768.9 17118.1 41730.6 36648.4 3784.33 1517.95 1426.66 2266.38 763.059 889.224 620.897 5401.29 31359.3 2835.54 28523.7 27935.4 4252.71 324.159 4964.95 1005.67 746.552
internal_count=250373 182383 67990 88649 60461 93734 46849 56125 87949 15299 21141 79932 79197 28188 40826 25974 19131 6843 33542 735 30710 61090 14852 6204 4336 3853 2435 1745 1418 52340 43638 26437 2403 5241 5785 8702 13307 4015 1083 8750 769 663 9907 8850 11234 21860 3763 1375 1218 2388 839 833 629 9562 13280 1311 11969 11758 1659 202 8982 908 660
cat_boundaries=0 6 13 20 27 34 41 48 55 62 68 75 81 87 94 100 106 113 120 126 133 137 144 151 157 159 163 169 175 181
cat_threshold=2282881344 688129 1753491472 135791053 335675392 134217730 1078464520 1093671488 2 26640 2155872322 1144652292 32 1107428360 18880832 2152857856 270557216 2164277248 1142030848 96 33629192 18881280 70844418 2149599232 3229614338 529184 4 218104064 38289411 1753291264 1073877249 135397392 33554594 4 639910400 675284100 90423688 33620512 32768 2147483712 64 1074331656 576 524288 2 1073741888 67108864 16 278962882 2155872272 64 542114820 33621670 138432528 8 268468226 813719552 270585920 1140982784 34149396 570426400 14 604244496 4195458 648 319062016 640 268435456 3494412801 144 50365464 687900164 6272 268763136 16 268443648 134217736 0 0 4 4096 35659904 2281701400 37879840 50331648 34816 272634000 0 18874368 2 16 8388608 4 32 1073741824 64 0 16400 64 4 2147483653 1006698532 385893384 67207688 1084274688 537133064 4718592 1152 16 786432 64 2147550208 1 2147766292 67149960 52428811 2332295168 4196352 268445772 128 33685512 4096 1048576 0 0 512 2151682069 1610743816 304088210 251691032 266240 536871944 131 1073741824 0 0 16400 539363360 1610907656 2147484320 273416328 17039368 548406272 2 2099216 1209434118 2147483776 268968160 23085120 1142030404 64 604241936 1024 16777728 32768 0 2147483712 537135616 1024 0 16777216 1048576 2048 8192 0 65536 0 1073741824 4128 33554432 0 0 18432 0 512 1074266112 1048576 0 16384 2147483712 524800
is_linear=0
shrinkage=0.05


Tree=27
num_leaves=64
num_cat=29
split_feature=6 14 14 5 14 14 7 14 5 14 14 34 14 7 14 0 37 25 33 2 14 10 14 33 21 13 21 14 14 5 21 14 11 14 14 14 5 11 29 14 21 14 14 14 14 11 14 8 11 7 21 42 0 13 25 25 21 14 33 33 21 14 14
split_gain=14983.2 3073.02 1921.78 1373.8 722.394 557.425 490.284 476.79 500.951 302.75 297.058 262.693 279.916 287.984 328.418 259.176 255.041 220.184 216.849 200.077 175.993 174.769 234.361 176.563 166.97 163.753 182.342 295.211 211.626 159.365 159.292 176.464 157.181 150.512 144.589 142.629 138.692 138.035 136.191 136.093 132.22 193.816 130.596 130.058 123.431 122.169 105.523 128.234 156.069 104.925 102.908 100.693 100.52 173.368 99.5256 99.4623 98.4734 121.664 96.5754 95.3406 94.2188 176.208 160.854
threshold=1.6250000000000002 0 1 0.6428571641445161 2 3 0.20535714179277423 4 1.0000000180025095e-35 5 6 1.2617588043212893 7 0.026785715483129028 8 1.5000000000000002 1.0000000180025095e-35 9 0.90561750531196605 7.5000000000000009 10 0.71293696761131298 11 1.0473631620407107 50.500000000000007 215.50000000000003 14.500000000000002 12 13 5.7857143878936776 50.500000000000007 14 0.55357143282890331 15 16 17 1.0000000180025095e-35 0.87500000000000011 2.5000000000000004 18 35.500000000000007 19 20 21 22 0.66071426868438732 23 3.4448332542069698e-07 0.91071426868438732 3.0803570747375493 18.500000000000004 11.500000000000002 1.0000000180025095e-35 382.50000000000006 24 25 49.500000000000007 26 1.0026042461395266 0.89467304944992077 32.500000000000007 27 28
decision_type=2 9 9 2 9 9 2 9 2 9 9 2 9 2 9 2 2 9 2 2 9 2 9 2 2 2 2 9 9 2 2 9 2 9 9 9 2 2 2 9 2 9 9 9 9 2 9 2 2 2 2 2 2 2 9 9 2 9 2 2 2 9 9
left_child=1 6 16 4 40 32 44 18 11 49 55 12 37 25 -15 20 17 24 -6 30 -11 33 23 -23 -2 -14 28 58 -27 35 52 -32 -5 -20 -12 -17 -22 -9 -21 -10 46 -42 -13 -34 -1 -8 47 50 -49 -4 -3 -18 53 -19 -36 -7 -56 -58 -28 -57 62 -62 -29
right_child=2 3 9 5 7 10 45 8 39 15 34 42 13 14 -16 29 51 19 21 38 36 22 -24 -25 -26 26 27 60 -30 -31 31 -33 43 -35 54 -37 -38 -39 -40 -41 41 -43 -44 -45 -46 -47 -48 48 -50 -51 -52 -53 -54 -55 56 59 57 -59 -60 -61 61 -63 -64
leaf_value=-0.042614568851716342 0.0017695356211471299 -0.011826203989126894 -0.0072726281643642789 0.0034330271590572873 0.03349167491669066 -0.026948482227150114 -0.016396490298914639 -0.02033918045134972 -0.0072060679342679651 0.0049825793595830526 -0.01167860936141751 0.022165775751651674 -0.039063382102401838 -0.041317007485740916 -0.01792318371579581 0.0083225095593601316 0.010057780704632951 0.021506887145716948 -0.01586911241232623 0.021455912092829963 -0.032499514146613166 -0.040646535674500897 -0.0088481976510321695 0.026767961124047331 -0.055525803593454597 -0.0039552592956750973 0.017600459045934502 -0.0060408851612967791 -0.043065038643992401 0.017145800212759514 0.037335725978846122 0.013679828282960847 0.031286072751105662 0.0079246354908429351 -0.028151703305592413 0.0026385800042870865 -0.0019406152006132744 -0.038961047625602138 0.015242786738361554 -0.015796523845549432 -0.029583068985003819 0.0075182132819872002 -0.014091546606302068 0.0087941152059970266 -0.029584874211489809 -0.026131508462924821 0.013374400026077142 -0.0040743019759474806 -0.053646576657345527 -0.05163157379344864 0.028566645274689648 -0.010469727722011572 0.012360550967408616 -0.00018682710888337631 -0.0061899147846306256 0.038412203528527637 0.024024526394270454 -0.0023272946667735337 -0.018361154505017362 -0.0002643871247872569 0.022697854000197592 -0.022867583476974193 -0.04851056763025613
leaf_weight=5290.1458702087402 398.55225968360901 249.55027192831039 4589.5025575757027 4261.2987731099129 319.17872607707977 337.1332266330719 5106.6859023571014 1267.653729736805 6178.8622506260872 13959.665169000626 14444.939801454544 397.0108295083046 534.02370870113373 2817.3708466887474 3326.5004459917545 26417.384636163712 1012.5768662691116 1207.4894558191299 901.73149901628494 11536.796744823456 379.94828730821609 975.85205072164536 7759.9333648383617 107.79069435596466 186.62962663173676 658.99598902463913 1329.0900103449821 437.53952729701996 741.55265152454376 3415.3758890628815 1291.2155200242996 2113.7580637931824 1174.9081982374191 2442.6418805718422 486.44201338291168 19006.78306210041 16118.677415251732 4635.259013235569 37465.718094587326 18876.357347071171 669.04089331626892 727.44577932357788 626.79479771852493 1463.8827204108238 3167.366001367569 8739.2490205466747 2667.3325586915016 726.50749176740646 203.08349639177322 137.19995039701462 428.0158479809761 1456.7033070325851 47091.851484417915 3880.0576765537262 39118.992465615273 160.47844409942627 581.50523227453232 1685.6831948161125 217.11669608950615 20638.559736192226 332.05556684732437 550.58127343654633 471.11873710155487
leaf_count=10787 106 244 3519 2633 157 283 6445 1920 5968 7380 15326 355 803 5021 4609 12302 270 355 1154 1844 272 1225 7634 89 54 788 1475 558 1094 1077 221 447 553 1894 468 10662 9501 8810 6608 21813 673 548 748 904 5917 13786 1718 578 234 102 302 432 11474 1401 35231 78 437 1480 277 15698 285 808 742
internal_value=-0.000150743 -0.01104 0.00940722 -0.00839605 -0.0140748 -0.00425173 -0.0283226 -0.015798 -0.0182795 0.00373879 -0.0054647 -0.0245622 -0.026017 -0.0213726 -0.0287477 0.00447188 0.0138303 0.0142046 -0.00717983 0.014375 0.000852761 -0.00825109 -0.011933 -0.0336286 -0.0162324 -0.012818 -0.00985911 -0.00350478 -0.0250001 0.00672981 0.012323 0.0228011 0.00935808 0.00148518 -0.00736176 0.00594661 -0.00264295 -0.0349033 0.0167056 -0.0136873 0.00293605 -0.0104154 4.79484e-05 0.0189612 -0.0378207 -0.0225412 0.00730502 -0.00283387 -0.0149087 -0.00854321 0.0136902 -0.00205195 0.0116392 0.00496233 -0.0058701 -0.000408858 -0.00560141 0.00452807 0.0124693 3.41954e-05 -0.0172664 -0.00572677 -0.0286637
internal_weight=359899 168233 191666 145930 61576 84353.8 22303.4 55905 43397.9 84024.5 77453.7 18342.7 17318.9 11415.9 6143.87 79297.8 107641 105172 12507.1 104587 30458.3 12187.9 8843.58 1083.64 585.182 5272.07 4738.05 3337.5 1400.55 48839.5 55584.4 3404.97 6900.09 3344.37 56317.6 45424.2 16498.6 5902.91 49002.5 25055.2 5670.98 1396.49 1023.81 2638.79 8457.51 13845.9 4274.49 1607.16 929.591 4726.7 677.566 2469.28 52179.4 5087.55 41872.6 21136.2 41386.2 2267.19 1546.21 20799 1791.3 882.637 908.658
internal_count=250577 182550 68027 145615 72524 73091 36935 68227 56074 44815 69001 28293 27190 16460 9630 41194 23212 22510 12153 22350 17153 11996 8948 1314 160 6830 6027 4145 1882 24041 13898 668 4090 3048 52942 22964 9773 10730 8452 27781 4297 1221 1103 1457 16704 20231 3076 1358 812 3621 546 702 13230 1756 37616 16059 37148 1917 1752 15776 2393 1093 1300
cat_boundaries=0 6 13 20 27 34 40 47 54 60 61 68 75 81 88 95 101 108 115 121 127 134 140 146 153 154 155 162 166 172
cat_threshold=2282881344 540673 1745106944 1209012481 336723984 167776386 1074463752 18879232 1638400 18434 3221225472 576 16 1107820552 18092612 2215641090 2115584 3250601984 1075448576 1 1107821568 18881792 2152726784 2187296 2164277312 68813380 96 608194596 203426824 1 2684363296 2367554 77922372 32 876642817 136 285213712 687900164 825472 268764192 541333536 1209008332 2228246 268959888 12582924 3498115072 2 2105346 2952962050 276873296 84443212 33625092 32 14 17039889 12583040 50332328 302384128 33408 2420113408 201326594 2113552 537133058 73400971 2149851200 12599554 1075314944 36 67108864 2100224 0 32 0 4 32 3584 12583040 33554856 302253056 32768 2415927296 262657 0 4325512 273024000 128 0 128 1074397184 2097152 65536 16384 1073741824 512 16 536870912 134217736 0 2147484160 2105344 2162752 92308098 2457927696 8455744 541196288 1210058272 541081600 12 2105344 134220868 2216853506 2185297952 10486084 604639492 33 2392064 2684526720 40026680 352682008 525312 2415920128 33554432 68 67108866 0 8388608 1074266624 2105360 536870912 16777224 16809984 4096 0 4 34078720 2100224 1048832 2113568 2147483648 1049088 135397440 0 537143296 1073742081 131072 167772290 1073741824 262144 2147483648 16384 1086324736 1050880 1 134488098 168558602 16 0 32 33850380 524288 3072 1 16 0 16777728 16 16777344 16 2097152 131072 2688 4194304
is_linear=0
shrinkage=0.05


Tree=28
num_leaves=64
num_cat=30
split_feature=5 14 14 5 14 14 11 14 14 14 33 34 5 14 7 14 7 7 25 22 22 14 14 14 13 11 25 14 11 14 22 14 33 22 30 14 10 14 33 37 7 33 14 14 14 14 13 22 22 22 14 22 20 14 29 13 11 33 14 14 14 25 14
split_gain=13657.2 2919.1 1823.72 1226.62 1107.9 595.306 497.202 405.268 392.552 341.308 280.769 299.866 349.674 311.561 393.281 328.915 253.897 216.469 207.334 206.524 275.717 351.707 300.771 274.651 203.433 290.772 201.582 194.245 186.319 181.734 177.51 175.462 169.058 166.065 157.798 157.033 201.97 155.98 154.714 136.519 144.524 187.739 135.395 131.225 126.522 125.492 135.226 123.611 143.58 139.995 176.262 122.687 150.48 194.289 117.142 129.936 115.302 114.703 150.027 124.077 114.492 110.95 110.519
threshold=1.6428571343421938 0 1 0.35714286565780645 2 3 0.87500000000000011 4 5 6 0.89467304944992077 1.2617588043212893 1.0000000180025095e-35 7 0.026785715483129028 8 2.0446429252624516 5.7589285373687753 9 11.500000000000002 8.5000000000000018 10 11 12 709.50000000000011 0.16071429103612903 13 14 0.87500000000000011 15 6.5000000000000009 16 0.9471459984779359 11.500000000000002 30.500000000000004 17 8.4720315933227557 18 0.89467304944992077 1.0000000180025095e-35 2.4196429252624516 0.99996969103813182 19 20 21 22 342.50000000000006 10.500000000000002 4.5000000000000009 2.5000000000000004 23 11.500000000000002 24.500000000000004 24 17.500000000000004 428.50000000000006 0.053571430966258056 0.98960703611373912 25 26 27 28 29
decision_type=2 9 9 2 9 9 2 9 9 9 2 2 2 9 2 9 2 2 9 2 2 9 9 9 2 2 9 9 2 9 2 9 2 2 2 9 2 9 2 2 2 2 9 9 9 9 2 2 2 2 9 2 2 9 2 2 2 2 9 9 9 9 9
left_child=1 6 18 4 34 -5 37 16 38 61 62 12 13 28 31 -16 32 42 33 20 22 -22 24 -21 25 43 -10 -13 -12 -28 45 -15 -6 -2 47 -26 -37 -1 -7 40 41 -23 -11 -20 -14 46 -24 48 49 -3 -51 -44 53 -53 55 -45 -32 58 -42 -59 -8 -4 -9
right_child=2 3 9 5 7 8 60 10 26 17 11 27 44 14 15 -17 -18 -19 19 23 21 39 30 -25 35 -27 29 -29 -30 -31 56 -33 -34 -35 -36 36 -38 -39 -40 -41 57 -43 51 54 -46 -47 -48 -49 -50 50 -52 52 -54 -55 -56 -57 -58 59 -60 -61 -62 -63 -64
leaf_value=-0.017223440566598386 0.00087942075745164904 0.013075770637095807 -0.012420198404378658 0.0061866847053458742 0.043236133807016464 0.021134758787460566 -0.028742486063235092 0.036108310046644693 -0.035594983242551857 -0.010901219534074923 -0.019450972557538471 0.016879714840913104 -0.0047065524869880542 -0.023207639749872847 -0.04368752794944044 -0.021200635139619162 -0.036018588067976746 0.019490558667789176 0.023124746938988337 0.0303711096382786 -0.0038508838791920345 0.080677862355623575 0.027767491689877712 0.012956737879055517 0.017381580787120605 0.043534833798730563 -0.0079464118203187908 -0.018409858129154393 -0.042433998396876532 -0.002745530948682831 0.0214848938694207 -0.005554857768099622 -0.0069148921656337226 -0.055525196003534651 0.071804915796549448 0.0017648319546481881 0.022571349528115563 -0.027859218472210179 -0.013500496462141196 -0.003300849788696875 0.016939124849537478 0.018184248512203707 -0.0010590831046452132 0.0067769476570174059 -0.018285344125531216 0.010470360260860132 -0.0036817096648993166 -0.01359794700846443 0.019362044002808616 -0.031144997526872088 0.010962055533194849 0.041626964068043781 -0.015521763282109339 0.0057140844294398911 -0.0089252914092313295 0.026185646122602213 0.01091930802179971 0.020250083551217154 -0.024004488002364655 0.010034283208940844 -0.042292907880163939 0.0063761520733102948 -0.0052851077410128455
leaf_weight=7775.3177349567413 454.84215354919434 1058.1822551488876 790.29451334476471 10478.616813480854 171.68522071838379 328.13782107830048 2566.6397079825401 258.65142554044724 516.71736359596252 3255.8156268000603 1129.3274347484112 799.1480205655098 2293.9155442714691 2446.8140177428722 2870.2101223468781 3928.896148532629 763.45290982723236 1309.4597052335739 9290.6559057235718 4020.5722337961197 4901.9351856708527 172.44243007898331 387.81348091363907 5303.2300918102264 12922.915693640709 1434.7958995699883 25673.012421369553 742.4693249464035 4027.8028677403927 48662.866161942482 5937.1141128540039 3346.7618169188499 7713.4899318218231 182.89260256290436 93.648845791816711 4246.8707140684128 1607.8572883605957 6460.708742827177 18257.463491678238 1511.8134616613388 392.77469968795776 396.26822662353516 27710.994154214859 1882.7245907783508 7096.6374297738075 26098.423635482788 2875.5925040841103 669.36847472190857 1942.8522748947144 563.75969654321671 434.21272599697113 568.25348603725433 413.62077903747559 1112.2536977529526 562.58383679389954 1591.1462366580963 4570.3230288624763 3924.8435926437378 495.1998393535614 12654.578840732574 5121.467191696167 47677.280835390091 402.401835501194
leaf_count=10543 130 639 424 5863 66 303 4890 172 501 2894 1656 712 2266 3713 5279 5712 567 269 1453 665 1503 69 128 1171 2148 329 25004 919 8182 38668 1112 3874 7440 59 54 1075 223 10723 20610 406 109 180 18937 346 8505 5663 1064 581 1033 396 331 291 283 749 107 257 1384 794 119 2802 10954 22467 387
internal_value=-0.000222087 -0.0105892 0.00894528 -0.00804349 -0.0151727 -0.00511113 -0.0276032 -0.0180196 -0.0063781 0.00336472 -0.0208278 -0.0215774 -0.0227959 -0.0269239 -0.0226148 -0.0307893 -0.00847854 -0.000446768 0.0132313 0.013401 0.0127248 0.00812601 0.0142565 0.0205128 0.0177509 0.0221481 -0.0047617 -0.000126365 -0.0373292 -0.00454257 0.0113095 -0.0130601 -0.00582241 -0.0150665 0.00756127 0.0143034 0.00746637 -0.0220821 -0.012882 0.0111257 0.0123411 0.0371442 -0.00123663 0.0198453 -0.0149929 0.00931647 5.61842e-05 0.00628721 0.00961592 0.000406359 -0.0130274 -0.000177148 0.0114919 0.0181413 0.0122093 0.0156673 0.0168894 0.0115334 -0.00597373 0.012471 -0.037862 0.00606714 0.0113802
internal_weight=359253 168595 190658 146671 42753.7 103917 21924.1 37991.7 93438.2 82838 29343 28682 27140.4 17749.8 12592.7 6799.11 8648.63 34370.4 107820 107182 97858.7 24449.9 73408.8 9323.8 33539.6 14761.9 74852.6 1541.62 5157.13 74335.9 39869.3 5793.58 7885.18 637.735 4762.02 18777.6 5854.73 14236 18585.6 19547.9 18036.1 568.711 33060.9 13327.1 9390.55 29361.8 3263.41 4668.38 3999.01 2056.15 997.972 29805.1 2094.13 1680.51 4036.45 3473.87 10507.4 17467.4 887.975 16579.4 7688.11 48467.6 661.053
internal_count=250153 180543 69610 143433 52484 90949 37110 49450 85086 46314 41377 40818 39187 28416 18578 10991 8073 23423 23296 23107 21271 5982 15289 1836 5938 2492 64173 1631 9838 63672 9351 7587 7506 189 3034 3446 1298 21266 20913 4479 4073 249 23154 2163 10771 6855 1192 2980 2399 1366 727 20260 1323 1040 710 603 2496 3824 228 3596 15844 22891 559
cat_boundaries=0 6 13 20 27 33 40 47 54 61 62 67 72 79 80 87 94 101 105 111 118 122 129 135 141 147 152 158 164 165 171
cat_threshold=2282750272 540673 1753491456 1209143553 336789520 167772194 1074471944 18880000 1638400 18434 3221225536 4672 16 544776 18092800 2149056514 2048 3252961536 1077543680 1 1108018176 16784200 2153250818 2107440 2172666112 1073742340 16 1153433636 2100292 197633 2686542352 74 67446788 360751746 46202896 70720 541066244 134217888 4214976 136 102760448 134252868 270532866 2418024512 29360384 68878596 96 2532354 537042944 270581840 84410444 33559556 5120 10 553648657 12582922 50332328 302285856 640 268435456 36 138412034 524288 16778752 65536 2048 64 1073741832 1536 589824 2050 2147483648 720896 2097152 0 2 1073741888 512 16 134479874 538976784 671088642 16810560 16810016 4096 8392768 36 4198405 2485125154 268452392 33587208 1109409286 8216 4 838860944 2592079880 88084480 32896 559104 2684354768 4 8 512 589824 2048 2147483712 524288 8388608 1209143296 196624 33554464 276857479 2415919128 33555464 620758528 2111536 33571856 128 1073741824 1536 524288 2 570851968 2818711552 73449640 16777384 531460 2147484672 32 8192 2097152 0 16384 0 512 8 16777728 2 2048 8388608 512 4194304 0 4325888 34340896 524288 1073743872 1024 0 0 0 1073741824 1073808384 0 0 0 0 64 256 16384 1073741824 134353152 336592912 33554464 135049218 268469248 8 2097152 0 0 64
is_linear=0
shrinkage=0.05


Tree=29
num_leaves=64
num_cat=26
split_feature=5 14 14 14 12 11 14 12 14 14 14 14 19 25 7 14 19 31 12 19 14 19 25 22 14 14 14 33 30 14 21 31 14 12 14 14 21 22 14 14 21 29 19 14 33 14 12 14 10 21 33 33 30 21 22 21 33 12 34 14 29 21 14
split_gain=12405.7 2348.04 2232.76 836.016 915.97 512.079 456.259 461.266 609.785 391.364 388.508 340.63 327.893 300.015 264.501 259.718 224.282 219.332 221.096 174.588 174.004 169.899 167.536 162.385 236.927 160.861 156.691 139.814 129.668 127.679 191.195 190.175 148.992 127.1 127.098 126.909 125.899 172.591 150.684 143.177 137.249 129.107 123.831 122.913 134.905 122.884 122.54 150.348 121.899 119.034 117.278 119.902 111.086 169.544 253.068 108.907 104.283 105.305 102.716 101.916 101.174 100.526 108.903
threshold=1.214285731315613 0 1 2 4.5000000000000009 0.8392857313156129 3 65.500000000000014 4 5 6 7 1.5000000000000002 8 6.1875000000000009 9 2.5000000000000004 5.9900000095367441 246.50000000000003 2.5000000000000004 10 6.5000000000000009 11 11.500000000000002 12 13 14 0.89467304944992077 10.500000000000002 15 32.500000000000007 2.4300000667572026 16 157.50000000000003 17 18 32.500000000000007 5.5000000000000009 19 20 50.500000000000007 10.500000000000002 1.5000000000000002 21 0.96357843279838573 22 95.500000000000014 23 3.0391118526458745 50.500000000000007 1.0518035888671877 0.9471459984779359 10.500000000000002 16.500000000000004 3.5000000000000004 11.500000000000002 1.0412790775299074 9.5000000000000018 10.10994338989258 24 5.5000000000000009 34.500000000000007 25
decision_type=2 9 9 9 2 2 9 2 9 9 9 9 2 9 2 9 2 2 2 2 9 2 9 2 9 9 9 2 2 9 2 2 9 2 9 9 2 2 9 9 2 2 2 9 2 9 2 9 2 2 2 2 2 2 2 2 2 2 2 9 2 2 9
left_child=2 12 5 43 11 45 50 8 56 46 16 19 34 49 20 36 -3 18 29 -5 -12 23 -13 55 -25 -24 -10 -21 -27 -11 31 32 -31 -34 -2 -7 37 41 -39 -38 58 52 -22 -4 -45 -1 47 -9 -28 -14 51 -6 -15 54 -54 -17 57 -8 -41 -32 -56 -57 -63
right_child=1 10 3 4 6 35 7 9 26 17 14 22 13 15 -16 21 -18 -19 -20 27 42 -23 25 24 -26 28 48 -29 -30 30 59 -33 33 -35 -36 -37 39 38 -40 40 -42 -43 -44 44 -46 -47 -48 -49 -50 -51 -52 -53 53 -55 60 61 -58 -59 -60 -61 -62 62 -64
leaf_value=-0.031496741348463107 0.011175498014341605 0.0096914007244487052 0.016116736637133745 -0.0063847778483701366 0.0035142380024033807 -0.044998474553571893 -0.02281740098571982 -0.012156036079875735 -0.01759873173238094 -0.037637946739182873 -0.011214679314803069 -0.038104345484421404 -0.0047626637241468791 0.012019905285220712 0.020354399938274204 0.00061897565771216881 0.0021599132792996566 -0.048545969563947113 0.033051587420501287 0.027964309009500057 0.004611818855516283 0.014162623487973544 -0.00096821303478394807 0.032828011012491554 0.0070549737671859224 -0.0093258842460645138 -0.0019902081183963073 -0.01737147115520548 -0.0033338589917965549 0.015893458020808531 0.016448062083788684 -0.049406685055470245 -0.029433012813975885 0.04142921415099951 0.019614978518618098 -0.031854682828563644 0.012897984667414595 0.004927733277303315 0.02183618921670203 -0.00048022178532676886 0.023851878902298101 0.0061191099172305738 -0.0024710241734784665 0.041787335584367459 0.00038363794746653105 -0.018094450780084755 0.026492351025814206 0.013990187196203492 -0.03764738581382155 -0.055531487314342945 -0.0078875837490726946 -0.032452720720777317 0.018903175650405692 0.0087706903862722584 0.068228158484638424 0.0093585298092445941 -0.013996892779291205 -0.039421433462082101 0.028688987261340882 -0.016594987874859496 0.033364125891587174 -0.015661161276246036 0.004615082546676824
leaf_weight=2127.9360445737839 6476.1552240252495 14550.85020762682 1600.211509346962 5760.5379292964935 240.27634090185165 2983.1344823539257 1286.0660633742809 912.86620706319809 4918.153487175703 483.91026732325554 4941.585647881031 391.40665155649185 231.03904473781586 11665.741138637066 1320.9438164234161 8449.745806157589 30826.042200803757 426.49111849069595 268.21665722131729 172.18620431423187 7326.1487954258919 9092.8354147076607 13645.238879024982 1389.0615075826645 2510.6286935806274 26195.461494386196 3757.3223953545094 13258.565717816353 13777.47657430172 364.19205290079117 749.23578536510468 427.74999701976776 691.86812496185303 69.56017142534256 15160.820868372917 5925.7261754870415 12116.545646905899 1536.3706822395325 10301.337288618088 5496.5343461036682 749.60683447122574 6281.4901575446129 39134.574068903923 200.7006664276123 9724.054232776165 9859.3681019246578 775.02270752191544 1351.9889267086983 255.921422123909 230.72664284706116 588.28870844841003 6490.9826283156872 1897.3538973331451 1666.2088904380798 444.95860815048218 18194.08916592598 659.58579263091087 3714.3129740655422 319.24255347251892 328.32352495193481 391.51095128059387 696.7398567199707 10620.622315824032
leaf_count=3709 1883 6839 615 6484 266 6732 1468 990 6186 758 4933 416 84 1974 264 2883 17026 894 202 155 4999 2787 10739 333 719 25281 3846 16006 13063 390 656 652 877 69 2550 11883 2049 251 1630 1324 154 1152 29932 72 6769 14035 571 970 189 84 782 11743 314 273 65 6089 860 6592 61 430 64 349 3728
internal_value=-0.000221756 0.00698308 -0.0122324 -0.00946398 -0.010907 -0.0272501 -0.0184686 -0.0147647 -0.0197962 -0.00406752 0.00118278 -0.00793753 0.0115009 0.0103396 -0.00173624 0.0105186 0.00457402 -0.0147217 -0.0104998 -0.0136597 -0.00230431 0.0079662 -0.00590062 0.00662211 0.0163382 -0.00565841 -0.0116141 -0.01679 -0.00725881 -0.0142509 -0.00976783 -0.0210307 -0.0102441 -0.0226573 0.0171033 -0.0363426 0.0129767 0.014783 0.0196644 0.00967846 0.00371135 0.0121971 -0.00135387 0.00330076 0.0012201 -0.0205152 0.00930206 0.00345979 -0.00425432 -0.0294978 -0.0292578 -0.0311688 0.0145735 0.0213434 0.0290056 0.00562396 -0.0326289 -0.0351515 0.00112141 0.00637815 0.0519159 0.00705699 0.00335691
internal_weight=358402 224020 134382 113486 101961 20896.2 28760.3 21440.8 14591.4 6849.43 98100.1 73200.9 125919 104282 52723.3 103821 45376.9 3809.55 3383.06 19191.3 51402.3 50953.7 54009.6 41860.9 3899.69 53618.2 8931.4 13430.8 39972.9 3114.84 2630.93 1553.37 1125.62 761.428 21637 8908.86 52866.9 34185 11837.7 18681.9 6565.38 22347.3 46460.7 11525 9924.75 11987.3 3039.88 2264.86 4013.24 461.766 7319.55 6731.26 16065.8 4400.03 2733.82 37961.2 5659.96 5000.38 5815.78 1077.56 836.47 29511.5 11317.4
internal_count=250143 94793 155350 118991 111535 36359 39391 26600 19141 7459 63993 72144 30800 26367 40128 26199 23865 4928 4034 22645 39864 16888 49499 14101 1052 49083 10221 16161 38344 3832 3074 1988 1336 946 4433 18615 9311 5723 1881 3588 1539 3842 34931 7456 6841 17744 2531 1960 4035 168 12791 12009 2690 716 443 13049 8920 8060 1385 1086 129 10166 4077
cat_boundaries=0 7 14 21 28 35 42 48 55 56 61 68 69 76 83 90 96 102 109 115 116 121 128 134 139 144 149
cat_threshold=1074463752 18882304 1638402 18434 3229614400 580 48 2282881344 540673 1753491520 1208090881 336789504 167772194 8 34144296 17832768 2216165378 2099216 3238019328 1075511808 16 2392066 2994905088 4194320 85459980 33560084 2147488768 6 889201296 6292482 318771848 302284832 8429696 809500672 32 620759552 2098182 648 2416222208 8396992 8396804 33 102768656 134348870 6291712 2183143520 20987916 1142559008 352330370 314638352 69632 2688552964 134217908 4214936 4 134217730 1074331656 512 589824 2050 1073741824 293601476 2462597136 4096 542114304 75312 33636496 128 134479874 0 2097152 2 0 8388928 512 16 1617169408 136610828 4325377 598176 786440 2155873348 34 1082132481 1140916408 132388 4268032 134219816 8413340 192 1342185472 0 268435456 192 0 64 128 134217728 33685504 0 0 268435456 525312 2098944 2 16384 2155872512 68 32 1179712 0 270336 1 196608 2 65536 1073807360 0 524288 2 1073741824 65544 16777984 1572864 0 2147483904 0 16 135266560 0 272384 257 268435456 134217730 603982336 1026 512 32768 128 16 128 16777472 33570848 32768 0 1024 0 0 8388608
is_linear=0
shrinkage=0.05


Tree=30
num_leaves=64
num_cat=32
split_feature=7 14 14 12 14 14 12 11 33 12 14 12 14 14 19 14 14 19 14 14 14 14 19 19 22 14 14 21 14 14 12 14 14 19 11 14 14 30 33 14 31 14 14 14 31 19 14 12 14 33 14 13 14 12 12 14 13 14 30 31 19 21 14
split_gain=10940.5 2648.25 1588.95 987.471 750.122 695.3 520.977 443.828 375.44 353.163 525.834 623.523 587.347 316.344 311.577 273.001 255.937 236.526 231.32 212.169 202.769 195.481 192.399 217.244 177.68 496.896 188.604 172.848 183.269 170.756 160.268 156.038 148.468 143.19 132.786 132.024 130.34 123.511 122.008 111.74 109.199 107.449 107.247 106.611 102.119 100.798 98.7289 96.9851 127.177 115.727 96.6247 91.6203 91.5102 207.02 129.169 105.043 90.1738 87.4321 86.1517 84.6556 84.3596 83.6318 124.597
threshold=1.5089285969734194 0 1 1.5000000000000002 2 3 8.5000000000000018 0.91071426868438732 0.89467304944992077 10.500000000000002 4 63.500000000000007 5 6 2.5000000000000004 7 8 1.5000000000000002 9 10 11 12 2.5000000000000004 6.5000000000000009 11.500000000000002 13 14 49.500000000000007 15 16 246.50000000000003 17 18 6.5000000000000009 0.48214285075664526 19 20 2.5000000000000004 1.0345617532730105 21 5.9900000095367441 22 23 24 2.2050000429153447 6.5000000000000009 25 157.50000000000003 26 1.0729565024375918 27 159.50000000000003 28 48.500000000000007 85.500000000000014 29 696.50000000000011 30 6.5000000000000009 2.3300000429153447 2.5000000000000004 15.500000000000002 31
decision_type=2 9 9 2 9 9 2 2 2 2 9 2 9 9 2 9 9 2 9 9 9 9 2 2 2 9 9 2 9 9 2 9 9 2 2 9 9 2 2 9 2 9 9 9 2 2 9 2 9 2 9 2 9 2 2 9 2 9 2 2 2 2 9
left_child=1 7 22 4 34 30 13 20 43 21 38 12 -12 -4 18 -16 40 31 -6 -8 -1 -10 -2 32 26 37 -19 35 58 -14 51 -15 -24 -28 -3 -17 59 -26 61 -36 47 -35 -20 -7 -22 -37 -23 49 -49 -13 -27 -5 53 -53 55 -54 -33 -58 -29 -9 -18 62 -11
right_child=2 3 6 5 14 8 19 36 9 10 11 16 29 17 15 27 60 24 42 -21 44 46 23 -25 25 50 33 28 -30 -31 -32 56 -34 41 39 45 -38 -39 -40 -41 -42 -43 -44 -45 -46 -47 -48 48 -50 -51 -52 52 54 -55 -56 -57 57 -59 -60 -61 -62 -63 -64
leaf_value=-0.032020252872377884 0.015322042819797913 0.004931921614115542 -0.0065840430539300101 0.024176874866584316 -0.0097707372749082626 0.032974473975444618 0.015321543240840159 -0.001325278249116886 -0.02036856073365936 -0.0012891372417793295 -0.043511541131423859 -0.020306868012585386 -0.023183559567941776 0.0025260613922449015 -0.0014649576692394879 -0.015329632145447455 0.016853285544954702 -0.0020786407456449591 0.0069766944778482916 -0.036933123391789884 0.0078842690384980582 -0.004472734325473746 0.011181876681199026 0.015960047774985192 0.0032664007904595971 -0.0095730165897261778 0.002808448385603748 0.001965729744835117 -0.0068260354677282522 -0.0026509742012581021 0.070150393608435904 0.018402626474383503 0.0055727860432867272 0.0038435971459154419 0.03381933777254497 -0.010362010959435867 -0.043037475412448151 0.032914429501227929 -0.012286925522226285 0.013262921080105062 -0.053587314900819694 0.014215566558253715 -0.00096277591241662741 -0.002332146633070561 -0.019418080746227369 -0.002783589259001973 -0.012119191472445064 -0.018817621776201998 0.036772027808131595 0.01648466727022627 0.0059000763035620581 0.029567868158590655 -0.0068797260214647554 -0.049888948684371937 0.021773694279388758 0.0084582183139560573 0.0016911165471170605 0.013875445832241632 0.033969231922833652 -0.031145653150778458 -0.00056214975012362995 -0.04382484207524865 -0.03834306159120409
leaf_weight=3824.0979799926281 31881.22005340457 2995.7029091715813 7012.2294678688049 415.23550289869308 5721.1263147294521 474.29834353923798 234.08730679750443 281.57890000939369 5720.5068744421005 331.24393951892853 2961.7296274900436 2233.3120762705803 2329.1054371893406 4923.5404944419861 13045.830802500248 10851.578694760799 993.74109756946564 16737.509522497654 6364.8121346831322 1091.6947125792503 354.08953869342804 5994.3964628279209 30474.964101910591 14493.584627538919 417.71420907974243 1496.3574509620667 48021.034201264381 347.8637787103653 1731.208471596241 1805.6561979949474 86.026549279689789 4812.0332514643669 19373.327800244093 4726.5810459256172 961.42172867059708 20726.443579018116 4256.0987808704376 2209.3700740337372 469.2447222173214 2247.0268574953079 176.84645444154739 5344.5575318336487 12779.533383071423 388.29268795251846 10408.715572327375 5566.0971626341343 14595.243566095829 193.46665024757385 200.43978822231293 236.28113633394241 3045.580373942852 120.83133274316788 3092.3287506103516 254.48046749830246 689.12462484836578 1733.956126332283 2371.9555014371872 3926.4310290813446 531.6501876115799 1537.8558359146118 2315.2259724736214 2826.6152580976486 774.07312923669815
leaf_count=7211 5300 1846 5165 269 5689 308 175 479 6915 620 5914 3177 3725 2391 10845 12335 893 10344 5106 1072 285 5630 5548 2609 174 781 23642 319 1703 2245 40 1976 5025 2401 469 20284 9926 785 703 1387 347 2310 11477 367 15690 5267 16217 286 239 198 1401 95 2763 326 452 1024 1012 1629 427 3116 2211 6038 1703
internal_value=-0.000173696 -0.0101288 0.00748918 -0.00758034 -0.00423633 -0.013037 0.00327648 -0.0267978 -0.0152261 -0.0158677 -0.0212969 -0.0163447 -0.0265414 0.00366992 -0.00557274 -0.00774674 -0.00497365 0.00440361 -0.000958596 -0.0278693 -0.0220812 -0.0121848 0.0121445 0.0105719 0.00331802 0.0108375 0.0025976 -0.0098053 0.00262787 -0.0142453 0.00240124 0.00995805 0.0090053 0.0039446 0.0124822 -0.0106818 -0.0381656 0.0280937 -0.0363058 0.0195703 -0.0154167 0.00936582 0.0016791 0.0174381 -0.0185026 -0.00875436 -0.00989631 -0.0131113 0.00992708 -0.0167863 0.000792481 0.00147971 -0.000120587 -0.0236762 0.00152288 -0.00136588 0.0132373 0.00931167 0.0210734 -0.0263859 0.0046543 -0.0392642 -0.0275983
internal_weight=358538 155944 202594 135282 83870.3 51411.7 106371 20662.4 45019.7 44157.1 17847 13445.8 7096.49 105045 77666.1 52800.7 6349.31 98032.7 24865.5 1325.78 14586.9 26310.1 96223.1 64341.9 81998.7 7169.02 74829.7 39754.8 2610.72 4134.76 6391.98 16034 49848.3 58092.2 6204.15 37144.1 6075.53 2627.08 4401.18 3208.45 3040.35 10071.1 19144.3 862.591 10762.8 26292.5 20589.6 2863.5 393.906 2469.59 4541.94 6305.96 5890.72 375.312 5515.41 4826.28 11110.4 6298.39 879.514 1819.43 3308.97 3931.93 1105.32
internal_count=250306 176566 73740 139859 77154 62705 55258 36707 57736 57061 28299 19235 11884 54011 73452 51180 7351 48846 22272 1247 23186 28762 18482 13182 41838 3141 38697 40335 2449 5970 4969 7008 10573 28353 3702 37886 13521 959 9064 1856 4247 4711 16583 675 15975 25551 21847 3900 525 3375 2182 4929 4660 421 4239 3787 4617 2641 746 3595 3104 8361 2323
cat_boundaries=0 6 13 19 26 33 40 47 54 61 68 75 81 88 95 102 109 116 123 128 135 141 146 153 160 166 172 179 185 186 193 200 207
cat_threshold=135397696 8929281 1745106944 1209532673 336723984 167776386 1074462728 16781824 1638400 4196354 3221225472 64 16 103285776 136318016 4325634 2121760 3246391360 131652 1644183560 19926592 2148532226 26624 2168733762 1077543424 1 2147779586 2986516488 278970448 67108940 33625092 32 10 16779793 134217730 16777864 321291296 8913536 2420121604 36 805343761 536871048 16924716 687898628 266376 2955149344 2 2592 1074929672 2147516601 268730576 278536 2218000384 98 270540928 138412176 121765920 16908464 557056 2420114512 132 2428504066 570433552 9471688 604114952 82944 1040 142 2048 256 0 2684354592 29360128 1073938464 1 135266560 0 537143296 257 268435456 134217730 2493547024 4259874 65792 2181268480 1216446496 549453888 36 0 1075838976 2151678482 524320 8912960 68160004 64 71581696 1210221568 306184976 302514232 2623488 75566088 1 4456448 67108864 82432 591397892 526374 1342245888 128 335556736 4194452 33554724 2147549184 43008 612385808 192 6555680 1075970306 2149613970 269221904 25182212 75572224 64 1074331656 512 524288 4194306 1073741824 1090527362 2520842288 576 4199428 167774752 4800520 4 256 8404993 1073745920 134217728 269484048 33558528 34078720 2098240 0 2113536 2155872256 0 1056770 2097153 2149851328 29360132 1075454212 32 49152 84181156 16793604 319095824 32772 3569942784 33 268477440 8 2097152 536870912 4 68 36 1812340868 94536753 337641712 6144 327680 128 0 33554432 0 0 268435456 4 35914752 1181760 32769 2097216 49152 8523776 1107296256 536887296 2098176 2 8192 262210 2621440 1 33555456 134218816 71303169 2113600 64 1074790400 33 262144 2181169160 16384 67108928 4096 0 2
is_linear=0
shrinkage=0.05


Tree=31
num_leaves=64
num_cat=33
split_feature=6 14 14 14 5 6 14 0 33 14 3 14 14 25 10 14 14 21 14 30 14 25 14 14 21 37 10 14 35 25 14 0 0 14 34 11 21 8 14 14 14 14 21 14 14 25 21 14 14 5 6 33 14 2 30 25 14 33 14 5 21 14 5
split_gain=10241.4 1946.8 1941.18 714.373 774.68 461.064 374.569 357.636 328.221 262.884 238.221 223.128 209.705 202.502 182.65 236.837 205.832 222.923 201.972 204.855 180.709 170.396 166.042 164.103 157.865 143.547 135.285 180.024 137.746 132.141 130.57 129.234 127.264 125.83 123.014 121.806 114.872 114.329 132.908 113.09 112.144 107.14 103.742 149.287 120.567 103.336 125.636 125.463 102.739 100.9 99.8046 115.507 116.068 93.9673 88.1364 107.986 95.1203 86.4094 84.2074 83.9435 83.807 148.997 83.3449
threshold=1.2321428656578066 0 1 2 0.21428572386503222 0.12500000372529033 3 1.5000000000000002 0.9471459984779359 4 10.500000000000002 5 6 7 0.16044347733259204 8 9 34.500000000000007 10 22.500000000000004 11 12 13 14 35.500000000000007 1.0000000180025095e-35 0.16044347733259204 15 1.0000000180025095e-35 16 17 1.5000000000000002 1.0000000180025095e-35 18 -11.164939880371092 0.5892857313156129 50.500000000000007 3.4448332542069698e-07 19 20 21 22 34.500000000000007 23 24 25 49.500000000000007 26 27 1.0000000180025095e-35 1.0000000180025095e-35 1.03107225894928 28 2.5000000000000004 10.500000000000002 29 30 0.90561750531196605 31 0.35714286565780645 49.500000000000007 32 2.3571429252624516
decision_type=2 9 9 9 2 2 9 2 2 9 2 9 9 9 2 9 9 2 9 2 9 9 9 9 2 2 2 9 2 9 9 2 2 9 2 2 2 2 9 9 9 9 2 9 9 9 2 9 9 2 2 2 9 2 2 9 9 2 9 2 2 9 2
left_child=2 10 5 24 6 23 26 12 58 60 13 50 -3 36 16 49 -13 18 19 -18 -9 -11 -7 -1 39 31 -5 28 -28 -22 -19 -15 41 59 -33 48 -2 38 -26 -4 57 -23 44 -44 -12 -35 -47 -48 -31 -16 51 52 -10 -50 55 -36 -56 -34 -8 -14 -6 -62 -59
right_child=1 7 3 4 9 22 8 20 11 21 42 14 33 25 15 -17 17 30 -20 -21 29 32 -24 -25 37 -27 27 -29 -30 35 -32 34 40 45 54 -37 -38 -39 -40 -41 -42 -43 43 -45 -46 46 47 -49 53 -51 -52 -53 -54 -55 56 -57 -58 62 -60 -61 61 -63 -64
leaf_value=-0.025678927131587283 -0.0021812070732967121 -0.013305947825675762 0.017184578573961242 0.0050456905332662838 -0.0019643022200712588 -0.015392740307563439 0.025685419376481063 -0.0059754198319257471 -0.025799166326624878 -0.030246691612601836 0.020020821779306058 -0.025502738043316854 -0.024073789535152049 0.0051877049023518907 -0.04174653116925077 -0.017314218768495104 -0.041126718024739377 0.029379463423445409 -0.0017269883759378957 0.021572108860252837 -0.023036121809221217 -0.01507829065966463 -0.026217989726164771 -0.043143717660029113 0.003693892434493069 -0.0031781351474058691 -0.035252446061294643 -0.0048887907072558238 0.058063045167504768 0.00011470706133725655 -0.010163829666059146 0.037398811366362472 0.062565126450511224 -0.031218839294748224 0.022391900755942121 0.031782518206630472 -0.055525359052216609 -0.00043613932635145106 -0.043061467144496546 0.003672055797596897 -0.0082168294015310395 -0.0086165671825266434 0.01829486228384028 0.0053187816802127315 0.012803863600817134 -2.4410270891122425e-05 -0.0029420785971640815 0.021364419701680119 0.0036729376352965248 -0.016633967228106679 -0.021910037418774699 -0.0068450717037391697 -0.045215911299332112 0.0083095625155186134 0.0067358393980054268 0.0085874239875013466 0.014382749496360113 -0.0026498076753653666 -0.0043961885028917739 -0.0046583505216806964 0.039774122173663572 -0.0018959430687110535 0.031864805940874284
leaf_weight=2240.5043188929558 223.56004011631012 3637.5082358717918 2248.807396531105 1888.6075369119644 11714.251017093658 7515.6667594313622 390.07330590486526 4224.9423963427544 1411.367305546999 902.5885403752327 10209.562363266945 1684.0494832992554 591.1155993938446 13503.234783351421 1877.0122250020504 5639.4379002153873 778.78861710429192 630.5702029466629 1800.4505904614925 156.37801522016525 415.08075034618378 9773.6714558005333 6946.9165945649147 3946.7285227477551 253.73322802782059 2233.8055838942528 863.34838411211967 2678.5552927851677 41.357009410858154 9765.483393073082 307.27031180262566 423.35947942733765 52.022288680076599 244.77016216516495 1463.6890910863876 420.11189669370651 183.88084077835083 1868.2195802330971 381.07362180948257 4983.0162559151649 20808.587053537369 19102.901926457882 3381.3714468479156 6484.0131530761719 13860.7536059618 34108.547146081924 857.64543861150742 1391.1996875405312 23965.918355226517 508.54434198141098 2447.4135316312313 335.91905558109283 2069.867113173008 20085.509221374989 5223.840353012085 43307.781508684158 19407.770175218582 9178.9461997151375 554.13851428031921 9542.4181566238403 333.37402838468552 576.81139200925827 178.20731174945831
leaf_count=4661 56 3306 1200 1518 9988 10823 293 3387 2503 1040 1456 2990 493 4743 3949 8152 1110 524 2208 143 272 11602 12595 9619 230 697 1290 2833 20 6546 407 61 33 174 302 224 68 1353 465 3716 22186 19951 540 1176 2210 21457 523 752 13151 600 3808 507 4791 9085 1386 10068 4129 8654 602 6752 230 479 138
internal_value=-0.000182682 0.00616209 -0.0114476 -0.00876866 -0.0100436 -0.0254961 -0.0174394 0.00133333 -0.0205268 -0.00739068 0.0105607 -0.0219207 -0.00175935 0.00916137 -0.0182216 -0.023008 -0.0110857 -0.00439453 -0.0116183 -0.0303169 0.00397955 -0.00876998 -0.0206214 -0.0369312 0.00415278 0.009329 -0.00577274 -0.0114908 -0.0306421 0.00474936 0.0166288 0.0096654 -0.00843684 -0.000857608 0.0105313 0.00496625 -0.0256345 -0.00666558 -0.0249957 0.00790293 -0.00616998 -0.0108119 0.0141088 0.00979042 0.0158787 0.000507907 0.000730113 0.0121768 0.00475778 -0.0362421 -0.0297459 -0.0348471 -0.0375489 0.00578573 0.0103674 0.00904569 0.0127696 -0.00163282 0.00825799 -0.00578542 -0.00082804 0.0137854 -0.00199214
internal_weight=358226 229157 129069 108419 98684.5 20649.8 26063.1 109250 20591.3 72621.4 119907 19647.1 50373.2 85970.9 13382.5 8024.99 5357.51 3673.46 2735.62 935.167 58877 59996.9 14462.6 6187.23 9734.85 85563.5 5471.87 3583.26 904.705 54652.1 937.841 83329.7 59094.3 46735.7 69826.4 54237 407.441 2503.03 634.807 7231.82 30217.8 28876.6 33935.7 9865.38 24070.3 36602.2 36357.4 2248.85 53816.9 2385.56 6264.57 3817.15 3481.23 44051.4 69403.1 44771.5 24631.6 9409.18 944.212 10133.5 12624.4 910.185 9357.15
internal_count=250225 93014 157211 119513 112549 37698 38248 66122 32587 74301 26892 31692 33457 21510 20083 12701 7382 4392 3461 1253 32665 63604 23418 14280 6964 21386 5661 4143 1310 29278 931 20689 62564 30151 15946 29006 124 2048 695 4916 31011 31553 5382 1716 3666 22906 22732 1275 28782 4549 11609 7801 7294 22236 15885 10370 5515 8825 895 7245 10697 709 8792
cat_boundaries=0 7 14 21 28 35 42 49 50 56 63 67 74 75 82 89 96 97 101 108 115 121 128 135 142 147 148 155 162 167 168 174 179 186
cat_threshold=1074471944 18879232 1638400 18434 3221225792 524864 16 2282881344 540673 1745102848 1209663745 336789520 134221826 4 34078760 154409536 1179650 2123776 3238281280 68289024 1 1145065476 1140851712 66561 2952790048 14682122 1076693260 32 1615072256 132236 2168488216 268763184 8 2156200004 96 807437314 851615744 44073024 67109980 33555460 33554464 10 343966336 2147483664 50352136 620790788 2101408 356400 128 2097154 17041936 130 648 50626560 640 2420113408 8320 2147483656 272650256 128 561152 2684355792 128 16 128 16777984 16809984 809505408 2147483816 268437004 151258116 2360960 2181152 128 134492194 2147614784 524288 0 1209663488 196624 4096 4 2147483904 16385 1073741824 134349056 336592912 4096 4 67108864 1024 0 268435488 8388608 4 32 134483970 16 128 16777984 16809984 2151677985 67109960 165152 38208008 42508 545261576 33 524320 0 0 8192 262208 0 1 33554440 16777728 1048578 2099200 3238019072 131584 69222929 8192 33637029 2181039104 10518660 1881148672 130 77636243 65586 2166784 2151683076 142606368 541081744 136 65536 4096 0 2 2147483648 512 16 8 0 1572864 18434 64 135266306 0 135301252 1 2415919120 21512192 3223322880 2 2049 536936450 37781681 543719576 16816130 2424579072 2 807403520 46137344 33554432 67109904 1024 268517429 1032 768 65536 0 256 512 33792 32776 35651584 16 4 4194304 1152 0 262144 0 2147549184 64
is_linear=0
shrinkage=0.05


Tree=32
num_leaves=64
num_cat=27
split_feature=6 14 14 12 14 14 6 14 12 14 12 14 14 14 33 25 0 14 14 14 7 14 22 14 21 21 14 14 14 21 14 14 22 14 14 29 21 14 31 12 31 21 30 29 30 25 33 29 21 12 34 33 33 14 10 14 29 14 21 21 21 3 10
split_gain=9205.01 1832.68 1732.08 685.55 638.63 449.972 395.482 288.992 280.709 439.183 448.023 584.54 330.383 267.83 224.278 218.279 213.233 200.541 176.104 156.746 148.259 159.199 154.579 189.122 139.781 200.677 211.174 166.56 160.782 138.745 123.014 122.748 120.921 132.227 124.026 119.919 128.854 119.739 119.68 133.193 141.912 218.77 118.692 114.397 125.492 114.153 103.449 101.033 100.992 100.611 97.0595 95.3641 94.9052 92.4488 96.3837 91.646 90.9252 90.8394 89.8788 198.193 93.9202 89.2566 88.2423
threshold=1.2321428656578066 0 1 1.5000000000000002 2 3 0.33928571641445165 4 9.5000000000000018 5 65.500000000000014 6 7 8 0.99996969103813182 9 2.5000000000000004 10 11 12 1.116071403026581 13 3.5000000000000004 14 33.500000000000007 46.500000000000007 15 16 17 18.500000000000004 18 19 5.5000000000000009 20 21 12.500000000000002 16.500000000000004 22 2.3300000429153447 246.50000000000003 2.2050000429153447 14.500000000000002 2.5000000000000004 3.5000000000000004 16.500000000000004 23 0.91557157039642345 6.5000000000000009 32.500000000000007 162.50000000000003 0.61268210411071788 0.89467304944992077 0.89467304944992077 24 3.7393571138381962 25 21.500000000000004 26 16.500000000000004 13.500000000000002 43.500000000000007 13.500000000000002 4.4867589473724374
decision_type=2 9 9 2 9 9 2 9 2 9 2 9 9 9 2 9 2 9 9 9 2 9 2 9 2 2 9 9 9 2 9 9 2 9 9 2 2 9 2 2 2 2 2 2 2 9 2 2 2 2 2 2 2 9 2 9 2 9 2 2 2 2 2
left_child=1 6 13 5 53 -3 18 -4 19 29 11 -11 14 43 -12 -9 31 -7 -1 -6 21 -15 23 -22 28 27 42 46 35 57 -13 -17 34 -34 62 36 -24 -18 39 40 -16 -42 -27 44 -2 -19 -26 -14 50 -50 -40 56 -39 -5 -55 -49 -21 -10 59 -46 -60 -54 -30
right_child=2 3 7 4 8 17 -8 15 9 10 12 30 47 20 38 16 37 45 -20 51 22 -23 24 -25 25 26 -28 -29 32 -31 -32 -33 33 -35 -36 -37 -38 52 48 -41 41 -43 -44 -45 58 -47 -48 55 49 -51 -52 -53 61 54 -56 -57 -58 -59 60 -61 -62 -63 -64
leaf_value=-0.039493065196750186 0.012998170814673589 0.011348775370866305 -0.009778694997363226 0.015104651911220896 -0.018039451551317535 -0.00055431996186514336 -0.016749659249645433 -0.036309122794773233 -0.035218365637237015 -0.03931889813029632 0.010940641872604677 -0.019685177484293201 0.011299279533406557 0.064860974988127512 -0.037798422061983666 -0.0045421038139412447 -0.0015984994414740027 -0.024925524477256194 -0.026235385167542143 -0.0010127124312858905 -0.007393040205532388 0.012945857555664603 0.041539091718531027 0.005712118013575445 -0.019099992723956398 0.0012813401612523582 0.0038554755202121309 -0.0037538372898593009 -0.00690208577805338 -0.039090515539824074 -0.0026778366842803865 0.0010071728821898958 0.0035519608928337026 0.015773461957534721 0.0053025997249065877 0.0073652109152222284 0.017932492944254599 0.044963116677492219 -0.05505454460240692 0.030812332469665606 -0.05234554039474007 0.021853717946986435 0.024351953966466611 0.01035644952369251 0.013290250061962031 -0.0072484332580227797 0.0075832927320642271 0.01003099996677905 -0.028540790631907859 0.04622414170177272 0.038367062212024274 -0.0092138553616742686 0.0057054643757637876 0.00060744361862186222 -0.049315864550998262 -0.011152502485375207 0.061203194187622878 -0.0085655540534645032 0.01304099310252212 0.059611181697064898 0.033328369055092601 0.030797350379232598 -0.049179005967170356
leaf_weight=4105.2240677177906 17089.099996209145 3988.4580051004887 6102.9173122048378 1194.7272691726685 6266.78895008564 13005.363737523556 8318.4291082620621 371.11235892772675 553.50680604577065 3333.777253985405 492.01292210817337 2159.995196044445 1893.8235159516335 215.78804016113281 590.65850442647934 12699.413735687733 5900.1950691342354 926.97843337059021 7165.53291451931 160.86324268579483 3621.7427524328232 476.8022432923317 650.68676114082336 11378.691857993603 377.61534917354584 672.61571103334427 3854.1236149072647 6493.6444412469864 481.87667787075043 3122.5028239786625 2108.8400503993034 46139.863138437271 3336.260363817215 6689.0704482793808 6646.9568457603455 2439.7678802013397 5178.5418294668198 157.48131787776947 618.83645966649055 137.31083303689957 143.21602582931519 323.65376633405685 3257.6204386949539 46089.862353920937 458.42573523521423 42843.165023654699 9479.3797175884247 748.62567633390427 352.09787312150002 51.49711662530899 29.042592644691467 16398.112224638462 26189.922425806522 4430.83148676157 98.73662918806076 1558.6210288703442 92.385828375816345 790.14944222569466 2054.0483174324036 465.38393187522888 789.91308355331421 359.18419277667999 165.8472056388855
leaf_count=9793 2664 2490 5459 592 7891 11289 12264 281 1243 6711 460 3271 1815 75 868 9329 3951 1058 14373 143 1453 256 190 3473 155 226 1219 2514 211 6679 2665 28820 1297 1903 2166 686 1410 80 1315 136 229 373 901 7535 71 45258 2915 633 609 74 42 18019 13269 3547 116 1752 53 1494 298 56 97 82 74
internal_value=-0.00018476 -0.0109342 0.00579035 -0.00838838 -0.012879 -0.00486821 -0.0250068 0.000748117 -0.0150158 -0.0195118 -0.0152636 -0.0236587 -0.00608791 0.00951971 -0.0195612 0.00144881 0.00160604 -0.00600841 -0.0311229 -0.0112934 0.00724079 0.0302512 0.00699564 0.00254683 0.00833773 0.005608 0.0122157 0.00246211 0.0109123 -0.0332349 -0.0113096 -0.000191146 0.00815732 0.0117257 0.00326424 0.0166527 0.0205682 0.00484956 -0.0263294 -0.0155008 -0.0215165 -0.000913831 0.020352 0.0117451 0.0148194 -0.00762847 0.00655424 0.00273453 -0.0386317 -0.018992 -0.0508614 -0.00873833 0.00627236 0.00279294 -0.0004808 -0.00428388 0.021699 -0.0198726 0.0230793 0.0366291 0.0186768 0.00604505 -0.0174633
internal_weight=358288 128004 230284 108415 47650.6 60764 19589.2 97920.1 41926.3 19008.2 14542 7602.61 6939.4 132364 2738.33 91817.2 91446.1 56775.5 11270.8 22918.2 65417 692.59 64724.4 15000.4 49724 24135 7784.36 16350.6 25589 4466.16 4268.84 58839.3 17320 10025.3 7294.68 8269 5829.23 32606.8 2246.31 1194.84 1057.53 466.87 3930.24 66946.7 20856.9 43770.1 9857 4201.07 1051.47 403.595 647.879 16651.4 26706.6 5724.3 4529.57 2307.25 253.249 1343.66 3767.77 923.81 2843.96 26549.1 647.724
internal_count=250371 157255 93116 120825 60730 60095 36430 61271 56475 30369 20953 12647 8306 31845 4106 55812 55531 57605 24166 26106 21124 331 20793 4926 15867 7930 2346 5584 7937 9416 5936 38149 5651 3200 2451 2286 1600 17382 3646 1606 1470 602 1127 10721 3186 46316 3070 4200 2040 683 1357 18215 13431 4255 3663 2385 196 2737 522 127 395 13351 285
cat_boundaries=0 6 13 20 26 33 40 47 53 60 61 68 74 81 85 91 97 103 109 116 123 129 134 141 142 148 155 162
cat_threshold=2282881344 8929281 1745106944 134353153 336789520 167776258 1108018184 287314688 3735554 18434 3229614400 1573440 16 4734984 19929664 1048578 18432 3242475586 1075708676 1 1109918720 153095360 4325634 2646064 1098924096 67240516 293634689 2147483672 50332680 620889100 2105984 92208 128 268697602 2952929280 276873296 1142423564 33560068 4195376 138 620757649 1162 50332328 321160224 41088 268443648 36 1109435520 4227208 39976960 208 559104 2415919296 1073807368 4608 524288 2 1073741824 0 16 134217730 541327904 1052684 50364593 268763200 4108 3230992384 33 1179712 0 537143296 1 196608 2 10526736 272695330 4259844 3259237380 142606368 2764048520 4 33554432 0 0 16384 33554432 18874368 0 0 64 1049088 655360 2097408 65538 0 8388928 1049088 656384 2097152 3145728 16384 2147483648 524864 0 16777216 65536 2048 2147483712 1048576 8402944 171966480 67109121 4268672 8914944 2694856832 64 608444416 603979936 151600 272925184 301100 67375108 5 33554432 2097152 2 0 256 524352 0 0 0 16384 8388608 4472868 393218 272663172 135004336 297990 2418017280 2 671395846 524288 16781824 1048576 2048 2164260864 131584 512 1024 392 2367488 8396800 8396800 32 2 0 32832 1140850700 33554436 0 8
is_linear=0
shrinkage=0.05


Tree=33
num_leaves=64
num_cat=33
split_feature=5 14 14 12 14 12 14 14 11 14 19 19 14 25 14 14 14 4 14 34 12 25 14 12 14 19 19 22 14 14 20 14 14 14 34 14 22 11 14 5 8 19 14 22 14 14 19 29 14 29 14 14 14 33 14 19 14 33 12 14 10 10 14
split_gain=8484.74 1831.69 1603.72 669.474 655.357 469.854 828.125 512.87 441.192 427.078 410.91 267.333 275.911 242.797 224.382 224.327 223.486 198.891 190.47 178.835 178.205 158.585 156.049 143.126 146.077 140.88 140.036 137.372 207.157 149.395 146.661 134.584 133.159 131.521 121.478 118.552 118.237 117.196 113.671 113.476 110.293 107.77 119.426 110.011 243.738 107.459 101.682 101.17 100.812 98.4621 97.6907 96.6661 94.7367 94.5133 90.8203 87.3029 86.1833 84.292 83.1016 91.6525 83.0872 107.022 138.55
threshold=1.214285731315613 0 1 9.5000000000000018 2 65.500000000000014 3 4 0.87500000000000011 5 2.5000000000000004 1.5000000000000002 6 7 8 9 10 10.500000000000002 11 -11.164939880371092 307.50000000000006 12 13 246.50000000000003 14 6.5000000000000009 2.5000000000000004 11.500000000000002 15 16 24.500000000000004 17 18 19 -1.5376359224319456 20 11.500000000000002 0.62500000000000011 21 5.9285714626312265 1.0000000180025095e-35 6.5000000000000009 22 11.500000000000002 23 24 6.5000000000000009 2.5000000000000004 25 3.5000000000000004 26 27 28 1.0933691263198855 29 2.5000000000000004 30 0.97084540128707897 157.50000000000003 31 4.4867589473724374 1.8243482708930971 32
decision_type=2 9 9 2 9 2 9 9 2 9 2 2 9 9 9 9 9 2 9 2 2 9 9 2 9 2 2 2 9 9 2 9 9 9 2 9 2 2 9 2 2 2 9 2 9 9 2 2 9 2 9 9 9 2 9 2 9 2 2 9 2 2 9
left_child=1 8 13 9 60 7 20 -6 38 48 14 18 -13 36 -4 55 -12 19 -11 -15 57 -14 -9 24 -17 26 33 29 30 -18 -29 -10 37 -21 -24 -28 -2 -16 -1 -30 45 43 -43 52 -45 -36 -31 51 49 -3 -48 -44 -23 58 -20 -8 -22 -7 -26 -60 61 -5 -63
right_child=2 3 10 4 5 6 15 22 31 11 16 12 21 17 32 23 27 -19 54 25 56 41 34 -25 53 -27 35 28 39 46 -32 -33 -34 -35 40 -37 -38 -39 -40 -41 -42 42 47 44 -46 -47 50 -49 -50 -51 -52 -53 -54 -55 -56 -57 -58 -59 59 -61 -62 62 -64
leaf_value=-0.026909851755687237 -0.0031766167102585418 0.040347167077887179 -0.0074644236244040514 0.0089915444436655459 -0.043689192122144289 0.0020615365668033968 0.018563524606630251 -0.027640969086655184 -0.024158608100675841 0.010144510817386362 0.0019185110464602795 -0.014163647180123768 -0.036955726972261668 0.037972053593757105 0.010010488410068038 -0.048113713305387037 -0.013894361578566064 0.012619510123689941 -0.013696813997697217 0.005081916475017545 0.030672042843423432 -0.011744011875830667 0.031118621132345661 0.027567597933866973 -0.014897303794426615 0.012769851631473681 0.0087130810551916942 0.039239089323383401 -0.0036700491343398412 -0.0050696977265568353 -0.012105608070625617 -0.040023490511178018 0.0039995963846468701 0.012581455112133298 -0.020722347529634654 0.0039114710237566335 -0.055528965016768607 0.036393550309421763 -0.016166386265683692 0.05953899938848483 -0.055520108832924978 -0.009798002609314977 -0.00099025888818093369 0.017620012970636305 -0.0081624875917730329 -0.0040479577757439782 -0.004833464127291829 -0.00038008921722838341 0.0025431292063429708 0.0082362720936274194 0.0072630293126745606 0.028676242899560646 -0.0064127978069546373 0.029577964486175435 -0.0014583658681453281 0.0013768710557750144 -0.020432662931777684 -0.043081365807070351 -0.026753363547602077 0.02717625884246282 0.032216771228677221 -0.031847949264197824 0.0093602161727376117
leaf_weight=3514.2763983309269 222.95377695560455 360.59300518035889 3013.0894210338593 2126.4027059674263 3011.4586977958679 108.72225320339203 1051.5242457389832 3084.5694096088409 2075.5828678309917 3178.6079095304012 28533.31517791748 15861.944039404392 417.19038254022598 499.99996280670166 11114.791746556759 269.95037966966629 3974.2941818833351 33729.772600531578 1917.8298146128654 8679.8514904379845 120.44489488005638 12748.121792286634 152.0254402756691 227.38418659567833 2916.313249617815 13270.946200370789 20897.071789383888 636.84730708599091 2179.2766864895821 25486.161044120789 177.87962847948074 4592.9859463870525 16570.271213829517 18202.889335989952 2015.8519299030304 33563.075296401978 208.82704544067383 437.4110780954361 8912.3222542405128 73.295854091644287 156.62889736890793 2726.8994809687138 478.72384291887283 1359.3152468800545 2762.5970023572445 1880.2783526480198 3018.3726291656494 4629.7689286470413 7496.6758416593075 706.21498131752014 3710.5477612018585 648.44934916496277 24419.179523259401 141.5942046046257 7131.736850887537 2484.8273308873177 214.20719477534294 2111.2926776707172 105.6961607336998 244.11753219366074 267.57341831922531 419.61979079246521 384.69291740655899
leaf_count=6764 82 107 2512 1695 6625 129 841 5310 4312 2823 15664 19788 488 68 5434 466 4032 5316 1999 2601 216 13567 63 160 3987 3417 4805 368 1585 18957 131 11591 9943 4165 3108 10467 82 273 13214 10 143 2798 444 1146 2700 2457 2146 4311 4787 247 2642 567 22945 106 6817 2110 481 4980 164 251 89 349 275
internal_value=-0.000272852 -0.0104988 0.00552724 -0.00802182 -0.0155103 -0.0188198 -0.0111064 -0.0263231 -0.0247943 -0.00599675 0.000735068 -0.00715595 -0.00841407 0.00919359 0.00549005 -0.00264439 -0.00144877 0.00931993 -0.000365875 0.00815078 -0.0356042 -0.00659284 -0.019062 -0.0108931 -0.0133013 0.00799315 0.00721382 -0.00389573 0.00626269 -0.00475782 0.0276891 -0.0351822 0.00687825 0.0101666 -0.0127174 0.00575624 -0.0278583 0.0110002 -0.0192395 -0.00160364 -0.0143939 -0.0063309 -0.00119947 -0.0073868 0.000363174 -0.0127391 -0.00362519 0.00288552 0.00460263 0.0189156 0.00184056 0.0163232 -0.00824628 -0.0103706 -0.00406438 0.00646936 -0.00172998 -0.0408706 -0.0121351 0.0108905 0.00553355 0.00311524 -0.0124194
internal_weight=357635 129434 228201 110339 23495.2 20296.9 9996.07 10300.8 19095.2 86843.8 98925.6 78280.4 66052.2 129275 31135.6 7441.41 67790 128844 12228.2 95113.8 2554.67 50190.2 7289.35 3905.06 3677.67 94613.8 81342.9 39256.7 3067.3 36189.4 814.727 6668.57 28122.5 26882.7 4204.78 54460.1 431.781 11552.2 12426.6 2252.57 4052.76 49773.1 8483.84 41289.2 4121.91 3896.13 32215.1 5756.94 8563.48 1066.81 6728.92 1127.17 37167.3 3407.72 9049.57 3536.35 334.652 2220.01 3266.13 349.814 3198.29 2930.72 804.313
internal_count=250120 155420 94700 119539 34005 31597 13891 17706 35881 85534 63697 80393 68754 31003 18162 8085 45535 30839 11639 25523 5806 48966 11081 5134 4974 25455 22038 29871 2094 27777 499 15903 15650 6766 5771 15272 164 5707 19978 1595 5708 48478 8120 40358 3846 5565 23745 5322 5141 354 4788 1011 36512 4508 8816 2951 697 5109 4402 415 2408 2319 624
cat_boundaries=0 6 13 19 26 33 40 47 48 55 62 69 75 76 83 89 95 102 108 114 120 126 132 139 146 153 158 165 172 178 185 191 198 204
cat_threshold=137494850 8404993 1745102912 1208094981 336723968 134221954 1177224200 7936 1638402 18434 3229614400 68158016 48 4735020 17828612 65536 2684356608 3250585674 1074465032 2449506304 2953486336 274776080 1573064 34148356 33555456 10 553910801 2418017282 8389256 85230592 13972 268435488 4 34145320 1055304 2149187586 2631696 3225436416 1074921984 64 3556778497 273219632 8458240 4211712 134217904 37765240 36 134217730 8388646 2986344496 33988 537035264 274576 572850304 136 83888656 2098178 906 270835712 8720 8397316 33 2684362786 1093664836 2149613776 2150113376 16793600 135436 72 1073758336 402817156 85999652 2148581376 2630304 2162229504 134479874 2483038336 38281224 50348034 304619560 34177024 2147492368 40 1073742848 0 0 0 0 64 4194304 128 4325920 262164 524288 1073810432 16810113 2462646288 33570816 1074791428 134228528 2185316352 132 2097408 8404993 1073741824 135424 336592896 4096 307217 153124934 33554688 33555512 4229126 2416445732 2622472 256 2 2048 8388864 1048640 2621448 768 589826 2 1073741824 64 135266560 0 1208231936 257 268435456 134217730 8409220 3322052738 18874368 2199126144 34341888 805840896 136 4495360 1157800064 71336480 805568680 32774 2215183360 1 8388608 671154368 272666916 66064 0 583025668 131 34145288 512 1572864 0 2147483904 12847616 67141760 272761352 168198160 38535174 268968960 3 4489216 671358976 306200576 536903752 37386 69468160 3 16810000 2753692674 268453648 554696744 2137670 536936448 75536384 52953088 66432 641728512 327688 2112 138 0 32768 16400 1048640 33554432 33554432 128 0 0 0 0 268435456 4 0 16779776 0 2048 64 131072
is_linear=0
shrinkage=0.05


Tree=34
num_leaves=64
num_cat=31
split_feature=6 14 5 14 5 7 14 14 14 14 19 7 14 14 25 14 34 33 21 14 19 19 14 19 19 14 20 21 33 19 14 14 14 21 14 14 33 30 14 14 14 14 14 14 14 14 33 14 9 34 14 34 14 33 20 25 29 7 14 7 5 21 21
split_gain=7727.18 1716.38 1382.11 628.943 640.109 463.487 380.728 306.389 262.269 237.868 202.766 199.289 463.58 221.816 175.95 170.068 169.761 169.727 168.168 326.935 167.546 184.31 151.461 139.766 162.517 143.021 135.285 132.837 143.007 125.51 123.122 118.162 116.808 115.131 123.784 114.293 112.173 111.131 110.399 108.704 108.534 107.636 106.38 104.664 97.7193 95.0117 93.0564 92.346 99.6283 90.8051 89.3418 109.923 89.2561 88.0402 87.9196 84.5354 91.6736 90.6795 84.457 83.6461 110.109 83.1971 80.9226
threshold=1.303571403026581 0 3.3571429252624516 1 1.0000000180025095e-35 0.16964285820722583 2 3 4 5 2.5000000000000004 0.026785715483129028 6 7 8 9 -1.5376359224319456 0.89467304944992077 49.500000000000007 10 2.5000000000000004 5.5000000000000009 11 1.5000000000000002 6.5000000000000009 12 25.500000000000004 18.500000000000004 0.90561750531196605 2.5000000000000004 13 14 15 49.500000000000007 16 17 0.97084540128707897 20.500000000000004 18 19 20 21 22 23 24 25 1.0607942342758181 26 3.350649476051331 1.8084287643432619 27 -1.0000000180025095e-35 28 1.000957250595093 24.500000000000004 29 2.5000000000000004 6.6517856121063241 30 1.4375000000000002 1.0000000180025095e-35 32.500000000000007 12.500000000000002
decision_type=2 9 2 9 2 2 9 9 9 9 2 2 9 9 9 9 2 2 2 9 2 2 9 2 2 9 2 2 2 2 9 9 9 2 9 9 2 2 9 9 9 9 9 9 9 9 2 9 2 2 9 2 9 2 2 9 2 2 9 2 2 2 2
left_child=1 5 7 44 6 30 27 36 29 58 22 13 -13 16 -10 -12 -8 50 23 26 45 31 -9 25 40 -19 -20 35 -29 -6 -1 -22 -7 52 54 -5 -2 -15 -21 -26 -25 49 61 -14 -3 -11 -30 -24 -49 -18 -16 -52 -17 62 -35 -38 57 -57 -4 -46 -61 -23 -43
right_child=2 3 9 4 8 32 11 10 14 20 15 12 43 37 17 33 41 18 19 38 21 42 47 24 39 -27 -28 28 46 -31 -32 -33 -34 34 -36 -37 55 -39 -40 -41 -42 53 -44 -45 59 -47 -48 48 -50 -51 51 -53 -54 -55 -56 56 -58 -59 -60 60 -62 -63 -64
leaf_value=-0.026010535084754666 0.021664449895471241 0.015301403084753347 -0.012445693475898498 -0.0054617674422995678 -0.0056320197599606034 -0.01401867903094025 0.01587079097980201 -0.0070273356000854006 -0.036297655396027646 0.0078940872184135608 0.0013498944393064579 -0.033822340510497893 -0.014972032712481438 -0.0016949841020393052 -0.0027692526265964074 -0.018160953808803088 -0.047379420313697414 0.008200211091846361 0.038551962985404996 -0.019786612847037945 0.0084544291071359263 0.017158570934090768 0.00083045096349961965 -0.011327163170963446 -0.0085916495138445414 -0.0049229340743472249 -0.010619955652312819 0.011380987901220625 -0.037475428456787231 -0.014214478223049299 -0.041278510266221376 0.0030277969477722436 -0.023607958967037379 0.031753107570403068 -0.0032643612584610524 -0.030084088953934357 -0.013792445527988726 0.023529842058249636 0.0021747169883038673 0.0035289524511792555 -0.0060167439469832858 -0.03501431362043856 0.0086029412453380201 0.00022575730922428524 0.0041739538903749129 0.01403538082417017 -0.007581685281708263 0.0089457803798750329 -0.0074005009619692716 0.022060700968056998 -0.0011715029091658271 0.04902446004459704 -0.0046647233382318956 -0.034527909881965621 -0.010948090341887439 0.0094440461495655745 0.0039578588141155916 0.036127651235271792 0.0034673687241314082 -0.028780798924756486 0.00074052292084713939 0.009250370774736047 -0.0018063224077546171
leaf_weight=2382.028470158577 1054.2194536924362 1650.1574373841286 898.87480688095093 1042.7308988273144 6116.0259889960289 7195.2293215095997 330.82559311389923 3010.6542096138 437.40171128511429 8247.5527230501175 20947.770348131657 2802.4905853867531 2447.1135874688625 3540.9034564197063 323.1623420715332 1275.2624921798706 542.70028972625732 3297.5330005884171 809.33791375160217 755.99008637666702 25892.679978609085 9856.0775344371796 8244.144186258316 16332.149700462818 2762.3328213691711 5566.3766689300537 169.05737978219986 172.99599856138229 3341.0949487686157 14037.536791920662 3527.5813130438328 16434.633017301559 5908.2719052433968 606.79558527469635 1086.0531507134438 874.30750092864037 574.21230578422546 497.94889971613884 2259.0319428443909 5549.1968038678169 23670.978306233883 228.25170889496803 16265.903516709805 2110.8296912312508 7667.2201367914677 28108.938013136387 282.39122584462166 11658.491448163986 1013.0790854692459 51.49292117357254 165.83029174804688 318.49964499473572 27561.994649231434 443.24082085490227 150.36742949485779 5597.9594877362251 21942.610149681568 337.51014184951782 10127.957677721977 471.40779608488083 956.80580365657806 5020.1769368648529 933.08940529823303
leaf_count=5470 410 813 541 1728 7115 10852 261 2189 510 2142 12620 5659 3671 3697 312 1296 1303 2844 605 762 5030 1896 4830 17369 2806 5169 155 191 7521 17744 9345 4648 11271 309 728 1879 294 448 2113 5264 22536 374 3555 2611 5901 4364 398 6225 364 73 141 181 18759 748 97 2467 9688 50 4075 481 587 1077 1381
internal_value=-9.31418e-05 -0.00970572 0.00552221 -0.00736399 -0.00857385 -0.0236017 -0.0166873 0.00132774 -0.0066448 0.00916859 -0.000359948 -0.0121987 -0.0178573 -0.00587635 -0.00504078 -0.00212332 -0.0174494 -0.00481432 -0.00511572 0.00480413 0.00987118 0.00849826 0.00344489 -0.00580855 -0.00686738 -3.71545e-05 0.0297513 -0.0275597 -0.0330256 -0.0116042 -0.0352387 0.00635013 -0.0183713 -0.0044937 0.00761956 -0.0168777 0.00564745 0.00141199 -0.00337957 -0.00050547 -0.0081892 -0.0225425 0.0114179 -0.00794884 0.00414158 0.0126483 -0.035146 0.0049533 0.00763284 -0.0406746 0.017957 0.0311971 -0.00526954 -0.015476 0.0229693 0.0050559 0.00544717 0.0109619 0.00215998 0.00210216 -0.00900486 0.0144802 -0.00833552
internal_weight=357885 131972 225914 112958 102213 19013.1 19642.4 105061 82570.4 120853 75554.6 13928.9 7360.43 6568.45 62416.9 51628.2 2529.6 61979.5 61172 3993.42 109826 73469.5 23926.4 57178.6 48314.7 8863.91 978.395 5713.52 3796.48 20153.6 5909.61 42327.3 13103.5 30680.5 1843.22 1917.04 29506.5 4038.85 3015.02 8311.53 40003.1 2198.78 31142.2 4557.94 10745.6 36356.5 3623.49 20915.7 12671.6 594.193 807.492 484.33 28837.3 1604.58 757.163 28452.3 27878.1 5935.47 11026.8 9095.43 1428.21 14876.3 1161.34
internal_count=249943 162289 87654 125351 117569 36938 31943 60326 85626 27328 47417 20226 11941 8285 60767 33809 4140 60257 59623 3635 22712 16206 13608 55988 47975 8013 760 11717 8110 24859 14815 9678 22123 21189 1134 3607 12909 4145 2875 8070 39905 3879 6528 6282 7782 6506 7919 11419 6589 1376 634 322 20055 2503 406 12499 12205 2517 4616 6969 1068 2973 1755
cat_boundaries=0 7 13 20 27 33 40 47 54 55 62 69 76 83 90 97 104 110 116 123 130 137 143 150 157 163 169 176 183 190 191 197
cat_threshold=2282881344 540673 1745102912 1209536769 336723968 167776258 4 1644691496 19929664 1179904 2123776 3246407744 1075446276 268730370 2952929282 8437784 83887116 33658004 1056 10 2149721096 16784130 74448898 2151680000 3225420096 604508416 20 25206914 373358610 10555396 2688679936 134283314 541081760 16 152044808 71435009 2418548816 21512452 67703040 32 83894929 12583936 50336418 302415920 8704 2420121600 32 2106496 176193688 325128192 192 526336 2688549072 128 134479874 2100 1077092352 2148040833 2826368 25182208 2229772 66 4194305 536872096 71303200 263200 4 2214659072 193 877136388 536879104 17334424 671220740 266884 327696 130 4472833 134258816 16793608 285574164 2105472 2426478848 32 2147483904 16385 1207959616 134217984 336592896 134221824 4 1074333704 4608 2686978 0 1073741824 1074921536 64 2147614784 524288 64 1209536513 131072 33558528 4 1644167168 0 16908816 167788576 524288 1343227904 268697600 2952790018 8405016 16777216 5264 1024 270532624 294912 16778240 67174912 6295552 10748160 10 2117652 2155913344 318767618 33817664 38538240 335554624 136 341836289 2281701408 2483045889 33796 2631172 2171928 64 2098176 32768 270532608 192 0 64 1107296264 68 1638402 2082 2147483712 1073742336 64 12589056 167772348 272629764 2151744128 2048 612647056 192 524296 16781824 1048576 2048 2164277248 1179648 2622464 2097216 3145730 32 2147483712 1074922048 33820704 1073873032 2449605125 271360128 27280384 278923264 64 0 32768 32768 0 33554432 16 8 268468865 2147483664 33554440 536871940 1536 18448 128 201865286 0 8 4325377 524304 0 67174400
is_linear=0
shrinkage=0.05


Tree=35
num_leaves=64
num_cat=28
split_feature=5 14 14 14 12 11 14 19 14 14 33 14 14 19 19 12 13 14 14 21 14 13 14 14 14 7 14 21 5 14 33 12 21 21 14 14 19 14 14 14 21 20 14 14 33 30 13 14 10 11 14 14 12 12 14 14 12 21 35 31 11 21 7
split_gain=7131.93 1561.99 1255.6 590.594 600.947 509.202 388.52 258.43 236.064 198.041 192.569 199.876 180.186 177.772 213.184 150.845 263.487 260.336 207.052 157.697 181.591 150.43 150.377 139.787 136.862 134.23 131.662 130.369 128.292 127.74 122.021 120.902 119.323 118.561 118.399 117.031 116.823 121.778 119.146 115.679 133.445 131.891 150.091 115.552 109.792 107.576 109.26 190.422 112.35 108.095 106.336 105.316 110.896 105.264 135.911 101.832 98.0087 97.8575 94.0364 90.6322 86.9756 83.9599 83.5342
threshold=1.214285731315613 0 1 2 3.5000000000000004 0.91071426868438732 3 1.5000000000000002 4 5 1.0473631620407107 6 7 2.5000000000000004 5.5000000000000009 63.500000000000007 215.50000000000003 8 9 14.500000000000002 10 89.500000000000014 11 12 13 0.16964285820722583 14 32.500000000000007 3.0714285373687749 15 0.89467304944992077 8.5000000000000018 26.500000000000004 35.500000000000007 16 17 2.5000000000000004 18 19 20 49.500000000000007 24.500000000000004 21 22 0.92542046308517467 31.500000000000004 367.50000000000006 23 3.7393571138381962 0.44642856717109686 24 25 10.500000000000002 95.500000000000014 26 27 10.500000000000002 20.500000000000004 1.0000000180025095e-35 1.0400000214576723 0.16071429103612903 20.500000000000004 2.0446429252624516
decision_type=2 9 9 9 2 2 9 2 9 9 2 9 9 2 2 2 2 9 9 2 9 2 9 9 9 2 9 2 2 9 2 2 2 2 9 9 2 9 9 9 2 2 9 9 2 2 2 9 2 2 9 9 2 2 9 9 2 2 2 2 2 2 2
left_child=1 5 13 33 8 23 30 21 -5 -9 11 44 -12 24 22 17 -17 31 -18 20 -20 -4 -15 -1 -2 55 -16 32 39 -30 -6 -13 50 45 -29 -23 37 -27 -38 -11 -41 42 -42 -21 -8 46 47 49 -48 -3 60 -35 -53 54 -45 -10 -46 -58 -7 -25 -28 -24 -32
right_child=2 3 7 4 6 58 10 9 25 28 12 15 -14 14 26 16 18 -19 19 43 -22 35 61 59 -26 36 27 34 29 -31 62 -33 -34 51 -36 -37 38 -39 -40 40 41 -43 -44 53 56 -47 48 -49 -50 -51 -52 52 -54 -55 -56 -57 57 -59 -60 -61 -62 -63 -64
leaf_value=-0.025565823467186052 0.0045069782341665421 0.018045490913599787 0.068112548907708639 -0.011007280385974001 0.031421343881197904 -0.037652349750686431 0.0011251893248908356 -0.011111741005909836 -0.005948301943799676 0.0017209825098031453 -0.018455971940452214 -0.018217930695030079 0.0093458199127456534 0.0071392866892827124 0.0016193797233479065 -0.047671784714216778 -0.018970070913448493 -0.013732038831274999 -0.045454615485408162 0.036416245166039633 0.0029931683875936547 0.012740722285011814 -0.0022350934508982264 0.036087931094794704 0.011967745413621002 -0.0073102678728276353 0.013874800262577201 -0.00014261028124590216 -0.011722504404720177 0.0057362828619618479 -0.0036149397305200726 -0.039681776130799977 0.020358337202311991 0.00979877876317309 0.010163461882544814 0.0032609988533885779 -0.0015551799701114045 0.0023019757463966901 -0.0082152824687432707 -0.0034770234816746204 0.037894884775791816 -0.016581086624016701 0.0053198851301379333 -0.03220701569289551 -0.018060375882255432 0.049225255120683098 0.0044091738522074276 0.0068019974436713398 -0.01982721458277753 0.068872666939605018 0.0085461576432008159 -0.0056194530406941841 -0.035899345632440155 0.024778889321161946 0.0089359467879196585 0.02296238842307563 -0.021250126834297358 -0.036764471152612534 -0.0027073604251293209 -0.014939919677030015 0.029584853009588664 0.0040820317520795747 -0.021882980304470973
leaf_weight=4134.6158466637135 7397.9378947019577 187.57345473766327 98.662881374359131 17269.120497643948 231.63342821598053 4977.5000520944595 346.88015761971474 4145.649386048317 495.97198408842087 24717.535886824131 1108.7490311563015 1019.2945133447647 1208.0987837910652 30339.863445281982 4473.0005009770393 387.97947335243225 1555.3353892564774 6457.8465281128883 283.5037647485733 385.33989715576172 570.18041282892227 4718.616452395916 8339.9786376953125 87.744492650032043 37583.347070634365 4957.2556869983673 4538.1184799671173 4238.7728256583214 1129.3328786492348 13199.165424883366 6169.0696609020233 1842.5115074515343 4461.2925437092781 969.37521648406982 8159.1943177580833 10530.954009711742 9457.646437048912 9778.8249596357346 23301.52193453908 33626.365145564079 519.96638709306717 382.50975835323334 1096.9316757917404 285.90317305922508 1860.0358548760414 142.18212953209877 6358.9386047124863 1269.8544505834579 516.94682818651199 236.65649104118347 12111.239660620689 2554.8544145822525 342.87890449166298 471.61457794904709 615.64849257469177 776.1422179043293 1515.2734560966492 3090.5911849141121 200.27792936563492 9337.5166613161564 1093.3260415196419 14241.561725854874 696.33174946904182
leaf_count=8575 2409 61 47 21452 106 13087 405 4372 556 14818 1612 1196 1161 6547 1799 804 2628 8999 448 366 549 2339 2795 36 7034 4571 796 1066 741 5946 6324 4101 910 580 1929 6521 8311 8475 23472 25881 295 295 780 337 2529 73 4311 736 229 70 2700 1772 428 403 631 740 3104 6923 451 14353 275 4688 509
internal_value=-0.000123522 -0.00961931 0.00511257 -0.00731897 -0.00865216 -0.0229498 -0.0145082 0.00066741 -0.00598408 -0.000488403 -0.0176609 -0.0191995 -0.00399853 0.00816776 0.00690882 -0.015712 -0.00826638 -0.0193683 -0.00459684 0.00401882 -0.0135968 0.00660323 0.00484059 -0.0178685 0.0107444 -0.00420216 0.00970991 0.0107522 0.000102875 0.00435598 -0.00425767 -0.0319263 0.0130486 0.00286884 0.006648 0.00620483 -0.00463234 -0.000935034 -0.00629549 -0.000907012 -0.00273006 0.00981842 0.0160644 0.0125937 -0.0262402 0.00610512 0.00538916 0.0167626 0.00258676 0.0453404 0.0112106 -0.00441468 -0.00917183 0.0056004 -0.00437167 0.0118248 -0.0277489 -0.031661 -0.0363007 -0.0144492 0.0168953 0.00174817 -0.00546809
internal_weight=358599 127455 231143 108718 96138.3 18737.7 30101.8 94165.7 66036.5 78817.5 23004.8 20687.9 2316.85 136978 91996.3 13875.2 4555.51 9319.65 4167.53 2612.19 853.684 15348.2 52921.4 13559.9 44981.3 48767.4 39074.9 34601.9 74671.8 14328.5 7097.03 2861.81 22204 12579.3 12398 15249.6 47495.2 14736.1 32759.2 60343.3 35625.8 1999.41 1616.9 1758.51 6812.78 8712.15 8569.97 1694.08 6875.89 424.23 17742.7 3867.11 2897.73 1373.17 901.552 1272.11 6465.9 4605.86 5177.78 9425.26 5631.44 22581.5 6865.4
internal_count=250457 155474 94983 118972 110712 36502 43135 62035 67577 53128 36196 33423 2773 32948 23505 20462 6166 14296 5362 2734 997 8907 14030 22964 9443 46125 9475 7676 48756 6687 6939 5297 4681 8260 2995 8860 44829 13046 31783 42069 27251 1370 1075 1737 12961 5480 5407 867 4540 131 3771 2780 2200 1371 968 1296 12556 10027 13538 14389 1071 7483 6833
cat_boundaries=0 7 14 21 28 35 42 49 56 63 69 75 82 88 94 101 107 113 120 127 134 141 148 154 160 166 173 176 183
cat_threshold=2282881346 1 1753495616 1207959813 336723984 134221858 8 1076560904 18880256 1638402 18434 3229614144 1704768 48 34162728 18088768 2148532226 2107408 3225698560 1075446272 16 4198404 136321036 65537 2952806912 27263042 69560644 1 360743552 8994864 66560 541217792 134283300 37773456 4 293634180 306708496 41947144 605029376 136390192 570441856 128 268476432 2693398530 268435456 85624040 33625092 838860800 6 268435456 2147491840 272646280 105250824 3236 8388624 128 621020673 37749760 33555080 33816576 640 2147483648 32 1612710017 268492800 54706224 0 526336 4195472 1024 128 2097408 33554432 32768 2147483648 1076428808 768 589826 2 3221225472 64 32 135266560 0 671361024 257 269484032 134217730 2622464 256 2 0 8388672 131136 0 18874368 0 16384 0 524544 32 16384 8200 88211969 524304 0 2163712 524296 1536 589824 2048 2147483648 1179648 268477056 1148996 17152 100672612 6332448 67108884 4 12309 1612719106 33720 335544968 16779784 67371008 162 539231232 538978312 4882577 335904896 2 536872004 195 2684616704 1208092674 2170683649 3492356160 20988160 67108916 8 4194321 0 32 167772196 524288 1342245888 2 0 128 264 0 0 2155872256 33554472 16777216 0 0 2147483648 1073741824 8 0 1638400 2048 2147483648 1048576 589832 262400 2147483648 8208 2147483904 131072 16 67371008 1024 512 2359296 2181046272 54526088 2499870728 1664 536870976 130
is_linear=0
shrinkage=0.05


Tree=36
num_leaves=64
num_cat=30
split_feature=5 14 14 12 14 12 14 7 14 14 14 14 31 25 33 14 37 25 21 14 14 7 20 25 5 20 14 20 12 14 21 14 14 30 13 33 21 20 20 10 21 21 14 13 13 14 14 30 33 14 14 14 13 14 13 7 14 6 14 31 14 14 14
split_gain=6560.42 1547.29 1186.51 529.952 598.257 455.729 819.891 438.112 332.482 332.261 259.986 223.715 220.259 197.261 254.962 195.792 189.373 179.442 202.683 313.253 177.672 174.491 171.658 148.205 143.956 143.101 141.786 138.999 138.713 200.971 185.445 231.144 190.193 139.209 130.784 123.246 120.812 157.458 175.957 126.488 113.149 161.449 159.736 112.198 168.602 196.657 153.803 110.544 106.164 112.071 105.664 104.863 116.067 167.562 122.651 103.542 136.843 101.896 100.667 126.381 99.4974 99.4734 99.2286
threshold=1.214285731315613 0 1 9.5000000000000018 2 63.500000000000007 3 0.16964285820722583 4 5 6 7 5.9900000095367441 8 0.84699138998985302 9 1.0000000180025095e-35 10 48.500000000000007 11 12 2.2053570747375493 25.500000000000004 13 9.3571429252624529 16.500000000000004 14 24.500000000000004 246.50000000000003 15 33.500000000000007 16 17 24.500000000000004 227.50000000000003 1.0546653866767886 50.500000000000007 25.500000000000004 20.500000000000004 5.4877667427062997 13.500000000000002 33.500000000000007 18 176.50000000000003 249.50000000000003 19 20 22.500000000000004 1.0082218647003176 21 22 23 722.50000000000011 24 210.50000000000003 1.2589285969734194 25 6.7321429252624521 26 2.3300000429153447 27 28 29
decision_type=2 9 9 2 9 2 9 2 9 9 9 9 2 9 2 9 2 9 2 9 9 2 2 9 2 2 9 2 2 9 2 9 9 2 2 2 2 2 2 2 2 2 9 2 2 9 9 2 2 9 9 9 2 9 2 2 9 2 9 2 9 9 9
left_child=1 7 13 8 35 6 -6 58 50 -7 34 -10 28 27 -15 -4 20 -17 24 22 36 51 25 -13 26 -20 -19 -2 29 -11 31 33 -32 -31 -8 -5 43 38 -38 -40 -22 -42 -43 46 45 -45 57 -21 49 -44 -3 52 53 -12 -55 62 -57 -16 -1 -60 -18 -54 -25
right_child=2 3 15 4 5 9 10 -9 11 12 21 23 -14 14 16 17 60 18 19 47 40 -23 -24 55 -26 -27 -28 -29 -30 30 32 -33 -34 -35 -36 -37 37 -39 39 -41 41 42 48 44 -46 -47 -48 -49 -50 -51 -52 -53 61 54 -56 56 -58 -59 59 -61 -62 -63 -64
leaf_value=-0.042035236603581771 -0.0031937075832793762 0.017269529180539363 -0.0087788674411639223 -0.033636772292152187 -0.03954020115379691 0.01105347526735021 0.039161410756391068 -0.017908337860628693 -0.011351175000916543 -0.047790305673830719 -0.027394061529103498 -0.035140511121794352 -0.053784411498044894 0.061898399258022277 0.0501414141705189 -0.034312644639110414 -0.028648743085090134 0.0025118486221113179 0.021842622698860101 0.00093371113668180904 0.0021190685871525831 -0.045336704554765857 -0.011159399074560563 -0.0018540941768853359 0.025316601633093128 0.054564197957069904 -0.0016933149782002205 -0.055527800611313821 0.022944973472953767 -0.041983803350570961 -0.023583436985233047 -0.0037042326515394162 0.016331784727811247 0.024616810797795929 0.0020772320320960047 -0.0064852665352028343 0.011937478336048883 0.0012951165576170912 0.049135736337330677 0.018108588829416902 0.01005426227719911 0.0087431564905454309 -0.029114719607901587 -0.014624158553764194 0.0093084023835729671 0.0086454109586794423 0.0087656141302881879 0.026114901444508405 0.0074115100550690323 -0.0018207843291857722 0.0017627190163228756 -0.00363320133309323 -0.01033962396923056 -0.051270952620311887 0.020987397522892966 -0.0075239355570309767 0.0026013044089688471 0.021609375862805424 0.010286882831618695 -0.030956795235127555 -0.0011708675538790755 -0.036678976302399413 -0.0072159679551966035
leaf_weight=2731.2937008142471 346.55503755807877 1294.4883104562759 5364.817174077034 3847.1200530230999 2894.4940286874771 3286.9024663567543 274.88832259178162 11902.479454755783 17247.619241625071 305.30630618333817 464.40633234381676 392.72048470377922 263.76278898119926 218.21113967895508 379.61810564994812 347.15252995491028 367.81819260120392 38679.056970179081 788.34721255302429 4442.9845481514931 14041.267268955708 408.68955153226852 227.75745433568954 11578.172065407038 580.66294646263123 580.12577927112579 41586.731444388628 200.06726884841919 360.85225906968117 805.16266238689423 382.75728771090508 1699.2834412157536 1241.9456657171249 86.865412414073944 1755.6710283756256 468.94838586449623 1382.6151167154312 986.56509786844254 850.33929991722107 535.47094058990479 24054.373393118382 9696.4004632234573 386.22447752952576 1628.2818670272827 63121.014436125755 2027.1294052600861 2879.2788246870041 483.14186358451843 3365.0974982380867 7466.4493560791016 7005.259859919548 2356.4458258748055 607.83608946204185 66.193503648042679 514.62554353475571 5178.98312073946 9340.6489354372025 1781.5367388725281 201.26085504889488 2401.733955591917 2594.2209637761116 970.45022866129875 34146.212209671736
leaf_count=7776 87 455 5356 9213 6595 2311 165 20551 21900 555 821 485 689 26 65 288 158 21108 405 2710 4880 343 133 10927 134 250 31162 85 301 1280 610 2098 1122 85 1610 744 212 161 105 48 7773 2903 155 330 10199 332 508 259 1174 2842 4848 2610 986 115 610 3926 6900 227 348 6083 750 1659 36812
internal_value=-0.000155614 -0.00931204 0.00484953 -0.00711304 -0.0138457 -0.0099628 -0.0170173 -0.0232316 -0.00531222 -0.00134658 -0.00816562 -0.00632555 -0.00927048 0.00778651 0.00790612 0.000484587 0.00782099 0.0010521 0.00119657 0.00967533 0.00809623 -0.0139071 0.0288475 -0.0048944 0.000512671 0.035717 0.000333202 -0.0219534 -0.00688352 -0.00926463 -0.00634529 -0.0146635 0.00688281 -0.0351028 0.00706442 -0.030616 0.00970266 0.0184468 0.0245588 0.0371492 0.00603625 0.00726072 0.00404769 0.00924679 0.0087038 -0.00173636 0.0164401 0.003397 -1.87805e-05 -0.00320295 0.00419932 -0.0113548 -0.0182068 -0.00535224 0.0125293 -0.00469138 -0.00101367 0.0265006 -0.0351525 -0.0276613 -0.00468452 -0.0268342 -0.00586024
internal_weight=357873 126483 231389 109247 23062.6 18746.5 10313.7 17236.8 86184.1 8432.84 7419.21 77884.4 5145.94 138309 137762 93080.8 137544 87716 87368.8 6522.36 134582 5388.65 1596.23 60636.7 80846.5 1368.47 80265.8 546.622 4882.17 4521.32 4216.01 2591.31 1624.7 892.028 2030.56 4316.07 75571.8 3754.99 2768.43 1385.81 59009.8 44968.5 20914.2 71816.9 66776.4 3655.41 5040.43 4926.13 11217.8 7852.67 8299.75 4979.96 2623.51 1045.23 580.819 60244 14519.6 2161.15 5334.29 2602.99 2962.04 1578.29 45724.4
internal_count=250358 155533 94825 120775 34522 24565 15514 34758 86253 9051 8919 80950 6740 33020 32848 61805 32822 56449 56161 3757 31914 7144 788 59050 52404 655 52270 172 6051 5750 5195 3463 1732 1365 1775 9957 12187 526 365 153 19727 14847 7074 11661 10861 662 800 2969 4171 2997 5303 6801 4191 1546 725 58565 10826 292 14207 6431 908 2645 47739
cat_boundaries=0 6 13 20 27 34 41 47 54 55 62 63 69 76 77 83 87 93 100 107 111 115 121 128 135 142 148 154 158 165 172
cat_threshold=2282881346 8404993 1753491456 1207963909 336723968 167772322 1074463752 18882304 1638402 18434 3221225792 1704768 48 805339136 2953486336 49232 68681864 34149908 5136 10 84148881 6292490 16777896 321299456 41088 268443648 4 1107887112 6720 2218426370 2695184 2164801792 1074790912 16 83888129 2100800 42 2416323584 8396992 545268228 33 540716 1091567872 2162689 2684354624 2168455178 1141573952 75538960 38338834 69952 541197312 134220016 541069376 8 6 293601412 306724888 5192 605028864 70192 570442880 128 134217730 0 1073741856 4325936 168558624 8912896 1140916224 1074331656 4608 589824 16386 1073741824 0 16 134479874 102760498 1209147460 2097424 2149654752 29360132 67113012 1107296256 0 4194304 64 16 128 285213184 16826416 32768 2147483648 8192 134217736 335679616 0 0 0 4 132096 2097408 1048576 0 256 512 32 1073807368 4096 65536 16384 1073741824 512 0 16386 0 1024 0 0 0 64 33621000 512 1572866 0 2147483904 0 16 14336 167772304 370151686 32 8390656 2696953868 160 2048 33554432 1052676 32 0 545275904 128 807665664 19267720 16777264 50642976 1084260360 2158307332 131138 0 537143296 1073741829 131072 130 524288 18876416 0 16384 6144 33554448 1052676 32 2048 545275912 128 539234304 690390156 4210728 1097760 8200 2158102532 1
is_linear=0
shrinkage=0.05


end of trees

feature_importances:
item_id=849
wday=179
days_since_last_sale=162
week_of_year=160
price_rel_52wk=122
roll_mean_28=119
roll_mean_56=98
days_since_release=83
roll_mean_7=68
month=68
sell_price=67
event_name_1=51
price_momentum_4wk=43
zero_rate_28=37
lag_28=34
day_of_month=33
roll_std_56=32
days_since_last_event=29
roll_std_7=26
days_to_next_event=25
roll_std_28=16
fema_dr_active=5
lag_42=4
lag_56=4
fema_days_since_declaration=4
lag_49=3
fema_counties_active=3
lag_35=2
price_changed_flag=2
is_event=1
price_change_pct=1
fema_active_count=1

parameters:
[boosting: gbdt]
[objective: tweedie]
[metric: rmse]
[tree_learner: serial]
[device_type: cpu]
[data_sample_strategy: bagging]
[data: ]
[valid: ]
[num_iterations: 37]
[learning_rate: 0.05]
[num_leaves: 64]
[num_threads: 12]
[seed: 42]
[deterministic: 1]
[force_col_wise: 0]
[force_row_wise: 1]
[histogram_pool_size: -1]
[max_depth: -1]
[min_data_in_leaf: 50]
[min_sum_hessian_in_leaf: 0.001]
[bagging_fraction: 0.8]
[pos_bagging_fraction: 1]
[neg_bagging_fraction: 1]
[bagging_freq: 1]
[bagging_seed: 400]
[bagging_by_query: 0]
[feature_fraction: 0.8]
[feature_fraction_bynode: 1]
[feature_fraction_seed: 30056]
[extra_trees: 0]
[extra_seed: 12879]
[early_stopping_round: 0]
[early_stopping_min_delta: 0]
[first_metric_only: 0]
[max_delta_step: 0]
[lambda_l1: 0]
[lambda_l2: 0.1]
[linear_lambda: 0]
[min_gain_to_split: 0]
[drop_rate: 0.1]
[max_drop: 50]
[skip_drop: 0.5]
[xgboost_dart_mode: 0]
[uniform_drop: 0]
[drop_seed: 17869]
[top_rate: 0.2]
[other_rate: 0.1]
[min_data_per_group: 100]
[max_cat_threshold: 32]
[cat_l2: 10]
[cat_smooth: 10]
[max_cat_to_onehot: 4]
[top_k: 20]
[monotone_constraints: ]
[monotone_constraints_method: basic]
[monotone_penalty: 0]
[feature_contri: ]
[forcedsplits_filename: ]
[refit_decay_rate: 0.9]
[cegb_tradeoff: 1]
[cegb_penalty_split: 0]
[cegb_penalty_feature_lazy: ]
[cegb_penalty_feature_coupled: ]
[path_smooth: 0]
[interaction_constraints: ]
[verbosity: -1]
[saved_feature_importance_type: 0]
[use_quantized_grad: 0]
[num_grad_quant_bins: 4]
[quant_train_renew_leaf: 0]
[stochastic_rounding: 1]
[linear_tree: 0]
[max_bin: 127]
[max_bin_by_feature: ]
[min_data_in_bin: 3]
[bin_construct_sample_cnt: 200000]
[data_random_seed: 175]
[is_enable_sparse: 1]
[enable_bundle: 1]
[use_missing: 1]
[zero_as_missing: 0]
[feature_pre_filter: 1]
[pre_partition: 0]
[two_round: 0]
[header: 0]
[label_column: ]
[weight_column: ]
[group_column: ]
[ignore_column: ]
[categorical_feature: 14,15,16,17,18,25,26,27,28]
[forcedbins_filename: ]
[precise_float_parser: 0]
[parser_config_file: ]
[objective_seed: 16083]
[num_class: 1]
[is_unbalance: 0]
[scale_pos_weight: 1]
[sigmoid: 1]
[boost_from_average: 1]
[reg_sqrt: 0]
[alpha: 0.9]
[fair_c: 1]
[poisson_max_delta_step: 0.7]
[tweedie_variance_power: 1.1]
[lambdarank_truncation_level: 30]
[lambdarank_norm: 1]
[label_gain: ]
[lambdarank_position_bias_regularization: 0]
[eval_at: ]
[multi_error_top_k: 1]
[auc_mu_weights: ]
[num_machines: 1]
[local_listen_port: 12400]
[time_out: 120]
[machine_list_filename: ]
[machines: ]
[gpu_platform_id: -1]
[gpu_device_id: -1]
[gpu_use_dp: 0]
[num_gpu: 1]

end of parameters

pandas_categorical:[["FOODS_1_001", "FOODS_1_002", "FOODS_1_003", "FOODS_1_004", "FOODS_1_005", "FOODS_1_006", "FOODS_1_008", "FOODS_1_009", "FOODS_1_010", "FOODS_1_011", "FOODS_1_012", "FOODS_1_013", "FOODS_1_014", "FOODS_1_015", "FOODS_1_016", "FOODS_1_017", "FOODS_1_018", "FOODS_1_019", "FOODS_1_020", "FOODS_1_021", "FOODS_1_022", "FOODS_1_023", "FOODS_1_024", "FOODS_1_025", "FOODS_1_026", "FOODS_1_027", "FOODS_1_028", "FOODS_1_029", "FOODS_1_030", "FOODS_1_031", "FOODS_1_032", "FOODS_1_033", "FOODS_1_034", "FOODS_1_035", "FOODS_1_036", "FOODS_1_037", "FOODS_1_038", "FOODS_1_039", "FOODS_1_040", "FOODS_1_041", "FOODS_1_042", "FOODS_1_043", "FOODS_1_044", "FOODS_1_045", "FOODS_1_046", "FOODS_1_047", "FOODS_1_048", "FOODS_1_049", "FOODS_1_050", "FOODS_1_051", "FOODS_1_052", "FOODS_1_053", "FOODS_1_054", "FOODS_1_055", "FOODS_1_056", "FOODS_1_057", "FOODS_1_058", "FOODS_1_059", "FOODS_1_060", "FOODS_1_061", "FOODS_1_062", "FOODS_1_063", "FOODS_1_064", "FOODS_1_065", "FOODS_1_066", "FOODS_1_067", "FOODS_1_068", "FOODS_1_069", "FOODS_1_070", "FOODS_1_071", "FOODS_1_072", "FOODS_1_073", "FOODS_1_074", "FOODS_1_075", "FOODS_1_076", "FOODS_1_077", "FOODS_1_078", "FOODS_1_079", "FOODS_1_080", "FOODS_1_081", "FOODS_1_082", "FOODS_1_083", "FOODS_1_084", "FOODS_1_085", "FOODS_1_086", "FOODS_1_087", "FOODS_1_088", "FOODS_1_089", "FOODS_1_090", "FOODS_1_091", "FOODS_1_092", "FOODS_1_093", "FOODS_1_094", "FOODS_1_095", "FOODS_1_096", "FOODS_1_097", "FOODS_1_098", "FOODS_1_099", "FOODS_1_101", "FOODS_1_102", "FOODS_1_103", "FOODS_1_104", "FOODS_1_105", "FOODS_1_106", "FOODS_1_107", "FOODS_1_108", "FOODS_1_109", "FOODS_1_110", "FOODS_1_111", "FOODS_1_112", "FOODS_1_113", "FOODS_1_114", "FOODS_1_115", "FOODS_1_116", "FOODS_1_117", "FOODS_1_118", "FOODS_1_119", "FOODS_1_120", "FOODS_1_121", "FOODS_1_122", "FOODS_1_123", "FOODS_1_124", "FOODS_1_125", "FOODS_1_126", "FOODS_1_127", "FOODS_1_128", "FOODS_1_129", "FOODS_1_130", "FOODS_1_131", "FOODS_1_132", "FOODS_1_133", "FOODS_1_134", "FOODS_1_135", "FOODS_1_136", "FOODS_1_137", "FOODS_1_138", "FOODS_1_139", "FOODS_1_140", "FOODS_1_141", "FOODS_1_142", "FOODS_1_143", "FOODS_1_144", "FOODS_1_145", "FOODS_1_146", "FOODS_1_147", "FOODS_1_148", "FOODS_1_149", "FOODS_1_150", "FOODS_1_151", "FOODS_1_152", "FOODS_1_153", "FOODS_1_154", "FOODS_1_155", "FOODS_1_156", "FOODS_1_157", "FOODS_1_158", "FOODS_1_159", "FOODS_1_160", "FOODS_1_161", "FOODS_1_162", "FOODS_1_163", "FOODS_1_164", "FOODS_1_166", "FOODS_1_167", "FOODS_1_168", "FOODS_1_169", "FOODS_1_170", "FOODS_1_171", "FOODS_1_172", "FOODS_1_173", "FOODS_1_174", "FOODS_1_175", "FOODS_1_176", "FOODS_1_177", "FOODS_1_178", "FOODS_1_179", "FOODS_1_180", "FOODS_1_181", "FOODS_1_182", "FOODS_1_183", "FOODS_1_184", "FOODS_1_185", "FOODS_1_186", "FOODS_1_187", "FOODS_1_188", "FOODS_1_189", "FOODS_1_190", "FOODS_1_191", "FOODS_1_192", "FOODS_1_193", "FOODS_1_194", "FOODS_1_195", "FOODS_1_196", "FOODS_1_197", "FOODS_1_198", "FOODS_1_199", "FOODS_1_200", "FOODS_1_201", "FOODS_1_202", "FOODS_1_203"], ["FOODS_1"], ["FOODS"], ["CA_1"], ["CA"], ["Chanukah End", "Christmas", "Cinco De Mayo", "ColumbusDay", "Easter", "Eid al-Fitr", "EidAlAdha", "Father's day", "Halloween", "IndependenceDay", "LaborDay", "LentStart", "LentWeek2", "MartinLutherKingDay", "MemorialDay", "Mother's day", "NBAFinalsEnd", "NBAFinalsStart", "NewYear", "OrthodoxChristmas", "OrthodoxEaster", "Pesach End", "PresidentsDay", "Purim End", "Ramadan starts", "StPatricksDay", "SuperBowl", "Thanksgiving", "ValentinesDay", "VeteransDay", "__none__"], ["Cultural", "National", "Religious", "Sporting", "__none__"], ["Cinco De Mayo", "Easter", "Father's day", "OrthodoxEaster", "__none__"], ["Cultural", "Religious", "__none__"]]
