tree
version=v4
num_class=1
num_tree_per_iteration=1
label_index=0
max_feature_idx=35
objective=tweedie
feature_names=lag_28 lag_35 lag_42 lag_49 lag_56 roll_mean_7 roll_mean_28 roll_mean_56 roll_std_7 roll_std_28 roll_std_56 zero_rate_28 days_since_last_sale days_since_release item_id dept_id cat_id store_id state_id wday day_of_month week_of_year month snap is_event event_name_1 event_type_1 event_name_2 event_type_2 days_to_next_event days_since_last_event sell_price price_change_pct price_rel_52wk price_momentum_4wk price_changed_flag
feature_infos=[0:72] [0:72] [0:72] [0:72] [0:72] [0:39.714286804199219] [0:21.75] [0:21.214284896850586] [0:25.753410339355469] [0:16.426000595092773] [0:15.881501197814941] [0:1] [0:365] [84:730] -1:33:61:147:83:44:193:176:62:170:13:42:59:0:151:65:86:34:84:149:18:73:35:188:2:113:197:126:163:181:194:158:17:14:93:174:132:9:47:63:109:133:5:192:38:78:169:190:4:72:135:130:92:94:103:138:137:162:179:1:16:36:43:45:53:100:98:88:28:143:199:22:51:127:67:105:11:81:150:64:116:168:183:140:82:141:74:172:39:30:120:124:111:134:139:191:89:52:99:173:118:121:27:71:60:24:101:114:164:32:125:70:91:29:85:10:187:79:21:166:48:195:6:46:180:155:104:107:56:102:77:41:171:153:117:177:15:123:75:110:7:182:3:145:185:144:37:161:8:165:31:159:178:90:106:25:129:23:69:55:198:68:148:186:76:146:136:19:96:80:97:115:26:12:50:49:152:154:95:189:167:40:156:20:142:57:131:112:66:54:87:122:160:184:58 none none none none [1:7] [1:31] [1:53] [1:12] [0:1] [0:1] -1:30:0:4:25:28:23:26:12:22:11:3:19:29:8:13:1:16:27:10:5:14:6:18:9:17:21:24:15:2:7 -1:4:1:2:0 -1:4:3:2:0 -1:2:0 [0:50] [0:50] [0.97000002861022949:12.979999542236328] [-71.367523193359375:249.25370788574219] [0.29030916094779968:1.3685835599899292] [-71.367523193359375:249.25370788574219] [0:1]
tree_sizes=7513 7660 7751 6952 7797 7769 6977 7778 7913 7940 7814 7978 7912 7921 7909 7930 7049 8023 8141 8014 7049 8103 8012 7064 8101 8084 8161 8084 8151 8033 8070 8178

Tree=0
num_leaves=64
num_cat=21
split_feature=6 6 14 14 6 14 19 14 14 6 14 14 6 31 6 14 14 0 19 14 22 19 6 8 21 21 30 12 13 14 14 19 14 14 34 19 12 14 14 6 14 14 21 13 6 14 34 5 21 21 12 21 19 6 19 19 19 14 19 19 14 19 34
split_gain=333157 45810.2 34914.4 9122.26 6585.49 5993.85 3629.26 3349.04 3306.7 2146.28 1962.19 1949.14 1681.37 1990.29 1266.15 1163.75 1147.48 1035.28 996.138 921.558 872.298 827.914 759.995 733.1 683.568 985.438 928.794 644.662 711.143 572.77 560.857 544.104 533.187 526.568 501.732 487.175 483.21 435.978 435.091 424.001 423.142 412.736 381.563 374.115 368.183 357.261 332.396 327.315 326.89 317.319 312.118 303.407 297.46 293.889 292.354 278.637 272.801 269.833 269.559 267.43 267.144 254.859 247.791
threshold=3.5892857313156132 1.303571403026581 0 1 0.62500000000000011 2 2.5000000000000004 3 4 9.2321429252624529 5 6 6.0178570747375497 0.99000000953674328 9.9821429252624529 7 8 6.5000000000000009 2.5000000000000004 9 11.500000000000002 6.5000000000000009 2.6607142686843877 1.0000000180025095e-35 50.500000000000007 32.500000000000007 4.5000000000000009 63.500000000000007 319.50000000000006 10 11 1.5000000000000002 12 13 -2.0273983478546138 6.5000000000000009 22.500000000000004 14 15 2.4107142686843877 16 17 34.500000000000007 314.50000000000006 6.4821429252624521 18 -15.569326400756834 3.5000000000000004 33.500000000000007 49.500000000000007 8.5000000000000018 48.500000000000007 2.5000000000000004 2.0892857313156132 2.5000000000000004 6.5000000000000009 6.5000000000000009 19 1.5000000000000002 2.5000000000000004 20 2.5000000000000004 7.8796327114105233
decision_type=2 2 9 9 2 9 2 9 9 2 9 9 2 2 2 9 9 2 2 9 2 2 2 2 2 2 2 2 2 9 9 2 9 9 2 2 2 9 9 2 9 9 2 2 2 9 2 2 2 2 2 2 2 2 2 2 2 9 2 2 9 2 2
left_child=1 4 6 10 8 17 14 18 27 24 34 40 15 -14 44 -7 -10 42 53 -13 52 48 50 37 25 35 -26 28 -1 -22 -29 -19 -25 -9 -3 47 45 62 -15 -20 -6 -21 43 -4 -2 -30 -39 -8 -11 61 -12 -50 -17 -5 -36 -54 -33 -27 -35 -43 -49 -24 -18
right_child=2 3 5 7 11 12 9 33 16 21 22 19 13 38 -16 20 23 31 39 41 29 -23 49 32 26 57 -28 30 36 -31 -32 56 -34 58 54 -37 -38 46 -40 -41 -42 59 -44 -45 -46 -47 -48 60 51 -51 -52 -53 55 -55 -56 -57 -58 -59 -60 -61 -62 -63 -64
leaf_value=0.49011730797838132 0.61058897216552088 0.62964734506978148 0.60650008877581763 0.47416759942250591 0.49735644163709192 0.4711355370062083 0.53846164371949667 0.43344702047431177 0.4081905100493351 0.6258003201213268 0.47831312686663635 0.44359778690929103 0.62236589509839968 0.54656794676198439 0.67417259906316351 0.52462964676371016 0.42478336634316211 0.61765648696281794 0.45905373766185698 0.4218438348296753 0.63683793450469972 0.65541996931467761 0.50824391157920923 0.44126796448046779 0.55773320175248187 0.52410146792241918 0.68596395143133193 0.51630848082474479 0.43932714808118362 0.53005235211853519 0.45787542183451652 0.56741932321634969 0.42176485257023016 0.46086789523878174 0.53914452573342353 0.63360444718822351 0.41778075200252818 0.45967213201379742 0.48845126013132673 0.47361065705174038 0.45871251923074285 0.43746628135020643 0.53398269858792013 0.5557314113911499 0.64352607710827825 0.48589009512698439 0.41147790921266902 0.56975616555714126 0.59566848757108781 0.54007884364446723 0.41733132271470624 0.65608620824187724 0.49853458172560589 0.49169156761241045 0.51163914436757041 0.52498664866159672 0.60050637528662232 0.56955493472016416 0.44816127561000818 0.43030942361255647 0.60930140232866425 0.4891988961281114 0.47769643409405593
leaf_weight=650.55910003185272 1259.6916747093201 106.34449672698975 412.13308751583099 4750.410945892334 845.85208714008331 1914.4062863588333 269.07895612716675 5578.5164345502853 36840.380722045898 4857.5616252422333 10257.23587334156 17483.223090171814 730.09853994846344 725.96604537963867 3553.8619916439056 2502.9113839864731 5693.6933969259262 967.31686568260193 15416.591634511948 11029.089798331261 218.38414347171783 1959.5625916719437 2510.6110980510712 3932.2680619955063 219.63638949394226 546.255286693573 396.69081389904022 568.96927034854889 1652.876923084259 412.42472958564758 1427.2657777070999 2648.6973634958267 36574.830497145653 4902.9133794307709 1376.4604028463364 865.50737774372101 2235.5018765926361 361.5164680480957 644.10131394863129 7404.9543884992599 4140.3676327466965 18359.780208826065 1922.3898054361343 3061.0742417573929 2625.8236930370331 537.89677083492279 34393.113546013832 1045.4380087852478 1902.2491022348404 407.89831936359406 214.12028872966766 233.91867196559906 4731.6453921794891 4821.0032811164856 3245.8158900737762 1261.2472977638245 816.67889750003815 1919.0016388893127 28064.997188925743 45169.600356221199 1890.1866995096207 5853.1380703449249 230.13598418235779
leaf_count=402 577 46 191 3036 514 1231 149 3867 26771 2127 6499 11883 323 393 1328 1432 4012 434 10162 7815 90 781 1491 2685 116 312 142 331 1133 232 943 1365 25919 3220 761 370 1596 238 399 4738 2731 12628 1076 1625 1088 335 24842 534 909 225 153 93 2871 2969 1913 721 385 982 18905 31497 867 3624 146
internal_value=0.455874 0.43754 0.580835 0.466616 0.425116 0.536854 0.623636 0.457603 0.417534 0.610362 0.493275 0.434892 0.514639 0.555691 0.652594 0.506883 0.415546 0.566465 0.469451 0.433244 0.5143 0.626678 0.486145 0.418889 0.589934 0.585182 0.640291 0.450781 0.441309 0.571092 0.474846 0.584485 0.423646 0.447644 0.522164 0.600296 0.434134 0.414143 0.520152 0.463777 0.465339 0.430818 0.551865 0.56176 0.632852 0.450823 0.411992 0.591294 0.618623 0.497017 0.477066 0.602294 0.510151 0.482994 0.519832 0.504103 0.575221 0.560225 0.450053 0.432381 0.596134 0.494916 0.426888
internal_weight=363552 317038 46513.9 94911 222127 22969.5 23544.5 70939.4 125099 16105.1 23971.6 97027.9 13141.2 2100.17 7439.38 11041 118026 9828.29 32393 92041.7 9126.61 8953.29 19243 81185.6 7151.8 6535.47 616.327 7073.07 5076.83 630.809 1996.24 4432.69 40507.1 38546.4 4728.62 4070.21 4426.28 40678.5 1370.07 22821.5 4986.22 74558.5 5395.6 3473.21 3885.52 2190.77 34754.6 3204.7 6993.73 8771.65 10471.4 2136.17 8495.8 9571.41 4622.28 5992.89 3465.38 2465.26 32967.9 63529.4 2935.62 8363.75 5923.83
internal_count=241173 218030 23143 61609 156421 12768 10375 46897 89353 7382 14712 67068 7692 1115 2993 6577 84613 5076 20905 63823 5346 3910 11992 57842 3472 3214 258 4740 3466 322 1274 2184 28604 25992 2720 1920 3064 29238 792 14900 3245 51940 2892 1816 1665 1468 25080 1550 3129 5340 6652 1002 5024 6005 2674 3592 1750 1294 22125 44125 1401 5115 4158
cat_boundaries=0 6 12 18 25 32 37 44 51 57 64 70 76 83 90 97 103 109 116 123 125 131
cat_threshold=1074331656 4608 524288 2 1073741824 1 36381704 18881280 3735554 26624 3229614400 1704704 131072 0 1114112 18432 2147483648 64 1073741840 1209009220 2218787072 2418606176 20987906 1140854852 96 1078476800 1093672000 2 8208 3229876290 1144914437 32 197640 16782080 1048576 18432 3221225472 34209792 152045632 2148663554 271081504 3250601984 1158808064 64 67117072 1036 71303680 2418016304 4 1141051392 64 2282881344 8552449 1745102864 202899913 336723968 134217730 1610893344 394380 4227216 144 262220 2156462404 35 0 2097152 0 0 0 512 0 2099200 2 8192 8388608 512 570687520 671088780 107168040 33915424 561152 2415919168 1 268468865 2147483696 50352136 688031236 7840 33832976 128 75501620 134217764 68355841 2952806432 136314920 8456456 1 0 1024 0 0 8388672 1049088 34209792 16777216 1048576 16384 1090519040 131584 150995008 46153745 1753288768 1074921729 135462960 167776256 12 4210688 1073741824 0 8208 8388610 1143734273 32 524288 512 524288 4096 0 0 0 1
is_linear=0
shrinkage=1


Tree=1
num_leaves=64
num_cat=22
split_feature=7 6 14 6 14 14 14 14 19 14 14 14 6 6 14 19 8 6 14 6 14 19 14 7 21 21 14 34 12 19 14 14 21 14 21 12 14 19 5 21 12 6 14 7 19 14 12 31 31 8 30 13 14 14 31 22 19 6 14 12 7 11 19
split_gain=288702 53930.6 14190.9 10551 7786.68 2825.99 2769.99 2690.46 2544.05 2134.93 1473.4 1347.21 1292.69 1271.38 1269.1 906.934 851.616 836.54 722.718 716.145 681.433 629.469 590.263 542.957 523.708 732.502 511.732 508.963 555.776 503.505 503.127 499.341 483.87 637.707 467.942 461.651 434.728 428.99 428.444 470.457 411.569 378.227 367.852 335.922 298.017 278.608 275.776 272.481 265.565 262.461 260.4 250.66 240.973 240.702 240.681 240.272 251.03 237.377 237.078 232.379 231.743 231.573 229.982
threshold=4.3303573131561288 1.6250000000000002 0 0.66071426868438732 1 2 3 4 2.5000000000000004 5 6 7 6.2321429252624521 9.9821429252624529 8 2.5000000000000004 1.0000000180025095e-35 9.9821429252624529 9 2.7321428060531621 10 2.5000000000000004 11 6.7053573131561288 50.500000000000007 35.500000000000007 12 -2.0273983478546138 63.500000000000007 6.5000000000000009 13 14 32.500000000000007 15 49.500000000000007 222.50000000000003 16 6.5000000000000009 4.5000000000000009 50.500000000000007 83.500000000000014 2.4107142686843877 17 6.7053573131561288 6.5000000000000009 18 16.500000000000004 1.8050000071525576 0.99000000953674328 1.3180899024009707 4.5000000000000009 729.50000000000011 19 20 1.8050000071525576 11.500000000000002 2.5000000000000004 0.19642857462167743 21 2.5000000000000004 1.116071403026581 0.23214285820722583 2.5000000000000004
decision_type=2 2 9 2 9 9 9 9 2 9 9 9 2 2 9 2 2 2 9 2 9 2 9 2 2 2 9 2 2 2 9 9 2 9 2 2 9 2 2 2 2 2 9 2 2 9 2 2 2 2 2 2 9 9 2 2 2 2 9 2 2 2 2
left_child=1 3 8 5 11 27 -4 22 17 15 -9 19 32 23 57 -6 26 43 62 -3 -13 48 60 49 25 44 40 -1 36 52 35 -18 33 -8 37 -30 -29 -23 54 -40 -16 -17 -11 51 -25 -20 53 -35 -14 -10 -26 -2 -15 -38 -22 56 -21 -7 -42 -56 -5 -57 -12
right_child=2 4 6 7 9 14 12 10 13 42 18 20 21 29 16 41 31 -19 45 55 38 34 -24 24 50 -27 -28 28 30 -31 -32 -33 -34 47 -36 -37 46 -39 39 -41 58 -43 -44 -45 -46 -47 -48 -49 -50 -51 -52 -53 -54 -55 59 61 -58 -59 -60 -61 -62 -63 -64
leaf_value=0.10334841491983988 0.15684307347044135 0.021254649409554068 0.041197910440650493 0.069363497790192491 0.030297548482726391 -0.050142520758734321 0.033967694674696534 -0.0082746021440687958 0.027385355603789675 -0.018007482939938483 -0.0086198052300680127 0.13057837195857755 0.16282998908206361 0.12334748760704362 -0.035504575795344953 0.0060081520279410706 -0.012662988846962328 0.18813270334788251 -0.033591258123399553 0.054662761483888413 0.060597116182373137 0.090862890444852559 0.0043141990960676368 0.13359202951992277 0.13312415654890705 0.1037846946623236 -0.043360861592280066 0.025201937900448917 -0.044766913519480034 0.17491517240066201 0.036081513563592016 -0.032271975259747343 0.064845224645438834 0.11473628412702917 0.18068871030885891 0.092057408346783026 0.028707533631851141 0.12893237668456872 0.068100500557681895 0.15736698189246384 0.019227545636656442 0.018825035952509089 -0.00025544710560792731 0.16462424652794744 0.1661901425720943 -0.02371624058753502 -0.032364646217416533 0.082583914837945416 0.1235767016197284 0.10833611683120824 0.21666638847889416 0.10923422983304309 0.15211534172054428 -0.015584356676145673 0.045471648649679113 0.050249298966669867 0.035464620343263059 -0.042158117861124451 -0.019779693173258686 0.0024087943431529281 0.026811956924065655 0.11677936694944545 -0.018372852848739553
leaf_weight=105.49921548366547 538.68740403652191 6264.6806401014328 2741.6422119140625 431.03708803653717 9664.4685027599335 21390.143500685692 429.9968376159668 26380.191931605339 104.55697977542877 3582.6688177585602 8523.3837634325027 314.29288291931152 635.30902183055878 1649.2378089427948 5036.2379351854324 12199.600752472878 3589.9233505725861 3961.7299696207047 8679.8797669410706 2440.6909726858139 2957.7732366323471 3422.5882147550583 6511.0846213102341 3206.7961691617966 145.16368758678436 1993.2266350984573 33235.095559835434 568.51592373847961 418.52864420413971 1839.4173941612244 1138.1048229932785 38962.858077049255 2712.4339772462845 1735.4960389137268 183.19544506072998 72.200268149375916 371.21989142894745 945.1316169500351 2184.4149582386017 158.27358198165894 559.40482556819916 10898.249361276627 15555.88691163063 2983.5363773107529 900.26044738292694 44663.887211441994 2412.182333111763 1064.7883801460266 1350.2080147266388 2407.8161091804504 264.48162543773651 571.0297919511795 4879.891525387764 1571.539636015892 4041.7917913198471 349.58356106281281 5636.0382770299911 16491.926519155502 1230.0750939846039 339.61267518997192 1242.0908892154694 209.1771457195282 20784.469102859497
leaf_count=54 213 3898 1596 239 5859 16295 250 17931 61 2491 5819 139 250 712 3678 7961 2481 1347 6325 1365 1619 1685 4265 1370 64 945 24926 355 302 663 682 28345 1461 808 70 39 228 414 1172 64 360 6818 10365 1127 339 31685 1748 541 604 1119 81 257 1944 1089 2326 196 3350 12359 871 217 758 100 14545
internal_value=6.0219e-05 -0.0158324 0.125572 -0.0273184 0.0207164 -0.0372937 0.0871653 -0.0164975 0.148453 0.00968195 -0.0185719 0.0436982 0.0972227 0.13775 -0.0390445 0.0174315 -0.0355498 0.171745 -0.0218571 0.034102 0.0579534 0.112646 0.0111473 0.124725 0.132348 0.128668 -0.0407862 -0.00553923 -0.00730244 0.15179 0.0180143 -0.0306283 0.0804202 0.093496 0.102392 -0.0241299 -0.0156782 0.0991035 0.0554622 0.0741379 -0.0281449 0.0120556 -0.00358631 0.15588 0.140741 -0.0253291 -0.0210249 0.102149 0.136144 0.104968 0.187102 0.132357 0.145273 -0.00705253 0.0495755 0.0434614 0.0412667 -0.0466543 -0.00758843 0.0421339 0.0375533 0.0751719 -0.0155312
internal_weight=361833 321167 40666.6 244369 76797.2 127153 15220.8 117216 25445.8 51900.9 109032 24896.3 12479.1 17390.8 120496 32762.3 82613.6 8054.98 82651.6 14900.2 9996.16 6536.43 8184.21 9022.3 6509.93 6100.28 40060.8 6657.79 6552.29 8368.55 1628.83 42552.8 5942.72 3230.28 4550.92 490.729 4923.46 4367.72 9681.87 2342.69 6825.72 23097.9 19138.6 4093.25 4107.06 53343.8 4354.94 2800.28 1985.52 2512.37 409.645 1109.72 6529.13 1942.76 7339.18 8635.49 8076.73 37882.1 1789.48 4381.4 1673.13 558.761 29307.9
internal_count=241240 223319 17921 175379 47940 93812 7679 81567 10242 33494 76305 14446 6083 7298 89315 20638 60661 2944 58374 8909 5537 3023 5262 3979 2799 2654 29835 4497 4443 3319 1023 30826 3060 1599 2169 341 3420 2099 5398 1236 4909 14779 12856 1597 1709 38010 3065 1349 854 1180 145 470 2656 1317 4162 5011 4715 28654 1231 2543 997 296 20364
cat_boundaries=0 6 12 19 25 32 39 46 52 58 64 69 75 82 86 93 99 105 111 117 123 129 132
cat_threshold=1074331656 4608 524288 2 1073741824 1 34276360 18881280 3735554 18432 3229614400 1573696 1078476800 1093670980 1048578 8208 3229876290 1144652293 32 33562624 18874632 2 16 8388928 1073741824 34210824 16783424 2152726786 2646048 3250601984 1158808064 64 1075847184 135267398 2218787072 2418614368 20987906 1140981764 96 541083680 1211368460 2261009 268435600 262216 2148073732 35 34078720 2048 2097154 0 8388928 1573184 2282881344 9093121 1753491472 135790985 335675392 134217730 266256 537043072 83886240 2198143048 557060 816065600 0 512 0 0 1073741824 34210816 16781312 1048576 16384 2147483648 1180160 75501620 134218784 67307265 2952806432 136314888 8456520 1 1073741824 0 0 16 570687520 738198664 90308904 302350432 557056 2416181312 1 0 0 0 16384 0 512 1074266112 17829888 0 0 3221487616 1179649 2957017601 144 318816264 687900164 268416 268500992 218103872 46678033 1753288768 1074921729 135462928 171966592 0 4608 0 0 1073741824 1 0 2099268 2 8192 64 516 67108864 1024 512
is_linear=0
shrinkage=0.05


Tree=2
num_leaves=64
num_cat=24
split_feature=6 6 7 14 6 14 14 14 14 14 19 14 14 14 19 19 14 14 5 14 19 12 12 14 19 33 21 21 7 33 19 14 12 14 14 14 21 21 34 6 33 12 21 21 14 6 14 21 19 14 6 14 19 14 13 21 13 6 21 14 10 13 14
split_gain=241681 37603.8 22806.9 7040.49 5528.95 3798.41 3634.27 2816.62 2744.32 1627.35 1598.23 1274.58 1171.55 1072.58 946.226 762.765 711.458 663.096 659.392 654.113 610.693 541.622 519.707 504.805 456.612 449.267 446.808 438.892 426.896 420.1 415.544 410.768 409.283 398.152 389.873 381.583 375.998 668.612 370.835 366.088 355.288 354.297 351.827 513.131 334.397 322.678 317.612 317.341 305.363 304.171 291.58 282.927 272.159 262.982 257.857 257.415 256.355 244.02 241.222 239.649 239.141 238.901 235.653
threshold=3.4464285373687749 1.2321428656578066 6.2589285373687753 0 0.5892857313156129 1 2 3 4 5 2.5000000000000004 6 7 8 1.5000000000000002 2.5000000000000004 9 10 2.5000000000000004 11 6.5000000000000009 7.5000000000000009 63.500000000000007 12 1.5000000000000002 0.89411887526512157 50.500000000000007 32.500000000000007 4.6339285373687753 0.94723427295684826 2.5000000000000004 13 95.500000000000014 14 15 16 35.500000000000007 49.500000000000007 -15.569326400756834 4.1607141494750985 0.99994486570358287 1.0000000180025095e-35 33.500000000000007 50.500000000000007 17 2.4107142686843877 18 50.500000000000007 1.5000000000000002 19 2.1607142686843877 20 2.5000000000000004 21 438.50000000000006 25.500000000000004 580.50000000000011 4.6964285373687753 32.500000000000007 22 3.2268657684326176 329.50000000000006 23
decision_type=2 2 2 9 2 9 9 9 9 9 2 9 9 9 2 2 9 9 2 9 2 2 2 9 2 2 2 2 2 2 2 9 2 9 9 9 2 2 2 2 2 2 2 2 9 2 9 2 2 9 2 9 2 9 2 2 2 2 2 9 2 2 9
left_child=1 4 5 11 8 24 10 15 22 25 27 40 -10 59 -8 50 -11 -16 52 29 42 46 35 -9 -2 -6 28 54 -26 -14 53 -27 -31 -24 -18 -1 44 -38 -23 -28 -3 -37 55 -44 -19 -17 -21 -29 -25 -34 -5 -30 -13 -15 -4 -12 -43 -32 -22 -7 -42 -39 -20
right_child=2 3 6 7 9 13 14 23 12 16 20 18 19 30 17 45 34 36 62 21 58 38 33 48 26 31 39 47 51 32 57 -33 49 -35 -36 41 37 61 -40 -41 60 56 43 -45 -46 -47 -48 -49 -50 -51 -52 -53 -54 -55 -56 -57 -58 -59 -60 -61 -62 -63 -64
leaf_value=0.028375877273969282 0.11224052871847089 0.10240454486979722 0.19514346789941484 0.01446075819490417 0.10998566607905283 -0.02565591317134186 0.13313985182037796 -0.023264328010568755 -0.047297436492808737 -0.012321032712728837 0.1232945620460007 0.029385991647995321 0.061002578259992869 0.037015438980909122 0.030180494648484987 0.0016781220613464182 -0.01931294579440208 0.12257454924271645 0.027826245464425921 -0.021044655581770152 0.16066880007843456 0.010154618706325103 0.052147518254387619 0.0040674839834558014 0.058300023456163808 0.038745239689965461 0.17428801395985472 0.13571282344448402 0.10698153095987195 -0.029579730291513846 0.037671505870791051 -0.0013289450193833471 0.032959290782508477 0.0010746727422083042 -0.027130410845811522 0.014240671225514458 0.077364539668739421 0.19451283836072614 -0.043218068826530447 0.091214791956027663 0.040911087040420097 -0.0022680189453315853 0.10194940806974347 0.15886085738490244 0.097758507012202026 0.014390223368676387 -0.035407097070239278 0.19940072616061905 -0.0088479399010919606 -0.016494237475143999 0.031394114295011759 0.076441505057956993 0.012274922484317753 0.069886533173214943 0.16342955920974125 0.14615101585621157 -0.034549975521723147 0.055803989180549032 0.12927108877547774 0.018391093553033058 0.070143238652201137 0.11712634167173988 0.043046405183295555
leaf_weight=475.52858412265778 1333.9177069664001 419.20772540569305 836.83625602722168 6105.2087193727493 104.24939668178558 361.05459415912628 2289.7720927000046 5435.7502077817917 32057.032228589058 14546.169252991676 4561.8616522550583 3298.1648918390274 139.27079117298126 872.8202668428421 381.23318111896515 17232.575691342354 24451.976948618889 2572.7332283258438 5903.687811255455 4647.5700787305832 1715.66683781147 328.94407832622528 586.68780946731567 5376.6853691339493 2129.7800891399384 751.49381637573242 215.94422483444214 1928.5568084716797 1268.1248387098312 10960.832934141159 6275.3946257829666 3989.7198619842529 440.79132843017578 1070.7197357416153 47483.622205376625 667.60483694076538 2891.732860326767 149.5469559431076 30331.093398809433 344.81449282169342 1674.7129461765289 840.85721349716187 2972.7275764942169 457.33874702453613 5185.1298829317093 7027.791268825531 26296.73563683033 218.18463826179504 30751.243410944939 991.69545674324036 4356.4141377210617 3212.191614985466 7867.0147877931595 2972.0114156007767 2790.5167692899704 1693.4494781494141 2289.4100184440613 2635.3880801200867 956.06684052944183 1875.0904408693314 1202.4590781927109 301.96486556529999 4783.2642179727554
leaf_count=290 556 191 239 3827 54 246 845 3928 25339 10109 1730 1958 82 484 214 11354 17471 984 3508 3368 556 221 319 3556 1076 430 75 664 538 8138 3548 2660 273 704 34853 431 1328 45 23648 152 918 573 1242 149 2233 4386 19889 63 21123 712 2560 1502 4900 1509 880 602 1711 1393 354 1152 612 122 2701
internal_value=-0.00013299 -0.0175893 0.0959356 0.00727952 -0.0299881 0.058553 0.123467 -0.000285761 -0.037427 -0.0208551 0.13834 0.0302161 -0.039274 0.0433091 0.103711 0.0102242 -0.0224334 0.0979314 0.0258156 -0.0357987 0.128265 -0.0379291 -0.00428194 -0.00906605 0.0852721 0.00734612 0.0803729 0.160137 0.0767353 -0.0253042 0.0489255 0.00510251 -0.0262949 0.0194766 -0.0244762 -0.0135068 0.10014 0.0862051 -0.0426454 0.123231 0.0592197 -0.0187767 0.122423 0.109542 0.106274 0.00536063 -0.0332683 0.142195 -0.0069239 -0.00116069 0.0215124 0.0854972 0.0173297 0.0627036 0.170751 0.129485 -0.0258787 0.0430348 0.149439 0.0111958 0.0531301 0.142795 0.0347051
internal_weight=360286 304886 55399.9 101434 203452 23496.5 31903.3 76285.7 112125 91327.2 18131.2 25148.5 106194 14991.8 13772.1 34722 86481.8 11482.3 21852.1 74136.9 12357.1 61604.3 5930.81 41563.7 8504.77 4845.46 7170.86 5774.09 6610.1 12532.6 12755.6 4741.21 12393.3 1657.41 71935.6 4273.4 11101.1 3343.24 30660 560.759 3296.38 3797.87 9685.38 3430.07 7757.86 24260.4 30944.3 2146.74 36127.9 1432.49 10461.6 4480.32 11165.2 3844.83 3627.35 6255.31 3130.27 8910.78 2671.73 2236.15 2877.17 451.512 10687
internal_count=241278 216797 24481 65522 151275 12231 12250 50734 85698 65577 6479 14788 81670 8332 5771 22127 62433 4926 13067 56331 4633 47126 4028 28607 3899 3144 3343 1846 3116 9205 6934 3090 9123 1023 52324 3005 4712 1495 23869 227 1721 2715 3723 1391 3217 15740 23257 727 24679 985 6387 2040 6858 1993 1119 2332 2284 4941 910 1398 1530 167 6209
cat_boundaries=0 6 12 17 24 31 37 42 48 54 61 67 73 80 86 92 98 104 107 113 116 121 128 134 140
cat_threshold=35857416 18881280 3670018 2147510272 3229614400 1708800 720904 2101760 1638400 2048 3221225472 64 1073807368 0 524288 2 1073741824 1074268160 1209009220 2218983680 271122528 20987906 1157627972 96 1078476800 1093670980 1048578 90112 3229614146 1142555141 33 1107954688 150997064 2148663554 270557200 3246407680 1158808064 196616 16782080 1048576 2048 3221225472 2282881344 8552448 1753524240 202899853 335675392 134217730 67119120 1036 71434752 2418016304 4194308 1140920320 541327392 3540100 4194480 65760 4456524 545325060 99 33554432 18874368 0 0 0 512 67113012 201327648 84084489 2684355120 2105344 10815744 276857473 2147483696 50336776 553780740 13952 33570832 128 34209792 16777216 1048576 16384 3238019072 131072 0 2099200 2 0 8388608 512 268455936 3758137344 83935233 51150856 2662400 2418814208 1074266112 17829888 0 0 3221225472 68288512 524288 512 65536 33817216 541073546 39862432 302285888 562692 2415920192 67108864 1024 512 196608 0 524288 2048 1073741824 2097152 320 2097154 8192 0 131076 64 8192 8 4325376 0 4 69632 2097152 2048 2097152 2147491840 8388608 1179904
is_linear=0
shrinkage=0.05


Tree=3
num_leaves=64
num_cat=0
split_feature=6 6 7 6 6 6 7 19 31 19 7 21 19 5 31 31 21 33 8 12 19 6 19 31 34 9 0 31 34 31 31 5 21 12 12 30 21 30 19 21 31 0 33 12 21 10 19 19 12 10 19 31 19 19 5 19 7 9 31 5 33 33 21
split_gain=207518 27810.6 27103.9 4462.6 3902.05 2547.78 1993.85 999.331 985.511 964.326 963.97 796.415 615.871 542.539 523.024 521.55 510.468 460.61 533.19 567.583 426.478 418.149 415.74 400.105 391.323 384.264 366.997 348.22 319.563 311.706 296.159 295.93 288.541 271.757 620.063 267.453 266.372 266.299 256.881 249.12 285.935 242.546 238.346 234.509 226.468 225.413 225.266 348.147 221.596 218.094 223.962 212.383 207.411 203.568 198.222 197.185 195.227 193.801 207.474 289.831 187.173 268.652 179.923
threshold=2.9464285373687749 1.0892856717109682 5.8660714626312265 1.9107143282890322 0.51785713434219371 9.9821429252624529 4.3303573131561288 2.5000000000000004 2.3300000429153447 2.5000000000000004 1.5446428656578066 49.500000000000007 2.5000000000000004 1.7857142686843874 1.8050000071525576 1.0400000214576723 50.500000000000007 1.0546653866767886 1.0000000180025095e-35 67.500000000000014 2.5000000000000004 0.80357143282890331 6.5000000000000009 2.0599999427795415 -5.6635587215423575 2.7370424270629887 1.5000000000000002 1.0400000214576723 -7.729813575744628 2.1299999952316289 1.860000014305115 6.6428573131561288 49.500000000000007 99.500000000000014 63.500000000000007 11.500000000000002 33.500000000000007 1.5000000000000002 2.5000000000000004 35.500000000000007 1.9650000333786013 1.0000000180025095e-35 1.0000107288360598 72.500000000000014 48.500000000000007 1.977388381958008 6.5000000000000009 2.5000000000000004 3.5000000000000004 2.2053285837173466 6.5000000000000009 1.950000047683716 2.5000000000000004 6.5000000000000009 3.2142857313156132 6.5000000000000009 2.2589285373687749 2.2736119031906132 3.0000000000000004 4.5000000000000009 1.0287969112396242 1.0087961554527285 49.500000000000007
decision_type=2 2 2 2 2 2 2 2 2 2 2 2 2 2 2 2 2 2 2 2 2 2 2 2 2 2 2 2 2 2 2 2 2 2 2 2 2 2 2 2 2 2 2 2 2 2 2 2 2 2 2 2 2 2 2 2 2 2 2 2 2 2 2
left_child=1 4 6 10 8 9 11 -7 26 27 29 20 56 21 25 16 36 18 24 -20 -2 -6 62 49 28 -8 33 32 -10 54 55 -17 -4 34 45 -18 41 -13 -12 40 -29 -11 44 -19 -16 48 47 -27 -1 -14 -51 -15 -31 -43 -3 -22 -5 -39 -59 -60 61 -32 -9
right_child=2 3 5 12 13 7 14 22 17 15 38 37 23 51 42 31 35 43 19 -21 30 -23 -24 -25 -26 46 -28 39 -30 52 60 -33 -34 -35 -36 -37 -38 57 -40 -41 -42 53 -44 -45 -46 -47 -48 -49 -50 50 -52 -53 -54 -55 -56 -57 -58 58 59 -61 -62 -63 -64
leaf_value=-0.023063359145400669 0.045065940963796458 -0.0053199461763022531 0.11606250160980254 0.018270547077265296 -0.026904791521635957 0.14103434312292512 0.03958598007300565 0.10725833329373968 -0.021751486833654715 0.039021768515908113 0.0099551173866597523 0.022862724902646042 0.010551612960406714 0.025668995267125568 0.027069511572864358 0.065898404428332003 0.1062178210152278 -0.031988553279806257 -0.036990542053990064 0.043933732951963199 0.0334432102051457 -0.019695963245556052 0.13183757113472297 0.0035864380352360254 -0.045908000327580883 0.094368747430316327 -0.00014711327861775616 0.11616883364103817 0.078777939094019728 -0.0068291636687280643 0.021135923060336737 0.088260531076221421 0.15997730052326614 -0.040936890792025088 -0.0083672261783044009 0.17133172569988986 0.080341486282162061 0.039974328348062131 -0.0013404484595339304 0.074649724653058511 0.062016794579253368 0.096305251043986614 0.05987460676703376 -0.0079433223145971357 0.089348859239245015 -0.0075163204140727751 0.10521297849906429 0.063659880145395129 -0.038006969386626156 0.017866114949564093 0.039166160855023092 -0.0081808739956222686 -0.015825974636075782 0.12092532239473763 0.031381053377015029 0.054538139379296607 0.031366994037845868 0.078309455270137607 0.079138567705956175 0.18533085388439494 0.0033203395317590993 0.042415882048046027 0.16203651949751918
leaf_weight=3514.8960689306259 6637.3573206663132 14547.290840506554 3673.0906248092651 5571.3428235054016 42189.818562746048 4933.7543258666992 700.67127156257629 7939.6256144046783 713.28915929794312 160.17424464225769 7187.6798976659775 220.52591037750244 8330.1954319477081 583.1150529384613 1295.3389291763306 2959.5069032907486 308.4311705827713 4433.3447488546371 31780.195509672165 218.08435022830963 5279.304469704628 38451.456531047821 2445.0801708698273 10690.236377835274 37706.030774474144 1439.6995408535004 1119.087832570076 1545.4946204423904 88.804413676261902 9060.9278535842896 5894.0331176519394 2962.8796964883804 417.2895210981369 4176.8501702547073 3616.4718151092529 324.42323589324951 2745.1793504953384 216.70743477344513 16792.47374856472 834.6632285118103 289.87199211120605 3945.8071269989014 2324.1808375120163 1314.8077580928802 164.44243037700653 889.11031591892242 711.50616812705994 2575.524630188942 8437.3038059473038 5900.5366460084915 1560.5557930469513 2255.302236199379 21866.092067122459 1069.1761521100998 377.35175824165344 1402.3892246484756 5817.6131802797318 707.14442348480225 132.53790009021759 125.0980988740921 980.01136159896851 1982.0411214828491 153.093674659729
leaf_count=2630 3512 9945 1233 3400 31696 1439 353 2854 539 72 4586 117 5262 371 693 1337 110 3457 25091 124 2946 28011 759 6909 30707 594 781 560 48 6283 3443 1216 121 3346 2612 85 1149 116 11195 342 134 1507 1116 975 67 630 292 1198 6671 3558 898 1598 15603 357 224 739 3308 330 65 38 604 1091 44
internal_value=-6.70495e-05 -0.0187106 0.0775133 0.00141713 -0.0306552 0.107025 0.0444744 0.122458 -0.0374215 0.0957798 -0.00607794 0.0367674 0.0152377 -0.0227113 0.0642005 0.0884966 0.0963957 -0.0400995 -0.0412091 -0.0364389 0.0344564 -0.0234675 0.11376 0.0110561 -0.0451729 0.0741496 -0.0280341 0.111373 -0.0106129 -0.0103263 0.029924 0.0770871 0.120546 -0.0295465 -0.0266554 0.139619 0.0929403 0.073314 0.00204525 0.0973166 0.10762 0.0996218 0.0499289 -0.0264888 0.0340908 -0.0318058 0.0792722 0.0746729 -0.0336126 0.0161129 0.0223217 -0.00122621 -0.0131901 0.101556 -0.0043918 0.0378715 0.0249606 0.0827281 0.0923262 0.130753 0.0239275 0.0264916 0.108297
internal_weight=358686 289190 69496.1 107702 181488 36707.5 32788.5 15471.6 98008.3 21236 69831.8 23577.2 37870.5 83479.7 9211.36 14475.6 8553.19 76254.6 70506.4 31998.3 22175.1 80641.3 10537.8 26481.5 38508.1 5427.4 21753.7 6760.41 802.094 45851.7 15537.8 5922.39 4090.38 20634.6 16457.8 632.854 7920.34 1402.01 23980.2 2670.03 1835.37 5175.16 3783.96 5748.15 1459.78 12841.3 4726.73 4015.22 11952.2 15791.3 7461.09 2838.42 30927 5014.98 14924.6 6681.69 11389 1181.49 964.78 257.636 8856.09 7876.07 8092.72
internal_count=241091 210458 30633 71171 139287 13319 17314 5096 77611 8223 47836 13001 23335 61676 4313 5833 3280 60941 56509 25215 12335 59707 3657 16627 31294 2437 16670 2390 587 32055 8823 2553 1354 15889 12543 195 3085 666 15781 1036 694 1936 1876 4432 760 9931 2084 1792 9301 9718 4456 1969 21886 1864 10169 3685 6708 549 433 103 5138 4534 2898
is_linear=0
shrinkage=0.05


Tree=4
num_leaves=64
num_cat=24
split_feature=6 14 6 14 14 14 14 14 12 7 14 19 14 0 14 14 14 7 14 21 14 34 14 6 21 21 14 14 14 14 19 6 6 19 13 31 12 12 13 19 21 22 30 31 13 14 7 13 19 21 34 13 19 14 12 13 31 34 14 14 12 14 14
split_gain=179536 24502.2 23857.9 4769.88 3215.03 2881.18 2710.09 2421.73 1872.4 1865.25 1436.11 1086.8 903.668 715.419 698.228 665.916 618.698 618.136 577.617 575.103 581.726 545.214 512.652 442.67 437.147 453.405 431.145 424.698 411.289 364.735 359.937 359.779 355.092 352.71 335.032 388.334 327.158 395.021 325.631 316.865 308.768 373.507 304.718 289.975 284.3 323.073 261.547 239.308 237.36 236.662 232.376 232.306 222.635 218.693 217.202 370.839 229.381 227.435 242.374 215.807 386.91 317.749 212.73
threshold=2.803571462631226 0 0.94642856717109691 1 2 3 4 5 7.5000000000000009 5.0089285373687753 6 1.5000000000000002 7 5.5000000000000009 8 9 10 4.6339285373687753 11 49.500000000000007 12 -5.6635587215423575 13 1.6250000000000002 32.500000000000007 49.500000000000007 14 15 16 17 2.5000000000000004 0.30357143282890325 12.339285373687746 2.5000000000000004 339.50000000000006 0.99000000953674328 63.500000000000007 15.500000000000002 319.50000000000006 1.5000000000000002 32.500000000000007 11.500000000000002 2.5000000000000004 1.950000047683716 710.50000000000011 18 2.5803570747375493 729.50000000000011 2.5000000000000004 25.500000000000004 1.3258814811706545 344.50000000000006 6.5000000000000009 19 95.500000000000014 615.50000000000011 2.7300000190734868 10.078883171081545 20 21 64.500000000000014 22 23
decision_type=2 9 2 9 9 9 9 9 2 2 9 2 9 2 9 9 9 2 9 2 9 2 9 2 2 2 9 9 9 9 2 2 2 2 2 2 2 2 2 2 2 2 2 2 2 9 2 2 2 2 2 2 2 9 2 2 2 2 9 9 2 9 9
left_child=2 5 4 15 31 11 23 18 14 10 19 -2 -11 40 53 -4 -8 47 -6 26 -21 28 54 -5 32 -26 46 -12 -10 -16 -25 -1 44 -17 35 -14 37 -20 -39 -15 49 -42 -27 -34 45 -19 -3 -13 -28 -7 59 -48 -41 -9 57 56 -56 58 -23 -24 -61 -62 -18
right_child=1 9 3 6 7 13 16 8 21 12 27 17 34 39 29 33 62 24 36 20 -22 22 50 30 25 42 48 -29 -30 -31 -32 -33 43 -35 -36 -37 -38 38 -40 52 41 -43 -44 -45 -46 -47 51 -49 -50 -51 -52 -53 -54 -55 55 -57 -58 -59 -60 60 61 -63 -64
leaf_value=-0.047330337329687028 0.13065062278044556 0.093142390397380315 0.042334258933201266 -0.002827609010614884 0.02464028237908205 0.069681365394041225 -0.0076019028170271515 0.008499862321156678 0.078147659148115153 0.027353219681100008 -0.0018556818732661359 0.07871225670487568 0.111781593866858 0.10425610067607211 -0.030569113516993252 0.027062074333988162 -0.024280040852623971 0.13389770822110381 -0.0010730547689737856 0.14039193835891803 0.053331242121343117 -0.049400381132864407 -0.048683494838519525 0.017734461230191796 0.0868420814469643 0.073566226371665475 0.04293561696102801 0.022151052276981748 -0.014624008745385948 -0.023043736290171077 0.0041902496646734136 -0.03755676324343412 0.11635737357282826 0.011560387489166884 0.063088808657957116 0.060333546890773332 0.012708243506044981 0.022807493553793721 -0.038096910069340482 0.078680949613973428 0.045444080060100311 0.08475985213667897 0.13435434896994169 0.16339068283873173 0.094754271686180294 0.093686316251353874 0.073795638601636016 0.011920936384531107 0.027996624832871037 0.096491433804726912 -0.022661666112479054 0.042489399287751389 0.098141100256905436 -0.014383195768238866 -0.020762493463959336 -0.024160511988953672 0.07260499536554417 0.03908718881495616 -0.023290705649702967 -0.045026861332656626 -0.039086039609883161 -0.015735043778415392 -0.015146791553250705
leaf_weight=25879.274556875229 3713.5314582586288 329.35182893276215 2841.1478378772736 14425.578940987587 1762.60007417202 3672.6034328937531 30086.684016227722 1226.3442381620407 140.9061496257782 1558.2141833305359 2421.4250510931015 295.04428839683533 917.6490113735199 2223.846985578537 30244.88943362236 5246.4155764579773 8567.0158575773239 1357.3421304225922 2488.6660159826279 252.89575576782227 939.11630058288574 1346.9816648960114 11227.586540818214 7069.3195054531097 5723.8006575107574 265.91952538490295 3812.9222409725189 7755.1590709686279 563.17845189571381 35567.952393054962 16023.475896120071 14806.371267914772 3667.5324158668518 12208.397072434425 3452.3130737543106 611.72296452522278 1463.9695417881012 249.77201235294342 1805.1883542537689 6572.5977355241776 2356.5308907032013 812.5853955745697 923.90124261379242 360.55666255950928 4728.9804244041443 1278.4225759506226 694.13426208496094 245.869713306427 8789.7852660417557 1062.1391711235046 1456.8805899620056 4056.8808888196945 1895.9767581224442 6895.9240589141846 97.218112230300903 690.78885841369629 203.09233784675598 115.95461714267731 2833.4737861156464 11172.749105095863 3527.8020076751709 2559.5530891418457 25976.39056122303
leaf_count=22105 1012 149 1480 9783 1096 1463 20940 835 75 802 1527 122 312 715 23759 3024 6462 394 1721 81 446 1106 9557 4202 1995 92 1919 4472 425 27049 10331 12069 1084 7537 1459 269 930 159 1437 2489 1050 311 261 93 1536 414 314 134 4826 392 1155 2032 655 5034 74 516 121 74 2190 9361 2929 2015 18822
internal_value=-0.0002956 0.0674742 -0.0188205 -0.00224682 -0.0316379 0.0937449 -0.00664587 -0.0274385 -0.0293473 0.0370586 0.031638 0.105877 0.0611939 0.0789774 -0.0247993 0.0198868 -0.0128505 0.101051 -0.000444964 0.0398007 0.0734372 -0.0387124 -0.039583 0.00404293 0.102607 0.0926837 0.0375553 0.0164427 0.00485263 -0.0265063 0.00833655 -0.0437629 0.108629 0.0162106 0.0715795 0.0912085 -0.00783386 -0.01447 -0.0306935 0.0874526 0.0676109 0.0555273 0.120776 0.120571 0.102095 0.115262 0.0499554 0.0483604 0.0324909 0.0756975 -0.0421271 0.0470648 0.0830389 -0.0109219 -0.0250477 -0.00399518 0.0423827 -0.0299622 -0.0318783 -0.0431372 -0.0394781 -0.0293581 -0.0174183
internal_weight=357520 76748.8 280772 122444 158327 41157.2 102148 117641 109871 35591.6 29051.7 22560.9 6539.9 18596.3 73935.1 20296 64630.1 18847.4 7770.2 18875.1 1192.01 35936.2 35232.1 37518.4 18306.5 6913.62 17683.1 10176.6 704.085 65812.8 23092.8 40685.6 11392.8 17454.8 4981.69 1529.37 6007.6 4543.63 2054.96 10692.4 7903.86 3169.12 1189.82 4028.09 7364.75 2635.76 5080.37 540.914 12602.7 4734.74 29944.6 4751.02 8468.57 8122.27 5287.51 991.099 300.31 4296.41 4180.46 28487.7 17260.1 6087.36 34543.4
internal_count=241193 32820 208373 82581 125792 14212 70540 91618 86275 18608 15766 7137 2842 7075 56677 12041 46224 6125 5343 9767 527 29598 29098 24316 5869 2348 9240 5999 500 50808 14533 34174 3521 10561 2040 581 4247 3317 1596 3859 3216 1361 353 1177 2344 808 2495 256 6745 1855 25017 2346 3144 5869 4081 711 195 3370 3296 23862 14305 4944 25284
cat_boundaries=0 6 12 19 24 31 38 45 50 57 63 70 76 81 88 94 100 106 113 116 120 124 131 137 144
cat_threshold=1074462728 4608 1638400 2050 1073741824 1 36373512 18881344 3145730 26656 3238002944 68813572 2282881344 8929281 1745102912 1208484097 336723984 134217890 4 1073807368 0 524288 2 1073741824 1073743904 1209009156 2218918145 2418606288 12599362 1090519040 96 1078460416 20192324 1048578 2105344 3250847808 1092223493 32 33555456 18876672 2097154 81920 2155872576 1573696 96 33554432 18874624 2 0 8388672 572522528 1207992456 73531704 268779632 524288 2491678784 1 590856 16782080 1048576 2048 3221225472 512 541356048 434176 32948 33816576 786440 2963345473 3 524288 17831936 1048578 2097152 3221225472 1180160 0 2097152 0 0 8388608 75518004 1073741856 67307265 2684371488 136314890 69273864 1 33555456 16777216 0 16384 2147483648 64 339748880 1074791432 2235695105 537427968 10 78848 1024 134217728 0 16 0 64 293603330 306249746 4096 542244868 134285472 574640152 136 1073741832 0 524288 33554432 134217736 131328 268435504 67108880 0 512 32 2106370 2952962048 278970384 84934668 33625092 301994048 10 839155840 37748872 37752864 32976 557056 2147484672 293634688 2462580752 41947208 1678771200 1119760 33554560 8
is_linear=0
shrinkage=0.05


Tree=5
num_leaves=64
num_cat=25
split_feature=6 14 6 14 14 14 14 12 7 14 14 14 14 7 14 21 31 33 33 14 0 14 14 14 21 14 6 33 0 22 14 7 4 12 12 13 33 12 13 14 10 9 3 7 14 14 33 13 14 5 10 11 14 14 22 14 7 14 12 14 13 13 13
split_gain=160813 21822.8 20798.5 3885.93 3596.6 2497.18 2326.32 2278.67 1802.06 1508.79 1464.52 867.189 800.843 739.88 734.335 667.49 712.955 607.876 604.817 579.615 520.79 504.639 496.157 458.961 434.213 415.912 408.581 380.174 377.764 372.379 710.528 371.765 364.007 343.562 335.686 325.328 323.371 317.112 310.999 306.737 342.762 290.955 285.521 282.79 275.261 273.669 267.778 266.303 260.241 255.345 245.55 242.054 240.651 240.617 227.501 351.004 216.651 216.574 426.32 305.7 214.949 421.854 266.153
threshold=2.6607142686843877 0 1.0892856717109682 1 2 3 4 7.5000000000000009 5.0089285373687753 5 6 7 8 6.7053573131561288 9 35.500000000000007 1.7099999785423281 0.99994486570358287 0.98960703611373912 10 2.5000000000000004 11 12 13 48.500000000000007 14 0.23214285820722583 0.9152931571006776 8.5000000000000018 11.500000000000002 15 1.151785731315613 18.500000000000004 65.500000000000014 15.500000000000002 261.50000000000006 0.99994486570358287 83.500000000000014 324.50000000000006 16 5.4985094070434579 2.9981254339218144 9.5000000000000018 9.7589287757873553 17 18 1.0546653866767886 690.50000000000011 19 1.0000000180025095e-35 5.9143643379211435 0.053571430966258056 20 21 11.500000000000002 22 7.1517856121063241 23 63.500000000000007 24 670.50000000000011 585.50000000000011 344.50000000000006
decision_type=2 9 2 9 9 9 9 2 2 9 9 9 9 2 9 2 2 2 2 9 2 9 9 9 2 9 2 2 2 2 9 2 2 2 2 2 2 2 2 9 2 2 2 2 9 9 2 2 9 2 2 2 9 9 2 9 2 9 2 9 2 2 2
left_child=2 5 3 26 12 13 23 11 10 49 29 -8 31 17 18 32 24 35 -9 -10 -7 -13 -12 -5 43 -11 -1 -16 50 45 -31 -4 51 34 53 -2 -33 44 -36 -19 41 -41 -22 -17 -20 60 57 -30 -39 -6 56 -15 -23 -25 -51 -56 -21 -29 -59 -60 61 62 -3
right_child=1 8 4 6 9 20 7 14 19 25 22 21 -14 15 27 16 -18 39 37 28 42 52 -24 33 -26 -27 -28 46 47 30 -32 36 -34 -35 38 -37 -38 48 -40 40 -42 -43 -44 -45 -46 -47 -48 -49 -50 54 -52 -53 -54 -55 55 -57 -58 58 59 -61 -62 -63 -64
leaf_value=-0.047636150233772843 0.079609439259905601 0.074108300245087244 0.095467769058231636 0.030015715692458717 -0.030668698383164217 0.050301690844972761 -0.029219760742240489 0.1167817395998858 0.02891480170755345 -0.0066678296301556327 -0.011959466730719254 0.0080785411357970453 0.01288849009232001 0.096584358457478481 -0.0049288114792673697 0.062793637507353173 0.050046932406128869 0.012646766182845463 -0.047743210754653639 0.054988084282974026 0.068365840925581178 -0.01443369493047314 0.020686866501679516 -0.0078377760855699273 0.11398273009810372 -0.015970877618398601 -0.037566226537647671 -0.049000907031427371 0.098464580350513101 0.13822216809111507 0.045959354889203427 0.085552690791458566 0.11908344800760014 0.020487328896745219 0.020378366236185424 0.14396015306923463 0.02955139595292422 0.027167807035247904 -0.033250778849700506 0.046567267074560569 0.025562400886646072 0.088104743681813869 0.084689410898846768 0.091226303079078405 -0.020709306967819516 0.033436993416934735 -0.024701324876724828 0.057670561539765852 -0.017114445033100886 0.0025157564102139917 0.029876040295546281 0.11608004520508719 -0.021752671460244993 0.023417743033739013 0.040330429894665398 0.0008607134517829582 0.088047271207915057 -0.045350491249834382 -0.012330687591992559 -0.036609283460429347 0.037713848741212114 0.12586031427653618 0.028845072422505631
leaf_weight=21468.396521091461 402.36336636543274 686.68210959434509 264.33110666275024 1221.6169036626816 547.52678632736206 3099.3895146846771 31408.089468479156 78.16730523109436 1523.9515205621719 25062.960972905159 1257.6714376211166 1685.6525546312332 17961.700743198395 12642.603415966034 723.09009480476379 1221.9113936424255 1272.0219895839691 311.03015673160553 1469.7137620449066 2334.6940144300461 9216.3876792192459 15855.978335976601 15172.23219537735 2015.407420873642 1557.0231120586395 23163.220963835716 18983.890506625175 9967.8214067220688 1114.6363406181335 254.5829610824585 1224.2526261806488 279.93655955791473 2690.5688281059265 1206.079688668251 320.71733272075653 384.65159344673157 3248.7646380662918 464.34680271148682 1718.6208770275116 599.35102093219757 407.9906108379364 1424.5384106636047 3780.407362818718 3085.8852841854095 2777.1131777763367 12601.606428027153 2160.064512014389 624.92682898044586 1094.9775264263153 27069.593977928162 743.86769390106201 1824.7776968479156 40195.856078863144 874.73910176753998 1032.3595806360245 1237.3737659454346 629.58811914920807 10753.510858535767 1967.9586188793182 3998.6993256807327 1635.7397707700729 232.12966179847717 616.53094112873077
leaf_count=19172 143 290 121 725 380 1274 25236 32 750 17434 827 1133 10956 3622 545 422 460 162 1239 990 3392 11720 8569 1408 419 16991 16055 8869 372 74 572 115 689 725 203 113 1742 291 1371 241 166 476 1252 939 2163 6511 1766 248 837 17546 322 510 31041 547 610 811 217 9365 1554 3411 784 87 302
internal_value=-0.000111477 0.0601132 -0.0188182 -0.0293357 -0.000661058 0.0845478 -0.0251723 -0.0267862 0.0336853 -0.00566873 0.028904 -0.0225241 0.0173142 0.0936991 -0.03751 0.096841 0.0839867 0.0723377 -0.0212498 0.056832 0.0686795 -0.0188734 0.0181821 0.00216045 0.091347 -0.0111385 -0.0428999 -0.0407245 0.0644695 0.039082 0.0630961 0.038182 0.102187 -0.00342586 -0.00928387 0.111075 0.0339964 -0.0231467 -0.0248162 0.0612193 0.0671029 0.0758068 0.0731145 0.083163 -0.0302271 0.0368548 -0.0416359 0.0838138 -0.00386239 0.00315826 0.0555666 0.0990441 -0.0196852 0.00167649 0.00379071 0.0189955 0.0620123 -0.0430064 -0.0393796 -0.0286839 0.0501717 0.0637676 0.0526988
internal_weight=356852 84574 272278 172411 99867.8 43920.9 131958 124601 40653.1 78113 33681.4 89145.6 21754.7 27824.7 35455.5 24294.8 7136.84 3529.93 5884.32 6971.66 16096.2 57737.5 16429.9 7357.18 5864.82 48226.2 40452.3 29571.1 5447.71 17251.5 1478.84 3793.03 17157.9 6135.56 4929.48 787.015 3528.7 5806.15 2039.34 2742.91 2431.88 2023.89 12996.8 4307.8 4246.83 15772.7 28848.1 1739.56 1559.32 29886.9 3708.15 14467.4 56051.8 2890.15 29339.3 2269.73 2964.28 26688 16720.2 5966.66 3171.08 1535.34 1303.21
internal_count=241309 35195 206114 139408 66706 14280 104181 99202 20915 53772 18016 69130 12934 8362 30072 7061 2240 1301 4562 2899 5918 43894 9396 4979 1780 34425 35227 25510 2149 8620 646 1978 4821 4254 3529 256 1857 4530 1574 1045 883 717 4644 1361 3402 7974 24965 620 1128 19347 1529 4132 42761 1955 18967 1421 1207 23199 14330 4965 1463 679 592
cat_boundaries=0 6 13 19 24 31 38 45 52 58 65 71 75 81 87 94 96 97 101 107 112 119 125 132 139 145
cat_threshold=1074462728 4608 1638400 2050 1073741824 1 2284978496 540673 1745102848 1209532673 336723984 167776258 4 35718152 16784192 2150629378 2147510304 3242197248 1075446532 1073807368 512 524288 2 1073741824 1074266112 20191300 2148532226 2105344 3242475584 1159332357 32 1074399264 1211106308 71434497 271122624 8929290 83890176 96 33555456 18874624 0 81920 2155872576 1573696 32 293642258 314638354 8392768 541196292 134285344 541081768 8 33621000 16782080 1048576 18432 3221225728 512 71323700 1073742880 67306753 2684370992 10485770 2165000 1 33554432 18874624 2 16 8388608 1048576 33554432 134218760 131328 16432 339746816 8 20971521 537427984 2 2167808 524288 16781312 0 2097152 3221225472 1180160 604270608 434176 32948 33816592 34880 2694841417 3 0 2097152 1073741824 67108880 1024 0 48 0 16777216 0 16384 2147483648 64 67108864 1024 0 0 8388608 541331488 1073905792 71336112 268763328 8388616 2426735680 1 0 1310724 0 0 4456448 1158152193 1073741824 1075840000 4325632 524288 8912896 67108864 64 268477442 2961350656 278970448 83886220 33625092 32 10 2561 18 648 302253056 10368 549462016
is_linear=0
shrinkage=0.05


Tree=6
num_leaves=64
num_cat=0
split_feature=7 7 7 5 7 5 0 5 12 31 31 7 19 19 22 5 33 12 13 7 19 22 31 7 9 9 12 2 34 5 7 2 10 7 12 12 12 9 10 5 22 19 8 12 30 20 5 19 13 12 31 30 19 12 19 9 19 22 10 19 22 22 19
split_gain=137262 20909 15063.2 3719.99 3444.35 1369.07 1324.62 1021.57 759.176 753.878 603.415 599.562 589.743 562.372 474.201 457.171 455.16 442.38 474.008 427.552 383.957 366.547 416.706 316.048 313.8 311.105 275.389 255.423 252.292 239.387 235.234 232.065 227.086 225.184 222.537 213.225 517.855 216.852 212.656 209.001 206.288 206.124 205.025 500.298 200.775 232.929 199.464 197.885 190.314 185.889 185.08 179.621 170.398 169.451 168.92 163.008 162.604 162.289 168.321 162.202 160.157 158.807 157.895
threshold=2.8303570747375493 1.0446428656578066 5.8660714626312265 0.5000000149011613 1.651785731315613 4.0714285373687753 8.5000000000000018 1.7857142686843874 7.5000000000000009 2.3300000429153447 0.99000000953674328 0.43750000000000006 2.5000000000000004 1.5000000000000002 11.500000000000002 1.5000000000000002 1.0710390806198122 3.5000000000000004 241.50000000000003 4.3303573131561288 1.5000000000000002 8.5000000000000018 1.9650000333786013 4.3303573131561288 1.1150697469711306 2.3149788379669194 11.500000000000002 7.5000000000000009 -5.6635587215423575 2.5000000000000004 2.0982142686843877 10.500000000000002 4.0260314941406259 2.3125000000000004 8.5000000000000018 99.500000000000014 65.500000000000014 1.2511876821517947 8.5367331504821795 3.6428570747375493 11.500000000000002 2.5000000000000004 1.0000000180025095e-35 67.500000000000014 1.5000000000000002 14.500000000000002 15.071428775787355 1.5000000000000002 193.50000000000003 73.500000000000014 1.9100000262260439 6.5000000000000009 6.5000000000000009 10.500000000000002 2.5000000000000004 5.9587981700897226 6.5000000000000009 11.500000000000002 4.0260314941406259 2.5000000000000004 5.5000000000000009 11.500000000000002 6.5000000000000009
decision_type=2 2 2 2 2 2 2 2 2 2 2 2 2 2 2 2 2 2 2 2 2 2 2 2 2 2 2 2 2 2 2 2 2 2 2 2 2 2 2 2 2 2 2 2 2 2 2 2 2 2 2 2 2 2 2 2 2 2 2 2 2 2 2
left_child=1 3 5 9 15 17 10 24 12 35 41 16 30 55 19 34 28 20 32 -7 -2 22 27 61 -5 33 -13 -12 48 -9 -6 -15 -19 -14 54 36 37 -1 -24 59 46 -4 -30 -44 -16 -46 -33 -21 -11 -18 -36 -47 57 -20 -3 -8 60 58 -43 -17 -27 -22 -49
right_child=2 4 6 7 8 14 13 29 -10 11 21 26 25 31 44 39 49 18 53 47 23 -23 38 -25 -26 56 -28 -29 42 -31 -32 40 -34 -35 50 -37 -38 -39 -40 -41 -42 52 43 -45 45 51 -48 62 -50 -51 -52 -53 -54 -55 -56 -57 -58 -59 -60 -61 -62 -63 -64
leaf_value=-0.031242784461713448 0.043209408621810275 -0.0058474243584790793 0.085516719139281994 -0.024201952418541985 0.011666837262228842 0.033465813323346451 0.091650168572779064 -0.0053624349388093412 -0.028248926390850804 0.057646363396853972 0.059108122785102413 -0.028076505721566603 0.00056549339255596227 0.075741651921958711 0.020480298919993804 0.0029847233873206403 -0.032411254624460727 0.011523822734131231 -2.1801736354486694e-05 0.071388848276662947 0.020226159505340641 0.041390446374590426 0.045439685967549243 0.0400153819186648 -0.016988819472925538 0.001750746517322206 -0.043097866387647898 0.082548992539359739 -0.044522247409462951 0.018402400560303674 0.023984991319670738 0.080699981011998864 0.11254627013832647 0.011097256592167263 -0.00099332702886303459 -0.037871202069816513 -0.0067230215256686675 -0.014382655314776942 -0.01555617383137245 0.021256440316327507 0.1277319908297381 0.037036464583903562 -0.038724923490002894 0.030629703751519039 0.05061735079653832 0.069419246293063175 0.099298845529519314 0.043606981446672501 -0.022826293943752421 -0.0018476159596625245 -0.035795285396509849 0.11544826527934489 0.085658788469383421 -0.039744730564789901 -0.01342996012825126 0.10981575038940782 0.026422138203872576 0.086613851675082801 0.067581763413887178 -0.0068723115755993215 0.016388740151536973 0.037840100660101052 0.065551512792742253
leaf_weight=12723.494564056396 3317.0122646093369 10400.093759536743 3166.5082874298096 40383.733501553535 7667.1427328586578 6700.253650188446 2673.1451034545898 3312.429034948349 1349.0846525430679 80.192914485931396 2391.5715317726135 17911.611443042755 19114.993047118187 9476.8693325519562 168.21653974056244 5923.6481554508209 997.42573940753937 104.87482154369354 741.97959053516388 1045.8140953779221 13851.649614572525 2541.9484552145004 808.7261244058609 2841.552876830101 24064.180745482445 3117.6810892820358 3678.1631528139114 2263.8426502943039 30499.961351156235 1558.0088814496994 7838.1304646730423 5272.4495362043381 118.42562341690063 6910.21235871315 496.65639674663544 3752.5413118600845 3259.7575924396515 2243.7009474039078 173.50484669208527 856.72975051403046 305.9321026802063 481.14424777030945 16414.420246005058 264.14264249801636 481.1035863161087 395.53509366512299 1987.9253756999969 4459.468134522438 865.12944042682648 992.47385108470917 1655.1819106340408 458.36085748672485 1660.1340124607086 420.5968519449234 25005.71715092659 2305.7138582468033 2027.486062169075 1053.656334400177 7298.3199355602264 14125.850621342659 4664.1673904657364 1410.0070699453354 1004.9044014215469
leaf_count=10668 1591 7363 853 32460 4707 3317 704 2384 982 42 853 14708 12527 2866 72 3972 856 62 414 383 7511 988 341 1261 18450 1905 3295 708 27914 995 4330 1490 49 4186 333 3313 2428 1705 96 503 70 184 14448 151 197 142 508 1881 708 765 1330 143 479 281 18256 535 1158 300 2341 9895 2739 692 387
internal_value=-0.000292135 -0.0172187 0.0567293 -0.0286212 -0.000497179 0.0334709 0.0766248 -0.0198401 0.00877427 -0.0351186 0.0678985 -0.037602 0.0097472 0.0852784 0.045362 -0.00885281 -0.040603 0.0257991 -0.00157819 0.0423334 0.0275704 0.0571564 0.0642643 0.0247047 -0.0215087 0.00622214 -0.0306358 0.0705085 -0.041572 0.00223994 0.0178939 0.0809583 0.0651267 0.00336192 -0.0121516 -0.0270171 -0.0247823 -0.0287154 0.0346647 -0.00292658 0.0874911 0.0743306 -0.0420845 -0.0376264 0.0719726 0.0784589 0.0857937 0.0514592 -0.0159943 -0.0171683 -0.0277632 0.0941377 0.0709542 -0.0143949 -0.0112027 0.100065 0.0138105 0.0681896 0.0656931 -0.00396004 0.0105243 0.0218537 0.0476437
internal_weight=355535 274154 81381.1 163001 111153 37519.8 43861.4 69318.4 52688.9 93683 21839.4 71703.5 51339.8 22022 14713.7 58463.9 50113.7 22806.1 1385.88 13210.4 21420.2 8179.59 5637.65 18103.2 64447.9 35834.5 21589.8 4655.41 48123.8 4870.44 15505.3 17043.2 223.3 26025.2 37557.6 21979.5 18227 14967.2 982.231 20906.2 7566.31 13659.8 47178.5 16678.6 1503.22 1335 7260.37 6510.19 945.322 1989.9 2151.84 853.896 10493.3 1162.58 35405.8 4978.86 9809.33 8833.12 7779.46 20049.5 7781.85 15261.7 5464.37
internal_count=241175 209476 31699 135290 74186 18383 13316 54289 32534 81001 7143 62887 31552 6173 6522 41652 44884 11861 806 5968 11055 2986 1998 9464 50910 22515 18003 1561 43263 3379 9037 4934 111 16713 27282 18114 14801 12373 437 14370 2068 4157 42513 14599 554 482 1998 2651 750 1621 1663 285 3304 695 25619 1239 5802 2825 2525 13867 4644 8203 2268
is_linear=0
shrinkage=0.05


Tree=7
num_leaves=64
num_cat=25
split_feature=6 6 14 14 14 6 14 14 6 14 14 21 14 14 14 14 12 12 14 14 2 4 14 33 13 22 14 6 14 21 14 14 33 13 14 6 14 14 9 21 22 11 21 14 22 13 30 33 0 12 14 11 12 33 25 9 5 33 30 5 14 12 30
split_gain=122767 17226.7 16426.5 3420.85 2980.77 2349.62 1782.89 1777.4 1288.4 1122.57 777.304 574.624 570.116 528.89 500.756 493.377 462.986 616.817 571.865 451.387 383.284 379.462 379.281 377.643 373.446 372.407 567.894 334.666 327.024 300.779 536.033 439.591 291.914 285.103 270.975 264.846 253.989 249.41 248.157 235.912 268.308 241.654 230.398 228.654 227.051 229.829 277.673 213.789 205.394 189.242 275.042 189.052 184.693 179.202 179.185 179.033 177.128 189.048 176.766 176.523 174.46 173 172.362
threshold=2.5178571939468388 0.87500000000000011 0 1 2 0.37500000000000006 3 4 4.6964285373687753 5 6 35.500000000000007 7 8 9 10 63.500000000000007 18.500000000000004 11 12 7.5000000000000009 18.500000000000004 13 0.95529237389564525 319.50000000000006 11.500000000000002 14 1.553571403026581 15 32.500000000000007 16 17 0.87247124314308178 209.50000000000003 18 4.2678570747375497 19 20 2.7370424270629887 32.500000000000007 11.500000000000002 0.30357143282890325 23.500000000000004 21 11.500000000000002 334.50000000000006 14.500000000000002 0.89411887526512157 1.5000000000000002 3.5000000000000004 22 0.053571430966258056 2.5000000000000004 0.89411887526512157 23 2.36248791217804 10.500000000000002 0.98960703611373912 6.5000000000000009 4.7857143878936776 24 8.5000000000000018 10.500000000000002
decision_type=2 2 9 9 9 2 9 9 2 9 9 2 9 9 9 9 2 2 9 9 2 2 9 2 2 2 9 2 9 2 9 9 2 2 9 2 9 9 2 2 2 2 2 9 2 2 2 2 2 2 9 2 2 2 9 2 2 2 2 2 9 2 2
left_child=1 4 7 13 16 9 27 11 10 23 25 21 -8 52 -7 -11 17 18 -1 -13 39 35 -10 -6 -19 48 58 -5 53 31 -31 -25 60 51 -12 38 -18 -35 -2 41 59 42 -9 -14 56 -46 -47 -45 -4 50 -34 -24 -3 -16 -15 -56 57 -21 -27 -41 -17 -30 -37
right_child=2 3 8 6 5 14 12 20 22 15 34 19 43 54 28 32 36 24 -20 44 -22 -23 33 29 -26 26 -28 -29 61 30 -32 -33 49 37 -36 62 -38 -39 -40 40 -42 -43 -44 47 45 46 -48 -49 -50 -51 -52 -53 -54 -55 55 -57 -58 -59 -60 -61 -62 -63 -64
leaf_value=-0.0062488225982034176 0.087168576271231549 0.049017178055359538 0.017452862098933392 -0.0048230511849514761 0.068131807675664249 -0.034013198050386072 -0.0078119049924897923 0.047304042198165454 0.01591931237273712 -0.047032210739986868 -0.0084331376386756387 0.044354094716128042 -0.024383548013077176 -0.021513566940422089 0.045642981272618621 0.044659958084383694 0.047764291272816894 0.025592954091242723 0.039060573858609789 0.0069568069442733074 0.064474008030067781 0.095610315410276758 0.08130394119453993 -0.046629313046702529 -0.034018931039558879 0.05049258047718163 0.0313504044548382 0.0050761630960451734 -0.02397384055617921 -0.033092302577101454 0.010872599868584023 -0.014000881709413699 -0.012347250329786223 0.026088417737195769 0.013862839364140756 0.074409738483372095 0.0084638926659909314 0.048947945466768998 0.015982382767194585 0.019705762428650717 0.062975805293973619 0.085969508445021436 0.067147924236085108 0.028247569606614245 0.053458765977400652 0.081864814454123969 0.1302588537847619 -0.015309239512204184 0.027907599109169019 -0.040098202141934235 -0.035730628861951226 0.034764151149538479 0.009708533406196344 -0.01400872786327809 0.010573010994871268 0.023660051979082889 0.076085484922686131 0.060802441869850322 0.11519154434098525 0.042856010184360027 -0.020884299570447955 -0.038063316294499522 0.084934152730974821
leaf_weight=2473.6247067451477 192.3866171836853 1446.9496028423309 6688.3696229457855 14400.358345746994 119.23324275016785 13470.592116713524 31347.799572944641 4932.2328525781631 1162.0687955617905 22691.646009683609 1582.7344368696213 2242.8554401397705 8190.2261028289795 374.28218936920166 128.22311794757843 155.13830626010895 606.63095963001251 300.276003241539 958.42865097522736 172.78391051292419 7770.1854282617569 3129.470899105072 882.87790548801422 2038.2937710285187 2097.1843831539154 152.81405532360077 1521.9364562034607 20971.798419594765 41924.663969159126 1245.6193495988846 1541.8611263036728 2141.0437210798264 1572.1476185321808 1712.6313370466232 9651.0640866756439 12086.27433514595 1277.6917763948441 4738.1787285804749 336.52058112621307 1226.4071286916733 1139.3040550947189 611.60334849357605 2080.7495361566544 284.43485939502716 434.11132121086121 1117.0539634227753 404.06500005722046 28572.551107048988 15791.330733299255 25496.371263623238 7094.2226629257202 290.13164985179901 376.66264271736145 6690.4060994386673 13300.964591264725 3252.3400930166245 2321.6739461421967 2889.2817696332932 343.15763866901398 2507.7065402269363 253.81918513774872 2298.3698748350143 5748.6819256544113
leaf_count=1793 72 672 3525 10021 57 11801 22394 1735 588 21804 1028 768 6561 240 83 99 307 187 556 58 2451 711 271 1847 1787 59 732 13209 34417 1076 1166 1751 1252 791 5476 3189 841 1832 158 541 391 221 694 196 114 289 82 21729 7967 23676 6298 122 211 5169 8074 1840 628 869 108 913 207 2063 1470
internal_value=-0.000242932 -0.0181291 0.0481 -0.00451687 -0.0303402 -0.0321463 -0.00806827 0.0673719 0.0258521 -0.0389089 0.0216398 0.0749477 -0.0127813 0.0151324 -0.0254056 -0.0412335 -0.000128365 -0.00709291 0.00650056 0.0647865 0.0557252 0.0795122 0.0430118 -0.0200367 -0.0265519 0.0266335 0.0472205 0.0010458 -0.0231227 -0.0215754 -0.00885384 -0.0300598 -0.0374149 0.0470585 0.0107168 0.0767683 0.0214163 0.0429958 0.0418875 0.0503301 0.0417355 0.0558229 0.0531926 -0.0169829 0.0708731 0.0855682 0.0947278 -0.0148747 0.0247971 -0.0379284 -0.0315444 0.0697968 0.040676 -0.0128675 0.012358 0.0131365 0.0656664 0.0577644 0.0933887 0.0352534 0.00456603 -0.0247006 0.0778025
internal_weight=354954 259094 95860.6 122518 136575 128862 103767 51343.3 44517.3 64349.4 35731.4 31075.2 68395 18751.2 64512.3 57263.3 7713.84 5829.51 3432.05 9581.83 20268.2 21493.3 8785.89 7086.05 2397.46 24497.6 2017.91 35372.2 51041.7 6966.82 2787.48 4179.34 34571.7 7623.82 11233.8 18363.9 1884.32 6450.81 528.907 12498 4873.42 7624.59 7012.98 37047.2 7338.97 1955.23 1521.12 28857 22479.7 34162.7 8666.37 1173.01 1823.61 6818.63 16927.6 16553.3 5383.74 3062.07 495.972 3734.11 408.957 44223 17835
internal_count=241237 203384 37853 85147 118237 112766 74110 15354 22499 59233 18895 8408 50880 11037 53533 53336 5471 4323 2349 2808 6946 5600 3604 5897 1974 12391 899 23230 41732 5840 2242 3598 31532 3016 6504 4889 1148 2623 230 4495 1845 2650 2429 28486 2040 485 371 21925 11492 31226 7550 393 883 5252 10154 9914 1555 927 167 1454 306 36480 4659
cat_boundaries=0 6 12 19 26 31 37 44 51 57 64 71 78 80 86 91 97 103 107 113 119 125 131 137 138 144
cat_threshold=1074462728 4608 1638400 2050 3221225472 1 34276360 16784192 2150629378 26656 3242213632 1075446276 1078460416 1093934148 1048578 2105344 3246653504 1075446277 33 1075841072 1211106308 71434497 2418540752 8912906 83886336 96 1073807368 512 524288 2 1073741824 75501620 134217760 16975625 2684469296 2097162 10815744 35652608 18876676 2097154 2147508224 12583232 68686656 96 608456704 434304 16810164 33882112 262208 2694915136 3 65544 16781568 1048576 2048 1073741824 512 201327426 4734977 1744836608 1208090881 470941744 134221858 4 2282881346 537001984 679798864 135790861 268632064 134217730 8 4194304 1075052548 0 2105344 8650752 1075314693 33 8 512 100671488 2097160 4194306 2097200 0 1073741824 0 2097152 2 0 64 572669984 134381704 6488320 336151152 524296 67438656 75497504 134217760 196617 2684420112 0 65536 16 0 16777984 49200 339738624 8 2168586769 537427984 524296 2162688 0 2099200 2 0 8388608 512 0 16780352 0 0 8388608 1048832 293634752 2462580752 8458312 1142030336 135333392 37748864 2400897 4202634 104857760 319030336 34123908 2415919104 201630214 1024 0 2097152 0 33554432 64
is_linear=0
shrinkage=0.05


Tree=8
num_leaves=64
num_cat=26
split_feature=7 7 14 14 14 14 8 14 7 5 19 14 14 14 8 14 14 11 12 19 14 9 14 33 33 33 14 19 22 14 20 14 31 33 12 13 34 19 14 22 7 22 22 14 19 14 19 12 12 12 14 12 19 14 14 22 14 22 14 14 14 14 19
split_gain=106785 16586.9 12866.3 3568.7 2941.95 2447.67 2111.99 1410.88 1404.52 1247.64 838.735 733.12 700.47 622.19 560.598 556.257 478.468 468.053 453.408 427.808 416.181 412.675 383.765 371.335 366.713 346.287 338.09 334.952 333.15 459.39 335.708 324.183 304.37 353.108 303.181 297.157 287.404 279.713 279.368 275.496 270.303 267.976 251.762 236.681 234.369 229.769 228.725 221.99 391.812 209.115 203.132 432.775 201.739 200.949 200.269 200.17 223.113 196.439 192.125 180.566 178.425 176.552 172.258
threshold=2.5803570747375493 1.0089285969734194 0 1 2 3 1.0000000180025095e-35 4 6.7053573131561288 4.7857143878936776 2.5000000000000004 5 6 7 0.18898283539402885 8 9 0.80357143282890331 8.5000000000000018 6.5000000000000009 10 2.1515036821365361 11 0.93669331073760997 0.99994486570358287 0.9152931571006776 12 2.5000000000000004 11.500000000000002 13 24.500000000000004 14 1.8050000071525576 1.0098912715911867 2.5000000000000004 339.50000000000006 1.3258814811706545 6.5000000000000009 15 8.5000000000000018 4.0803573131561288 1.5000000000000002 11.500000000000002 16 2.5000000000000004 17 2.5000000000000004 67.500000000000014 31.500000000000004 1.5000000000000002 18 64.500000000000014 2.5000000000000004 19 20 11.500000000000002 21 9.5000000000000018 22 23 24 25 1.5000000000000002
decision_type=2 2 9 9 9 9 2 9 2 2 2 9 9 9 2 9 9 2 2 2 9 2 9 2 2 2 9 2 2 9 2 9 2 2 2 2 2 2 9 2 2 2 2 9 2 9 2 2 2 2 9 2 2 9 9 2 9 2 9 9 9 9 2
left_child=1 3 8 17 11 21 16 14 23 13 39 -3 -8 34 -6 -9 -7 -1 38 31 -11 22 47 -2 -24 61 -14 53 46 30 -30 -12 40 41 58 -22 50 59 -13 45 43 -34 -41 -25 54 -10 -16 48 -5 -26 -27 -52 -40 -15 -17 56 -46 -43 -4 -29 -53 -18 -28
right_child=2 4 9 5 7 6 12 15 10 20 19 18 26 27 28 44 25 -19 -20 -21 35 -23 24 32 49 36 62 37 29 -31 -32 -33 33 -35 -36 -37 -38 -39 52 42 -42 57 -44 -45 55 -47 -48 -49 -50 -51 51 60 -54 -55 -56 -57 -58 -59 -60 -61 -62 -63 -64
leaf_value=-0.034706536210923115 0.12733860462773902 0.057876386384548499 -0.035156646407739058 0.031979731488821828 -0.028801637944385641 -0.019995591958638453 -0.0097236748805148571 -0.023759340895098235 0.090947072207771817 0.021360500582444146 0.042628412108483872 0.026490031522754733 -0.027160129910453076 0.020190572503359688 0.0079078181760830583 -0.010426049313011533 0.043029454744018619 -0.046152873186987173 -0.019293152399067957 0.073680466645673751 0.061760272584983483 0.043436921192941021 0.074264754686744469 0.070462970066575703 0.0051221722703542871 -0.047048620889665077 -0.01149498024694038 0.010985304249794332 0.060080424903351443 0.0043927356461627414 -0.009135097477265236 0.061056299856200973 0.061376895368215861 0.048090241155375378 -0.031198246040296879 0.039870460048197776 -0.017264848885126843 0.032093944580385156 0.020423433453236554 0.059516968489042969 0.053794110609890193 -0.038202577128562204 0.090169366930171996 0.02154390161874227 -0.018231370504631979 0.072899839715434442 -0.0014182279148948834 0.040991415865970951 -0.021610075868775752 -0.015795659074545592 -0.043463916632038746 -0.012441310855264396 0.007599095093511964 0.037523918389105557 0.00208382462513427 0.0021411838134546349 -0.0091410254151534139 0.013582297514892865 0.011224812692911614 0.022165047263220258 -0.032801211355922358 -0.017284882811769837 -0.021237916948826582
leaf_weight=15499.478307187557 144.01400208473206 945.78088355064392 223.36543011665344 716.55599188804626 1451.2711763381958 3829.4411674141884 11778.145441770554 7616.7107718586922 4520.2803732156754 2443.6762056350708 3040.0943777561188 3993.4680100679398 28035.54801094532 2523.6824947595596 9401.2768287658691 5742.0213622450829 143.35680866241455 21081.470375001431 1030.7483503818512 5856.2059397697449 2043.4997045993805 583.77882206439972 135.36372113227844 307.02174723148346 1767.5526210069656 9768.0070143938065 5317.1138044595718 7002.939649939537 835.80557823181152 1986.8000998497009 221.60166895389557 17056.573092222214 184.34265351295471 1152.2955912351608 499.515256524086 6431.2725474834442 1305.5159782171249 3781.1281859874725 4419.5639506578445 2991.7793247699738 8463.5206567049026 290.74315297603607 863.8275043964386 1303.6729954481125 11042.316427350044 4199.8168866634369 21864.257548928261 706.48269104957581 650.72957539558411 3686.7661044597626 9527.5653023123741 1831.8373844623566 10017.809762835503 5556.3891007900238 7206.3104719519615 2483.5527452230453 17589.309138655663 494.39474630355835 5572.5417201519012 7632.9410430192947 2756.1782509684563 572.35714244842529 30924.957664370537
leaf_count=14209 36 407 151 426 1141 3256 9019 6057 928 1167 1033 2115 24053 1238 5758 4158 91 21117 757 1451 690 315 60 114 1213 9700 4234 3767 450 1287 137 4668 76 409 343 2570 1130 1866 2469 773 2754 132 186 578 8418 1006 14403 365 525 2941 9199 1571 6127 2553 5053 1796 12827 199 3153 3807 2583 479 25232
internal_value=-0.000344652 -0.016979 0.0451137 -0.0276971 -0.0020104 -0.0233305 -0.0253766 -0.0059999 0.0622084 0.0251997 0.0669227 0.0150793 -0.0209616 0.020331 0.00163545 -0.0112826 -0.0366777 -0.0412918 0.0129705 0.0617867 0.0398449 0.00291349 -0.000170191 0.0475392 -0.00698636 -0.0391209 -0.0230157 0.0236856 0.00292347 0.018713 0.0451484 0.0583205 0.0465958 0.029382 0.0061643 0.0450961 -0.0401105 0.0199707 0.014782 0.0775214 0.050221 0.00714323 0.0663866 0.0314436 -0.00912096 0.0824439 0.00138605 0.0181479 0.00647512 -0.00901696 -0.0413592 -0.037362 0.011517 0.0321819 -0.00347024 -0.0114754 -0.0126565 -0.0055965 0.00939548 0.0168386 -0.0247713 -0.00484 -0.0198031
internal_weight=353046 258467 94579.5 150618 107849 114037 105790 87441.2 50868.6 43711 38528.6 20407.4 76055.8 32792.5 35761 51680.2 29734.3 36580.9 19461.6 25952.9 10918.4 8247.23 7663.45 12340 5589.68 25904.8 64277.6 26497.1 34309.7 3044.21 1057.41 20096.7 12196 2121.78 6295.42 8474.77 25189.1 18417 18430.8 12575.7 10074.2 969.481 3855.61 1610.69 44063.5 8720.1 31265.5 2073.77 1367.29 5454.32 23883.6 14115.6 14437.4 8080.07 12948.3 31115.2 28631.6 785.138 5795.91 14635.9 4588.02 715.714 36242.1
internal_count=240726 205078 35648 131718 73360 96392 90547 61485 14343 21305 10045 11875 62538 16878 23176 38309 28009 35326 11468 7152 4427 5845 5530 4298 4214 24753 53519 13231 22035 1874 587 5701 4262 816 3647 3260 24183 9440 10711 2893 3446 407 959 692 32252 1934 20161 1316 951 4154 23053 13353 8596 3791 9211 23041 21245 331 3304 7574 4154 570 29466
cat_boundaries=0 6 13 19 26 33 38 45 52 58 65 72 78 85 91 97 103 108 112 119 126 133 140 146 152 159 165
cat_threshold=1074462728 4608 1638400 2050 1073741824 1 2282881344 540673 1753491520 1209532673 336723984 167772162 4 1110057984 16783680 2150629378 2149607424 3242197248 1704516 33554432 154405956 1179650 2105392 3229876296 1142555141 32 2080 1211106308 71434497 269025520 8929346 1157632256 96 524288 4352 1048576 2048 2147483648 606082064 1073905800 56623544 268746816 524288 2424635392 1 335554608 1209009224 71434496 268959824 20987918 1073754116 2 285213312 2428502032 58790984 1678935044 9876 128 1145065524 65536 67329 2952806400 136314882 10815752 1 69214208 16778244 4194306 2149589024 64 1140981764 32 0 18876480 2 2105344 1073741888 1180160 1367384066 314638352 4097 2688679936 134285344 541085880 8 0 1075840000 4325376 524320 64 1140850688 131072 0 1114112 2048 0 1 132096 16779264 2 16384 1073742080 580 0 0 1114112 0 1073741824 1073741832 512 524288 2 2139138 2961350656 2146320 83886156 33625092 5216 10 35651584 256 2097666 2105344 64 1048640 64 549453846 536870922 268484784 151257608 266240 2375728 142 32773 67141800 268452352 184549896 33589280 2416012337 132 67117056 0 0 16 0 4096 35651584 2052 512 2149605408 64 68813312 16779777 18 67109032 33948672 10368 536879104 128 1024 0 35651584 0 0 64
is_linear=0
shrinkage=0.05


Tree=9
num_leaves=64
num_cat=27
split_feature=6 6 14 14 14 14 8 14 14 14 7 33 14 14 14 14 21 14 11 34 7 12 14 12 0 10 14 14 14 30 31 34 29 12 14 34 0 14 12 13 14 14 21 14 20 14 21 33 33 14 14 14 14 14 10 7 21 30 30 12 21 7 21
split_gain=95788.6 14536 11649.6 3064.74 2541.94 2017.96 1477.33 1381.88 1082.6 825.242 658.68 641.411 605.884 578.18 494.95 486.326 445 441.922 374.571 365.434 381.97 364.915 440.754 353.767 335.371 332.187 309.346 290.044 289.012 285.478 275.677 269.454 268.394 259.058 312.02 248.758 245.673 245.432 412.858 237.548 235.703 222.908 221.964 251.408 239.614 210.393 209.901 209.257 205.302 202.899 200.353 198.41 193.009 188.254 205.194 235.279 183.162 172.848 170.59 169.731 168.892 167.056 271.493
threshold=2.4107142686843877 0.91071426868438732 0 1 2 3 1.0000000180025095e-35 4 5 6 3.5803570747375493 0.94723427295684826 7 8 9 10 36.500000000000007 11 0.87500000000000011 -2.0273983478546138 5.8660714626312265 67.500000000000014 12 15.500000000000002 4.5000000000000009 4.0260314941406259 13 14 15 10.500000000000002 1.7099999785423281 8.834165573120119 3.5000000000000004 97.500000000000014 16 1.2617588043212893 3.5000000000000004 17 63.500000000000007 655.50000000000011 18 19 49.500000000000007 20 24.500000000000004 21 39.500000000000007 0.98960703611373912 0.99994486570358287 22 23 24 25 26 5.9143643379211435 7.6517856121063241 49.500000000000007 30.500000000000004 10.500000000000002 6.5000000000000009 4.5000000000000009 2.5089285373687749 17.500000000000004
decision_type=2 2 9 9 9 9 2 9 9 9 2 2 9 9 9 9 2 9 2 2 2 2 9 2 2 2 9 9 9 2 2 2 2 2 9 2 2 9 2 2 9 9 2 9 2 9 2 2 2 9 9 9 9 9 2 2 2 2 2 2 2 2 2
left_child=1 3 7 18 15 21 11 16 59 -4 26 28 31 52 -10 48 19 -12 -1 -2 29 22 -5 40 -19 61 56 -15 46 60 47 33 57 34 -13 37 -27 -14 50 -35 -24 -40 -17 -44 -45 -16 -7 -18 -3 -34 -39 -23 -8 -26 55 -55 -11 -22 -49 -6 -21 62 -9
right_child=2 4 9 5 8 6 13 25 14 10 17 12 35 27 45 42 30 24 -20 20 32 51 23 -25 53 36 -28 -29 -30 -31 -32 -33 49 39 -36 -37 -38 38 41 -41 -42 -43 43 44 -46 -47 -48 58 -50 -51 -52 -53 -54 54 -56 -57 -58 -59 -60 -61 -62 -63 -64
leaf_value=-0.036769916317424815 0.1304288635345876 0.077654387830158489 -0.0021690130833861457 0.035272380998178435 0.00069152291891377967 0.06600938698099193 0.0068922064577212651 0.12343161978503131 -0.0067411490943414089 0.021672092877961083 0.016312668174839489 -0.047508630454886312 -0.046964754918490142 -0.017224198248498628 -0.022744285349086454 0.0082360266203072071 0.011846645926852218 0.028026928162854538 -0.047406505475877672 0.049271526169653822 0.072296743564624608 0.046130766804416905 -0.0073568294742533333 -0.023462045473080489 0.029430523193644961 0.038604668265948362 0.012436461613155248 -0.02562793129391221 -0.015518070692274786 0.075184384615672811 0.036902973488375339 0.041738690318407136 0.069103880194007983 0.040880860886443049 -0.018504128269913038 -0.017508623807292085 0.053113273886026935 -0.049508614277491592 -0.034727599085482418 -0.015940894419799356 0.025584585621035369 -0.01339000911119706 0.0053148916662408771 0.063408949527914704 -0.0056341546496723391 -0.013267265949490688 -0.014720632309879814 0.051857684624603231 0.030068239073430172 0.056568038065646864 -0.034365994390776429 0.0090778463273763765 -0.012869162882216074 0.048778700538204073 0.026815353284696843 0.081079678798137628 0.043254976733480333 0.11380240838469693 0.067297751595617614 -0.024727086926976199 0.0094774560108115205 0.035491206203958563 0.030352864340546876
leaf_weight=18257.579569518566 210.61663961410522 260.91144061088562 3472.9231162071228 618.37422072887421 30726.317521929741 246.63156235218048 1498.194499373436 143.36139285564423 31283.063865423203 14956.484552145004 3917.8786981105804 1365.7974309325218 9462.1602652072906 14058.302952051163 7829.3436529636383 15165.904136180878 250.35150671005249 6639.7508586645126 15145.90827780962 464.87039244174957 7062.3905515670776 589.36845934391022 1552.6242011785507 2273.0011437535286 1653.3821481466293 3873.8867946863174 12086.385486602783 40228.635093927383 706.1279411315918 414.88816857337952 2257.3625204563141 166.6141881942749 6578.3568661212921 273.60857951641083 3012.414760529995 1228.5473279356956 11839.433242082596 5007.9734788537025 2636.5698996782303 560.69124758243561 822.84246242046356 2361.8693184256554 632.30207669734955 598.28919911384583 159.0495011806488 24016.516684889793 119.47243130207062 4267.2597897052765 1725.432270526886 8537.2340989112854 4383.7341324090958 952.03885173797607 6965.1005588769913 2752.8330463171005 767.35322368144989 709.2988920211792 1052.1920427083969 260.31226682662964 3084.3440569639206 670.99199903011322 625.21914267539978 7598.0636240243912 172.78978407382965
leaf_count=17740 44 93 2185 343 20171 121 1052 45 22605 7542 1910 1338 9790 11489 6487 9085 76 2930 15929 155 1576 278 1147 1909 729 1320 6676 35112 612 134 726 110 1474 191 2573 1087 3448 5093 2545 455 485 2072 376 311 98 18643 98 1127 834 2048 4285 630 5553 1059 270 178 452 51 738 501 252 2730 78
internal_value=-0.000324139 -0.017334 0.0395341 -0.0284428 -0.00412005 -0.0240952 -0.0259944 0.0546862 -0.00744019 0.0213261 0.0231584 -0.0348265 -0.0361644 -0.0215604 -0.0112137 0.012803 0.0611843 0.0311126 -0.0415805 0.0648566 0.0642792 0.00220553 -0.00405359 -0.00934146 0.0357012 0.0453097 0.0185119 -0.0234553 0.0031818 0.0398895 0.0522491 -0.0207985 0.0659149 -0.0228381 -0.0277038 -0.0394359 0.0495367 -0.0405817 -0.0363264 0.00269646 0.00413114 -0.0247419 0.00998262 0.029114 0.048273 -0.0156037 0.0386131 0.0568055 0.0361405 0.0621072 -0.0425303 0.0236055 -0.00936691 0.044423 0.050095 0.0553985 0.0230765 0.0737737 0.0583363 0.000148178 0.0264507 0.0369739 0.0725859
internal_weight=353212 247562 105649 134494 113068 101091 94282.4 57640.7 94526.2 48008.5 44535.6 31532.2 30460 62750.2 63128.9 18541.9 34013.2 16440.5 33403.5 24153.9 23943.3 6808.25 5266.84 4648.47 12522.6 23627.5 28095.1 54286.9 1072.23 1504.98 9859.32 5379.13 22438.3 5212.51 4378.21 25080.9 15713.3 23852.3 14390.1 834.3 2375.47 4998.44 16555.5 1389.64 757.339 31845.9 366.104 7601.96 1986.34 15115.6 9391.71 1541.41 8463.3 5882.87 4229.49 3462.13 16008.7 7322.7 7351.6 31397.3 1090.09 7914.21 316.151
internal_count=241194 201241 39953 122037 79204 88368 83576 16022 68407 23931 21746 30370 29539 53206 47735 10797 8401 7076 33669 5734 5690 4792 3884 3541 5166 7621 14670 46601 831 541 2667 4667 5149 4557 3911 24872 4768 23785 13995 646 1632 4617 9870 785 409 25130 219 1941 927 3522 9378 908 6605 2236 1507 1237 7994 1627 1865 20672 407 2853 123
cat_boundaries=0 6 13 19 26 31 38 45 52 59 66 72 79 85 92 99 106 110 117 124 130 136 142 146 152 158 165 171
cat_threshold=1074462728 4608 1638400 2050 3221225472 65 2282881344 8929281 1745102864 1209532673 336723984 134217762 4 34276360 16783680 2154823682 26656 3242197248 1075446532 1074266144 20192324 1048578 2105344 3250847808 1092223493 1 1073807368 512 524288 2 1073741824 1075841056 1211106308 67272977 2418606160 8929290 83886080 96 339748880 1073741834 2168586929 537427984 540682 8467456 2 79712276 1073741824 198401 2684403744 136323114 69273864 32 576716800 1208123528 21119240 386236464 32768 2424571904 32 541343760 434304 164 33816704 2359364 2963354625 3 589832 16781568 1048576 2048 1073742080 512 33554432 3076 2 2097184 4 1074266116 96 524288 17829888 0 2097152 3238002688 131072 35652608 18876676 2097154 2149597248 8388864 18350592 96 67391492 603988000 102859424 704 537610 69272640 2 1024 134217736 2097152 536870928 0 64 32 67108880 0 512 32800 2139138 2952962048 44089408 67108876 33625092 301995072 10 32 262148 0 0 8650752 1074266113 1 301990016 37748872 356519936 16777424 557056 2147483792 0 2112 2097152 24576 20971520 131328 293634180 2462580784 8458312 1678901248 1115696 37748736 8 0 524288 2 553912833 171966474 4232 319161360 640 8320 0 2099200 2 8192 8388608 512 570425344 134217736 131328 268435504 0 2147483648 32 2097152 16777472 2097152 0 320 256
is_linear=0
shrinkage=0.05


Tree=10
num_leaves=64
num_cat=25
split_feature=6 6 14 14 14 14 12 6 14 14 5 14 14 19 19 12 33 14 19 14 33 6 7 14 22 14 14 14 34 31 14 14 14 12 14 22 7 12 12 33 14 12 19 19 22 5 22 14 14 22 19 19 14 14 19 22 19 19 14 30 30 29 14
split_gain=86228.2 13399.9 10227.2 2892.37 2122.25 1877.93 1441.64 1154.51 1028.58 857.896 747.85 671.995 590.586 485.322 496.516 449.129 380.318 379.207 361.223 356.761 351.951 349.733 337.312 322.91 309.603 331.094 306.91 290.272 274.815 267.692 259.51 253.178 248.349 434.577 327.74 242.702 242.271 240.365 315.078 230.771 221.77 375.473 214.734 212.798 199.708 199.309 190.149 184.842 180.687 179.175 176.117 176.011 175.899 173.278 173.165 172.585 171.097 174.864 164.733 164.545 163.713 353.435 149.353
threshold=2.3392857313156132 0.91071426868438732 0 1 2 3 8.5000000000000018 9.9821429252624529 4 5 5.7857143878936776 6 7 2.5000000000000004 6.5000000000000009 87.500000000000014 0.97187143564224254 8 2.5000000000000004 9 0.89411887526512157 0.23214285820722583 4.6339285373687753 10 11.500000000000002 11 12 13 -5.6635587215423575 0.99000000953674328 14 15 16 63.500000000000007 17 8.5000000000000018 5.0089285373687753 62.500000000000007 17.500000000000004 1.100611209869385 18 229.50000000000003 2.5000000000000004 2.5000000000000004 11.500000000000002 1.6428571343421938 11.500000000000002 19 20 8.5000000000000018 1.5000000000000002 2.5000000000000004 21 22 2.5000000000000004 8.5000000000000018 2.5000000000000004 6.5000000000000009 23 6.5000000000000009 7.5000000000000009 3.5000000000000004 24
decision_type=2 2 9 9 9 9 2 2 9 9 2 9 9 2 2 2 2 9 2 9 2 2 2 9 2 9 9 9 2 2 9 9 9 2 9 2 2 2 2 2 9 2 2 2 2 2 2 9 9 2 2 2 9 9 2 2 2 2 9 2 2 2 9
left_child=1 3 7 21 27 23 12 13 45 -4 19 15 -7 -2 22 16 -8 50 -9 24 35 -1 -15 -5 56 59 -22 -3 -13 -12 39 -20 -30 47 -35 -14 54 38 53 -18 41 -39 -29 -19 49 -6 -31 -34 -17 -24 -10 -28 -51 -25 -21 -50 -11 -58 -45 -26 -46 -62 -53
right_child=2 4 9 5 8 6 11 18 17 10 29 28 20 14 -16 48 30 43 31 36 26 -23 44 37 25 -27 51 42 32 46 -32 -33 33 34 -36 -37 -38 40 -40 -41 -42 -43 -44 58 60 -47 -48 -49 55 52 -52 62 -54 -55 -56 -57 57 -59 -60 -61 61 -63 -64
leaf_value=-0.045882090846155181 0.053315589905431261 0.039860774426797675 -0.0054256236993089207 0.027344919651411861 -0.0035747509002376499 -0.027185792381773013 0.064639034840168808 0.068530061896165506 0.0026924899963122521 0.030539196284038162 0.051293823408388055 -0.0032166611432194424 -0.0011581421622825579 0.021863295670326684 0.054092223321716815 0.02589211075386947 -0.048166451282265349 -0.0083474402209793817 0.060381936180392719 0.020808184894988951 0.020427907942291667 -0.035225495644942685 0.041561747679309965 0.019349802839926 0.036916106767075053 0.027341470190694047 -0.013118019333155784 0.018727496006546347 -0.045919976573723285 0.025499870411394628 -0.017935492533274786 0.046390804999641086 -0.051072471489253674 -0.03668516438734503 -0.011942790764385407 0.071809022233586234 0.042566096953723341 -0.032777227583590668 -0.024688764277244722 0.04193784383667426 0.024617171996534286 0.097097955327978033 0.0065015912062885393 -0.024148756577206828 0.040215614839652275 0.0044483659460618731 0.063912805861975286 -0.035509772958344711 -0.028407586621936372 0.0095895184963099185 -0.0083344556104534874 -0.014370804750851243 0.034737890191330709 -0.0070870964111252772 0.011670504710664026 0.019518831066777396 0.016019089888369611 0.031461598313651598 -0.014588310262162764 0.097114012712279416 0.11647190135284771 0.050882726257980494 -0.022982757406566398
leaf_weight=17132.253773450851 11977.490472912788 860.30074441432953 3147.5395656824112 975.92798626422882 16225.875669836998 26003.614181518555 109.13865780830383 7272.2866923809052 4256.8514798879623 4877.9005331993103 2362.9463863372803 538.53840631246567 328.37135034799576 2972.6668637990952 5737.924275636673 603.53315603733063 1691.7302553653717 9690.8566082715988 8938.9271569252014 7508.0378837585449 508.43391913175583 13987.658971488476 10751.756673812866 911.49952447414398 162.22854244709015 904.98193001747131 10848.90787678957 5153.5738714933395 9037.2879838943481 3113.4594326019287 2134.3994555473328 5854.003436088562 3529.1188296675682 2614.3903456926346 2800.6346023082733 174.43092799186707 793.8874626159668 421.82166165113449 1929.7404555678368 74.102970600128174 1173.0358564853668 64.00733745098114 11849.350420832634 6233.5764994621277 977.87398266792297 14802.157939791679 359.32067358493805 4890.0074481964111 495.59245449304581 913.31911277770996 24240.335754394531 7026.325257062912 3314.2924752235413 1883.3888784646988 16757.202328681946 302.36973142623901 8665.0880374908447 2325.2123955488205 17044.75926566124 379.33420491218567 282.24719142913818 754.97220802307129 19204.790406227112
leaf_count=18653 3201 384 2018 553 11034 23710 43 1396 2952 2112 715 432 264 1206 1612 400 1679 7516 2025 3767 332 13877 3139 562 61 391 8996 2843 9699 1335 1864 1459 3779 2641 2500 115 292 347 1677 46 652 33 7152 5267 283 9420 109 5000 428 344 17771 5706 1073 1391 9227 228 4210 1061 13503 109 53 192 16551
internal_value=-0.000210964 -0.0169672 0.0362488 -0.0277553 -0.0041225 -0.0236138 -0.0255405 0.0503128 -0.00716938 0.0198733 0.0215258 -0.034831 -0.0213668 0.0450024 0.0411286 -0.0188285 -0.0273799 -0.0109154 0.0594044 0.0192191 -0.0173827 -0.0410791 0.037403 0.000712616 0.0247504 0.046909 -0.0179431 0.0116515 -0.0385052 0.038311 -0.0299565 0.0549178 -0.0393529 -0.0350041 -0.0239787 0.0241647 0.0153812 -0.00339578 -0.00915014 -0.0441332 0.0129724 -0.0153343 0.0102013 -0.0145689 0.040121 0.000252658 0.0294761 -0.0421367 0.00550136 0.0381324 -0.00668492 -0.0184698 0.0294101 0.00157905 0.0144979 -0.01012 0.0227458 0.0192865 -0.0171652 0.0776578 0.0549007 0.0687403 -0.0206902
internal_weight=352858 241753 111105 131395 110358 100275 92915.7 59747.8 92494.4 51357.1 48209.6 28820.8 64094.9 37682.5 25705.1 5410.87 4009.37 61466.4 22065.2 42373.9 38091.3 31119.9 19967.1 7359.42 17314.7 1446.54 37588.5 17863.2 23410 5835.73 3900.23 14792.9 22871.4 13834.2 5415.02 502.802 25059.1 6383.49 4724.63 1765.83 1658.86 485.829 17002.9 32969.2 16994.5 31028 3472.78 8419.13 1401.5 14979.4 28497.2 37080 4227.61 2794.89 24265.2 797.962 15868.2 10990.3 23278.3 541.563 2015.09 1037.22 26231.1
internal_count=241390 200000 41390 122158 77842 89628 84413 15983 67463 25407 23389 28739 55674 11103 7902 4688 3632 47009 4880 21230 31964 32530 6290 5215 7944 561 31585 10379 24051 2159 3589 3484 23619 13920 5141 379 13286 4662 3630 1725 1032 380 9995 26286 5084 20454 1444 8779 1056 4556 20723 31253 1417 1953 12994 656 7383 5271 18770 170 528 245 22257
cat_boundaries=0 6 13 19 26 33 40 46 53 60 66 72 78 82 87 91 95 102 108 111 117 120 124 131 137 143
cat_threshold=1074462728 4608 1638400 2050 3221225472 65 2282882368 8929281 1745102864 134742273 336723984 134221858 4 34276360 16783680 7340034 26656 3250602240 1074922244 1078460416 154409024 1179650 2105344 3250847808 1092223492 33 1075841056 1211237380 2214723841 2418606288 524298 84410368 96 876619776 1073741834 2235564705 537427984 524298 10564640 1 75520052 1073742884 67329 2684370992 134217738 77662472 25208850 306249746 4160 1079115780 134283296 574636184 136 537153552 303240 32948 33816576 262212 2694911049 3 33555456 18874624 0 16384 8388928 525056 524288 17825792 0 2097152 3238002688 131584 0 2097152 0 0 8388672 512 33554432 1024 256 268451888 589832 4352 1048576 2048 256 67110928 1024 512 48 589832 0 524288 2 2 2986516480 44089408 1141899340 33625604 301990976 10 304390272 4194440 272633888 128 557056 2147483776 1073741824 134217728 131072 553910785 4194306 136 319194112 128 8192 67110912 1024 512 524288 512 65536 2048 1073741824 136316992 1179650 0 64 4 32 293634177 2429026320 42012744 1611793408 34604592 37765120 604246048 1610612876 106988200 84213760 36864 2416184385
is_linear=0
shrinkage=0.05


Tree=11
num_leaves=64
num_cat=30
split_feature=6 14 6 14 14 14 6 14 14 12 5 14 14 14 12 19 19 19 14 14 22 11 14 12 14 14 13 25 8 14 5 34 19 34 7 14 12 14 19 14 13 31 13 14 34 7 14 10 14 19 21 14 12 14 14 14 25 12 11 14 14 14 12
split_gain=76337.9 11160.6 10539.1 2384.11 2102.68 1474.06 1174.57 1077.51 839.89 799.483 678.935 574.051 556.399 513.492 480.23 468.382 433.483 403.881 390.444 367.438 361.291 349.114 337.816 319.085 313.498 291.148 287.433 282.194 279.976 265.943 256.841 254.472 232.842 230.978 230.086 228.374 370.849 219.597 216.462 199.202 198 196.898 293.951 298.957 192.613 188.314 277.188 185.135 184.696 176.678 281.064 175.366 294.682 230.709 193.71 165.883 165.021 154.96 193.705 214.004 154.036 152.32 151.294
threshold=2.053571462631226 0 0.69642856717109691 1 2 3 1.303571403026581 4 5 5.5000000000000009 3.928571462631226 6 7 8 83.500000000000014 2.5000000000000004 1.5000000000000002 2.5000000000000004 9 10 11.500000000000002 0.87500000000000011 11 62.500000000000007 12 13 600.50000000000011 14 0.85811600089073192 15 2.7857142686843877 -1.5376359224319456 1.5000000000000002 7.8796327114105233 7.1517856121063241 16 229.50000000000003 17 2.5000000000000004 18 181.50000000000003 5.1949999332427987 695.50000000000011 19 -1.0000000180025095e-35 5.419642686843873 20 2.2480510473251347 21 6.5000000000000009 51.500000000000007 22 64.500000000000014 23 24 25 26 8.5000000000000018 0.55357143282890331 27 28 29 97.500000000000014
decision_type=2 9 2 9 9 9 2 9 9 2 2 9 9 9 2 2 2 2 9 9 2 2 9 2 9 9 2 9 2 9 2 2 2 2 2 9 2 9 2 9 2 2 2 9 2 2 9 2 9 2 2 9 2 9 9 9 9 2 2 9 9 9 2
left_child=2 7 3 23 19 21 11 17 -3 13 15 -6 14 -7 31 29 -9 40 -17 47 25 -5 -8 26 -13 -12 61 -19 48 -10 -18 -11 55 51 -27 36 -25 -33 -26 -15 -2 42 43 -16 -29 46 -22 -4 -28 50 -46 -14 54 -54 -53 -24 -32 58 -21 -60 -34 -1 -45
right_child=1 8 4 5 6 9 22 16 10 12 20 24 33 39 41 18 30 27 -20 57 45 -23 32 35 38 34 28 44 -30 -31 56 37 60 -35 -36 -37 -38 -39 -40 -41 -42 -43 -44 62 49 -47 -48 -49 -50 -51 -52 52 53 -55 -56 -57 -58 -59 59 -61 -62 -63 -64
leaf_value=0.03376543450988382 0.082595352363321689 -0.0071478259544582312 0.070116706785137525 -0.036137215057361415 -0.0054302995702734981 -0.003348637972643858 -0.016628172908577286 0.051788472859388791 0.028918992306308053 0.046780066809641301 0.0080546247405748096 -0.026518809793256701 -0.043571476060463424 -0.017765591734585116 -0.024148350609880898 0.018962846311776426 0.018663851329951697 0.0093496875593928313 0.0065236231280008522 0.0057879788561023583 0.082988211352599331 -0.047519055239405833 0.017143950218972595 -0.038628557414950977 -0.010137285397777048 0.024837617313882118 -0.043435154478309562 0.082990645048030776 0.011941947632432257 0.014663197091567607 0.0031577659155530486 -0.044980929959534073 0.00036597633561887759 -0.010512482473594761 0.048401160030490858 0.028182489001692623 0.09103456233468521 -0.021708243064112766 -0.017491088741729232 -0.026938789087567902 0.056825367790220065 -0.055516827954016516 -0.01128422289969932 0.016259493049293292 0.044295307770333636 0.095156899072207785 0.024083947026794644 0.024612997921058449 -0.013916475924025446 0.055714501169167145 0.083515195424251357 -0.049309282321267252 -0.03850708909500928 -0.016264435303928935 -0.033753328469083535 -0.0001600117317951664 0.037342428304601147 -0.014833102686472366 0.071177092565157057 0.0169073494148708 -0.0068437303073137059 -0.00011535112143588839 0.072732847439815215
leaf_weight=483.7889541387558 799.23681259155273 3792.8772541284561 300.21639001369476 13479.026044607162 13941.914126992226 3110.2300900220871 4587.1734424829483 4655.0300070047379 6495.407142162323 106.6913560628891 2457.8433138132095 7240.2351081371307 9501.3617169857025 8055.1139175891876 180.05983650684357 9137.0530787706375 2163.6465358734131 499.90663838386536 20461.685123324394 11593.570110559464 294.83418464660645 13475.173470377922 2361.4000772237778 315.36276936531067 14169.817560076714 10949.827211141586 782.50029563903809 389.99370813369751 721.88874578475952 6761.3897652626038 373.11763274669647 1764.2900007963181 12352.992783904076 778.5821767449379 1144.290410399437 1300.972900390625 66.728628993034363 2561.4592172503471 34065.356296479702 24422.51642370224 11156.515132427216 143.34556198120117 1039.6134597659111 191.95006883144379 18134.936932325363 213.45588040351868 667.85784816741943 875.10697448253632 1708.7832510471344 5196.15056681633 468.65069007873535 3506.400441467762 1912.085352241993 3119.2199614048004 5415.188296854496 3338.6254926919937 20678.870939254761 772.65930998325348 198.27026867866516 1661.8401223421097 18513.689710617065 1019.9802727103233 310.54727733135223
leaf_count=301 145 2564 129 14044 10304 2430 3604 1239 3027 44 1292 6515 10428 6991 156 4523 888 140 11732 7007 65 15430 1477 264 11355 4823 743 87 483 3508 128 1810 8189 706 310 687 32 2355 28330 22891 2246 160 836 140 4529 48 268 413 1414 1134 97 3901 1976 2922 5641 2229 6349 530 97 988 13387 757 178
internal_value=-0.000280672 0.0307408 -0.0177412 -0.0299069 -0.00813469 -0.031935 -0.0105451 0.0453203 0.0156515 -0.0279028 0.0171285 -0.0145139 -0.0338431 -0.0228144 -0.0204838 0.0138705 0.0378488 0.0509908 0.0103722 0.00917088 0.0260165 -0.041812 -0.0038531 -0.000362064 -0.0167928 0.0238618 -0.00703153 0.0473514 -0.0154751 0.0216811 0.0350698 -0.0294734 -0.00224531 -0.0372911 0.0270451 0.0183269 -0.0155591 -0.0313552 -0.0153276 -0.0246699 0.0585488 0.000765887 0.00545355 0.030945 0.048113 0.0526719 0.0432428 0.0359354 -0.0234197 0.0475613 0.0452838 -0.0381959 -0.0344791 -0.0248269 -0.0399608 0.00703862 0.0367558 0.00693578 0.00819124 0.023169 -0.00396048 0.01101 0.0501698
internal_weight=352338 126893 225446 99472.9 125973 93072.9 110571 64516.1 62376.5 66118.7 58583.6 69417.3 30530.8 35587.9 6297.96 42855.5 27870.7 36645.4 29598.7 15401.7 15728.1 26954.2 41153.9 6400.01 55475.4 14552 4716.94 24689.6 3213.17 13256.8 23215.6 4432.44 36566.7 24232.8 12094.1 1683.06 382.091 4325.75 48235.2 32477.6 11955.8 1865.52 1722.17 682.557 24189.7 1176.15 962.692 1175.32 2491.28 23799.7 18603.6 23454.3 13952.9 5031.31 8921.59 5700.03 21052 14226.3 13453.7 1860.11 30866.7 1503.77 502.497
internal_count=241416 49142 192274 97720 94554 93039 85390 16982 32160 63565 29596 56504 31253 32312 5679 22790 8604 8378 16255 9164 6806 29474 28886 4681 46200 6425 3698 5987 2640 6535 7365 4209 25282 25574 5133 983 296 4165 39685 29882 2391 1470 1310 474 5847 381 333 542 2157 5760 4626 24868 14440 4898 9542 3706 6477 8622 8092 1085 21576 1058 318
cat_boundaries=0 6 13 19 25 30 36 43 50 57 63 69 76 83 90 91 98 101 105 111 115 120 127 134 139 145 152 153 157 164 171
cat_threshold=1074462728 4608 1638400 18434 3221225472 65 1078476800 1093670976 131074 73728 3229876290 1144652293 32 34210824 16783680 2154823938 2123808 2176860416 1074921988 2282881346 8568833 1745102928 135790985 335675392 134217730 1073807368 512 524288 2 1073741824 876888065 1073741962 285212693 537166356 524294 27337760 537151520 135660684 163984 268435472 1073741836 2768306496 67 75501620 134218756 85001985 2952790576 2097152 8718664 1 639893504 671089804 106987784 302301296 557056 2415919360 1 2098176 16785664 2097282 0 8388928 768 655368 16781568 1048576 2048 0 512 268468865 2147483696 33620008 687866884 1073749636 536954961 128 83886080 48775187 1216417796 1074921728 135462962 37748864 4 2064 136314880 71435008 271065184 20971520 67244032 96 178262274 33555456 153095236 0 64 4194624 2215117572 33 1073741824 0 131072 67108880 134218752 16777728 48 4772 67108898 16859812 16777728 2112652 8719424 0 0 256 268435472 0 2097152 0 0 8388608 0 2097152 2 65536 8388608 4 32 16818176 2953322496 278970400 83918852 33625108 33559600 14 304088192 0 4198400 1073758272 557056 537135617 4194306 33554568 33948672 640 268443648 67133456 1075093504 83902468 2449539272 2621506 84411400 37 202117130 33554432 0 0 2097184 3221235744 1211237378 67108865 2416509120 524354 528672 38 4194304 17825792 0 0 3221225474 655364 32
is_linear=0
shrinkage=0.05


Tree=12
num_leaves=64
num_cat=24
split_feature=6 6 14 14 14 14 6 14 8 6 14 14 14 34 14 33 19 14 11 19 22 14 14 14 14 7 14 14 21 14 33 19 19 21 10 13 8 19 19 19 13 14 5 14 19 19 14 19 14 21 31 30 14 13 5 10 33 21 14 21 14 9 30
split_gain=69391.1 10052.5 9631.99 2390.65 1945.89 1425.04 1193.81 1088.42 823.835 789.316 575.95 490.426 474.721 455.131 451.646 433.419 426.273 413.696 345.806 343.791 341.515 328.526 325.489 301.586 276.63 272.605 399.867 268.15 244.105 243.574 242.129 234.179 225.8 216.165 214.776 263.426 304.431 214.336 211.391 209.953 197.628 191.907 188.914 180.477 180.317 179.876 179.195 177.52 172.603 163.627 160.509 157.004 156.22 154.767 145.98 140.197 139.654 137.066 152.183 183.066 136.049 135.445 135.004
threshold=2.053571462631226 0.69642856717109691 0 1 2 3 1.2678571343421938 4 1.0000000180025095e-35 3.4464285373687749 5 6 7 7.8796327114105233 8 0.94723427295684826 2.5000000000000004 9 0.91071426868438732 1.5000000000000002 11.500000000000002 10 11 12 13 0.026785715483129028 14 15 35.500000000000007 16 0.89411887526512157 6.5000000000000009 1.5000000000000002 49.500000000000007 2.6595918711791461e-07 319.50000000000006 0.92546257376670849 1.5000000000000002 1.5000000000000002 2.5000000000000004 266.50000000000006 17 2.6428570747375493 18 6.5000000000000009 2.5000000000000004 19 2.5000000000000004 20 49.500000000000007 0.99000000953674328 7.5000000000000009 21 453.50000000000006 7.9285714626312265 4.0260314941406259 0.89411887526512157 32.500000000000007 22 50.500000000000007 23 4.9132688045501718 2.5000000000000004
decision_type=2 2 9 9 9 9 2 9 2 2 9 9 9 2 9 2 2 9 2 2 2 9 9 9 9 2 9 9 2 9 2 2 2 2 2 2 2 2 2 2 2 9 2 9 2 2 9 2 9 2 2 2 9 2 2 2 2 2 9 2 9 2 2
left_child=1 3 7 34 23 18 11 16 13 10 38 30 -10 15 28 24 57 -8 -5 -9 32 -17 -13 40 53 27 -27 -23 -11 -22 -6 42 54 39 52 -36 46 -19 -4 -12 51 -14 -21 56 -18 -24 -37 -25 -15 -42 -34 -3 -1 -7 -16 -31 -39 -2 -59 -60 -38 -57 -44
right_child=2 4 9 5 6 8 17 19 12 14 33 22 41 48 20 21 44 37 -20 31 29 25 45 47 -26 26 -28 -29 -30 55 -32 -33 50 -35 35 36 60 43 -40 -41 49 -43 62 -45 -46 -47 -48 -49 -50 -51 -52 -53 -54 -55 -56 61 -58 58 59 -61 -62 -63 -64
leaf_value=0.030447268456098259 0.059069341962081467 0.087061247898249788 0.026291886143869993 -0.036380256262718194 0.069209760350650421 0.055347518466850425 -0.017149285944351882 0.046969638903473894 -0.0065681757937158794 0.014635503171169873 0.011036318430685733 -0.026857485824761985 -0.028313467809069449 0.020925912160331878 0.033717961230402903 -0.044789947770237003 0.041710191665458078 0.0066442957820962243 -0.04803983464328352 0.013200856359504029 0.013985802508549812 -0.035420186420578918 -0.010130013837248089 0.015377251288531207 -0.02400103793334192 -0.049077173529900972 -0.028245641818509394 -0.016375493691156939 -0.014682874238052666 0.045805491729981787 -0.0060154249267521855 0.042776819636438715 0.032634344541818038 0.028328320534855674 0.023712295177042361 -0.025909875150916944 -0.0022748510244531995 0.072609322500217024 0.01374854204533537 -0.0013763705395697563 0.013286668941340903 -0.020508236817176919 0.023519431844494759 -0.0066225847500508764 0.051788058626874127 -0.016926227984179667 -0.0036259691190729097 0.0023997521744883689 -0.020357967896357621 0.056550073203977126 0.018878616950976018 0.024585236032014703 0.00035557630813753808 -0.0078563678992792183 0.071079175305126058 0.10884505847859015 0.00047580751790345734 0.059128976350826062 0.03489288390430495 0.074341055043332535 0.035816420831409866 0.054758893349622875 0.033764176649664995
leaf_weight=783.66957092285156 8113.4504328966141 217.01836466789246 3977.8748943805695 15177.88767772913 107.80288994312286 236.60980081558228 5066.1992448568344 4748.9042521715164 4199.9437174797058 2789.4570649862289 4931.5159630775452 6538.428454875946 16457.984421730042 472.81967681646347 2178.5225268602371 8209.3191251158714 19899.724238395691 6086.8335659503937 10948.579136371613 1559.8866271972656 355.4286824464798 3528.5689165592194 13815.165298521519 3792.8523247241974 618.83006852865219 4447.7118093371391 5053.2117245793343 4018.1246122121811 952.25732910633087 488.19646525382996 12374.190788567066 4307.3945919275284 2673.4319493770599 850.69090437889099 648.62143957614899 2176.137569129467 518.90047979354858 67.328231811523438 21590.55941426754 11017.02558195591 1539.7018971443176 15826.679174304008 4210.0352795124054 19723.708483695984 5715.7744022607803 32978.25401699543 1558.6866709589958 8632.9154171943665 522.11397266387939 254.62950670719147 10260.64169716835 187.51791191101074 955.57127034664154 163.8992292881012 297.14147293567657 253.65969181060791 13763.058136224747 1986.0053708553314 2309.0976190567017 337.057697057724 420.98499846458435 213.56012892723083 13632.25454223156
leaf_count=428 1480 85 1858 16490 65 112 4086 1224 3365 1386 2763 6033 16081 353 851 9529 4804 3943 13079 644 146 3764 11194 2152 588 5121 5210 3767 530 156 9261 1223 972 466 405 1932 378 38 11188 6933 800 14359 1319 14392 1198 27851 1201 5385 490 118 4555 80 662 152 82 53 9113 384 504 66 243 62 4142
internal_value=-0.000140951 -0.017109 0.0289254 -0.0291951 -0.0077464 -0.0313944 -0.0100139 0.0421398 -0.0273494 0.0148628 0.0109704 -0.0142978 -0.0224397 -0.0339278 0.0229292 -0.0351847 0.0476651 -0.00370982 -0.0412507 0.0346775 0.026439 -0.0364748 -0.0163853 0.00939008 -0.00321953 -0.0324251 -0.0380794 -0.0253491 0.00715473 0.050955 -0.00536089 0.0322299 0.0243704 0.00376962 -0.00115979 -0.00614534 -0.0102885 -0.00198736 0.015694 0.00246185 0.0264282 -0.0244948 0.0298882 -0.00355378 0.0439591 -0.0149166 -0.0166894 0.00635599 -0.0007329 0.0194289 0.0217221 0.0581145 0.0140924 0.0287691 0.0382049 0.0638901 0.000826888 0.0551502 0.0482846 0.03977 0.0151455 0.08414 0.031347
internal_weight=351740 222090 129650 96944.9 125146 89882.3 110521 66819.6 63755.8 62830 42367.7 65813.8 36484.6 27271.2 20462.3 26276.3 38361.1 44707.1 26126.5 28458.5 16720.6 25256.9 53331.8 14624.6 1019.34 17047.6 9500.92 7546.69 3741.71 1310.84 12482 23709.6 15409.7 16799.2 7062.57 5323.33 4674.71 39640.9 25568.4 15948.5 2198.87 32284.7 19402.2 33554.1 25615.5 46793.4 3734.82 12425.8 994.934 1794.33 12934.1 404.536 1739.24 400.509 2475.66 955.416 13830.4 12745.6 4632.16 2646.16 939.885 467.22 17842.3
internal_count=241294 192305 48989 97709 94596 92460 85976 16988 62891 32001 23208 54404 33805 29086 8793 28243 8436 31572 29569 8552 6877 27391 45078 8620 852 17862 10331 7531 1916 417 9326 7328 6460 10162 5249 4159 3754 27486 13046 9696 1083 30440 6105 23543 6002 39045 3133 7537 843 918 5527 165 1090 264 933 271 9151 2434 954 570 621 115 5461
cat_boundaries=0 6 13 19 25 30 37 44 50 57 64 71 78 84 90 96 102 109 116 123 130 137 143 147 154
cat_threshold=1074462728 4608 1638400 18434 3221225472 65 1074282528 1093672004 196610 8192 3229876290 1077543429 32 34210824 16783680 2150629634 2648096 2168471808 1091699204 2282881346 8519681 1745102928 135790985 336723972 134217730 1073807368 512 524288 2 1073741824 35660800 19016964 2097154 2149589056 29360448 605688576 64 541083680 135397516 163856 268435472 1149501452 612434176 99 644087808 671121544 123748648 302317680 557056 2147747840 67117072 1036 71303682 2149580816 4194308 1141051392 64 2415919745 2147549232 50401288 553649664 2102912 536954961 128 33792 2986909704 312524800 83886084 33625616 33559584 14 85991424 46678032 1753288704 1079116033 135462992 33554561 4 34210824 16781568 1048578 0 0 512 33792 134217736 33554432 536870928 0 64 621029905 138428418 4776 302416944 32896 2415927296 304357520 4210688 22024192 1073774672 557056 2952790208 2098176 16777472 2097152 0 0 0 32 268470288 2181644304 4096 1078067204 134283312 574640360 140 1073752112 1211237378 71303169 2147549376 8912970 67633440 34 0 2098244 65538 8192 8388674 516 32 536870928 536870912 16777728 16810016 0 4096 4 0 2100224 2 0 8388608 512 1073807360 0 0 2 16416 1048580 2 8192 8388610 1076494337 32
is_linear=0
shrinkage=0.05


Tree=13
num_leaves=64
num_cat=27
split_feature=6 7 6 14 14 14 14 14 6 12 14 21 21 14 14 14 33 14 14 20 20 14 7 14 12 14 12 14 12 11 0 14 12 19 33 14 12 14 14 5 21 33 25 3 19 14 33 19 19 6 6 14 14 33 31 21 21 21 14 14 14 14 33
split_gain=62043 8940.64 8533.37 2206.69 1540.15 1445.09 1375.32 1199.53 1035.01 701.541 533.661 445.909 613.017 523.402 442.748 411.725 688.554 406.79 398.44 393.346 620.701 344.178 313.299 302.25 301.426 676.775 297.38 284.102 263.346 290 258.178 254.201 263.528 244.197 236.559 231.166 229.063 227.62 223.092 219.514 212.517 204.699 201.806 192.599 190.83 188.954 184.879 181.975 169.562 169.195 167.059 166.361 165.197 164.37 163.61 274.764 185.723 201.509 197.963 194.363 171.556 162.772 162.569
threshold=1.9464285969734194 4.6339285373687753 0.66071426868438732 0 1 2 3 4 1.1250000000000002 7.5000000000000009 5 32.500000000000007 49.500000000000007 6 7 8 0.89411887526512157 9 10 24.500000000000004 20.500000000000004 11 0.20535714179277423 12 64.500000000000014 13 63.500000000000007 14 8.5000000000000018 0.55357143282890331 4.5000000000000009 15 22.500000000000004 2.5000000000000004 0.97187143564224254 16 72.500000000000014 17 18 1.0000000180025095e-35 49.500000000000007 0.99994486570358287 19 19.500000000000004 2.5000000000000004 20 1.0966363549232485 1.5000000000000002 2.5000000000000004 11.267857074737551 3.9464285373687749 21 22 0.93669331073760997 1.950000047683716 49.500000000000007 34.500000000000007 5.5000000000000009 23 24 25 26 0.99822092056274425
decision_type=2 2 2 9 9 9 9 9 2 2 9 2 2 9 9 9 2 9 9 2 2 9 2 9 2 9 2 9 2 2 2 9 2 2 2 9 2 9 9 2 2 2 9 2 2 9 2 2 2 2 2 9 9 2 2 2 2 2 9 9 9 9 2
left_child=2 5 3 26 28 21 22 30 15 14 34 18 13 -13 -8 16 -6 -10 -9 20 -14 42 -5 48 35 53 31 -17 29 41 50 -1 -33 38 -11 -12 45 -35 -19 -23 -25 -4 -2 62 -29 -36 -38 -41 -7 -15 -3 -16 -30 -26 56 -56 57 58 -44 -59 -57 -28 -20
right_child=1 7 4 6 8 23 9 11 17 10 24 12 19 49 51 27 -18 33 43 -21 -22 39 -24 40 25 -27 61 44 52 -31 -32 32 -34 37 36 -37 46 -39 -40 47 -42 -43 54 -45 -46 -47 -48 -49 -50 -51 -52 -53 -54 -55 55 60 -58 59 -60 -61 -62 -63 -64
leaf_value=0.027662111438713246 -0.014719315951063034 -0.011406952731449774 0.046694505391793262 -0.046573000399544928 0.13000807203202186 0.017077062855011035 -0.0053828554821728075 0.039493044203590122 -0.018687745947776592 0.071249216909069144 -0.049570869297974246 0.017863227645554022 0.047976668808627221 0.033652946645510447 -0.027868205230160082 -0.02697296555705711 -0.0065557867151413403 0.0092081716618077659 0.06402513230100132 0.023090354831575653 0.10046574597999849 -0.030536980176175489 -0.035014209095669289 -0.00038113364814708968 -0.010205480928832569 -0.017897918346189624 0.040711557921189523 -0.010330055981129085 -0.038927594166478098 0.025485498030591261 0.030005374618920069 0.00010334302165496538 -0.02656626764927918 -0.014087140897181511 -0.047940031163651975 -0.035058898629183211 -0.0093184856483479028 -0.0043247279109311747 -0.0035104272594480576 0.027945829589782662 0.024485466051310925 0.0045928619620090889 -0.01723275098281209 0.06316983767282483 -0.017821166567074411 -0.019932358934691835 0.052541293696936199 0.015022108741175764 0.0071802727849956992 0.046255512313367858 0.018027337538283873 -0.020276375693619023 0.0026268280687262685 -0.046377472801415992 0.018003585095806768 0.074315055347214068 0.022246642301909123 0.084883864255851343 0.033420278558298398 0.040616688153175894 0.025143385659845544 0.0075292334058611396 0.046568911881440231
leaf_weight=450.37129819393158 285.03849506378174 546.3284512758255 298.00799107551575 12835.651566922665 93.262508034706116 6323.3509157896042 3545.7265553474426 17922.946826100349 5376.7474838495255 72.787920832633972 5428.576886177063 4814.8786202669144 1793.0350580215454 9060.0347208976746 15049.167102217674 6398.3529527783394 8119.243425488472 5429.2877795696259 1470.4263100624084 736.13557505607605 821.37627816200256 245.00382888317108 10795.028076291084 14909.644510507584 337.78308480978012 5425.6468887925148 492.38795793056488 12071.230030655861 452.3493812084198 2368.284126996994 6493.680962562561 2081.886074244976 1668.585489988327 7715.3821989297867 823.44127678871155 6254.4853653311729 1546.6199349164963 26454.111817121506 9407.9272060394287 3235.1710803508759 911.65667247772217 9157.2236751317978 275.55466306209564 2479.5181138515472 28752.305108368397 2426.8057505488396 130.91641867160797 17236.21154665947 13715.468685865402 3773.7052853107452 4094.0194364786148 14613.783833801746 500.44844555854797 4484.525759100914 5568.9987099170685 367.2036566734314 2558.3941518068314 281.99566256999969 607.51651537418365 3262.1180952787399 404.38352131843567 1457.0730032920837 14428.801073551178
leaf_count=252 125 254 136 15837 43 3122 2889 4111 4522 23 6602 1370 380 2311 15122 6108 6161 3515 269 167 132 142 12070 9260 290 5440 217 10062 344 1276 2010 1551 1564 6132 940 7086 1307 18916 6660 1400 488 5522 112 438 25073 2343 74 8413 7679 776 1482 13638 303 5367 2431 78 997 80 213 1218 149 904 3090
internal_value=-0.000238757 0.0257841 -0.0172133 -0.0289121 -0.00863247 0.0132456 -0.0310325 0.0386438 -0.0105435 -0.0270016 -0.0330028 0.0415656 0.0357731 0.0320504 -0.0221428 -0.0153523 -0.0049973 -0.00564367 0.0449277 0.05538 0.0644705 0.0205771 -0.0412754 0.00621991 -0.0363679 -0.030125 2.04171e-05 -0.0171484 0.00779553 0.00983944 0.0235479 -0.00746927 -0.0117311 -0.00420784 -0.0181352 -0.0418747 -0.0194937 -0.00653448 0.00114748 0.0164936 0.00105121 0.00592029 0.0267755 0.0501786 -0.0156023 -0.0272381 -0.00448805 0.0170646 0.0102982 0.0373299 0.0145617 -0.0241362 -0.0174845 -0.0437533 0.0276735 0.0218785 0.0329728 0.0391705 0.0177976 0.0444953 0.04984 0.0161594 0.0481837
internal_weight=351138 138623 212515 89921.3 122594 70187.7 83770.9 68434.9 109818 60140.3 26931.6 57300.9 20999.2 17648.6 33208.7 55434.4 8212.51 54383.5 36301.7 3350.55 2614.41 34327.6 23630.7 35860.1 21931 10248 6150.3 47221.9 12776.3 11823.5 11134 4200.84 3750.47 49006.7 5000.57 11683.1 4927.78 34169.5 14837.2 20716.4 15821.3 9455.23 13611.2 18378.7 40823.5 3250.25 1677.54 20471.4 20038.8 12833.7 4640.35 29663 952.798 4822.31 13326.2 6340.59 6985.58 4427.18 883.071 3544.11 771.587 1949.46 15899.2
internal_count=240986 52697 188289 93516 94773 35907 89028 16790 87192 61121 29472 13044 5136 4457 31649 47447 6204 39745 7908 679 512 15358 27907 20549 24785 11097 4488 41243 7581 6934 3746 3367 3115 35223 4687 13688 4664 25048 10175 9955 9748 5658 5403 3797 35135 3283 1381 9813 10801 3087 1736 28760 647 5657 5278 2658 2620 1623 325 1298 227 1121 3359
cat_boundaries=0 7 14 20 26 32 39 43 50 57 64 70 75 82 89 96 102 109 116 123 124 128 135 142 147 152 154 160
cat_threshold=1078476832 19930176 1048578 73728 3229876290 1142817285 32 34210824 16783680 2152726786 2648096 2172666112 1074921988 32 33760264 19143492 3211266 6309888 3229614400 525120 2282881346 163841 1753491472 135790985 336723968 134217762 33555456 18876672 1048578 16400 2155872576 1049088 75501588 1073807396 198405 2957000752 136314888 2165000 1 524296 1536 65536 2048 637800448 1744830604 90308872 33833584 561152 2415921152 1 1614809120 135660684 131088 268435600 1078198284 629145920 67 285213313 2424307760 69704 1157760000 1073755792 33572944 128 196608 5632 0 0 1073741824 65 33760264 18875136 1114112 18432 3221225472 2627584 135274496 67108992 2164334656 20987904 605167621 96 304120832 2961711104 274776128 1073741892 34181124 33559552 10 83886592 42483731 1753288708 1073873153 135462960 167772161 12 1074266112 17829888 0 0 3221225472 131072 553921025 276832266 33554632 117867520 5780 268435456 4 8425476 541163648 33572352 709886472 35686436 2415931393 4 28672 204767236 102760452 2449539152 4718626 2508718080 64 205525514 67108880 0 512 48 268470288 2450079760 4160 1346502660 134283312 541085848 2 0 2048 4194562 8224 0 516 32 131072 0 1048576 0 2147483648 0 0 0 0 2147483648 0 2097664 0 2048 2 0 8388608 512
is_linear=0
shrinkage=0.05


Tree=14
num_leaves=64
num_cat=26
split_feature=6 6 14 14 14 14 6 12 7 6 12 14 34 14 14 14 22 14 14 33 14 19 6 14 20 14 12 10 13 14 19 12 6 19 13 14 14 14 21 14 14 13 11 19 12 11 33 21 19 12 33 14 14 13 13 31 14 14 9 14 22 14 14
split_gain=55140.4 8526.8 7500.35 2236.89 1579.18 1369.22 1055.3 769.856 729.242 712.334 542.85 1048.75 516.291 467.073 438.205 413.765 403.83 402.334 382.155 376.788 347.89 330.515 329.6 300.263 294.437 287.526 280.289 288.578 289.862 279.542 272.888 266.99 263.256 248.303 238.208 294.655 288.546 231.381 217.87 262.949 254.819 210.904 210.911 206.132 203.083 251.114 200.817 192.788 187.073 183.534 185.192 243.567 181.718 180.723 178.62 188.658 174.007 173.823 166.017 165.585 164.646 222.626 163.466
threshold=1.9821428656578066 0.66071426868438732 0 1 2 3 1.2678571343421938 8.5000000000000018 7.1517856121063241 2.803571462631226 65.500000000000014 4 -11.164939880371092 5 6 7 11.500000000000002 8 9 0.89411887526512157 10 2.5000000000000004 0.16071429103612903 11 24.500000000000004 12 237.50000000000003 2.6595918711791461e-07 319.50000000000006 13 2.5000000000000004 22.500000000000004 6.0178570747375497 6.5000000000000009 365.50000000000006 14 15 16 32.500000000000007 17 18 231.50000000000003 0.053571430966258056 2.5000000000000004 8.5000000000000018 0.55357143282890331 0.99994486570358287 32.500000000000007 5.5000000000000009 97.500000000000014 1.0966363549232485 19 20 277.50000000000006 729.50000000000011 2.7300000190734868 21 22 3.7231400012969975 23 11.500000000000002 24 25
decision_type=2 2 9 9 9 9 2 2 2 2 2 9 2 9 9 9 2 9 9 2 9 2 2 9 2 9 2 2 2 9 2 2 2 2 2 9 9 9 2 9 9 2 2 2 2 2 2 2 2 2 2 9 9 2 2 2 9 9 2 9 2 9 9
left_child=1 3 8 26 19 22 13 17 12 18 15 -12 -2 60 -11 -9 30 -7 -4 -3 -8 56 -5 -18 -25 49 27 -1 -29 -15 32 52 -16 -32 35 53 -36 -21 39 48 -40 42 -37 -31 45 -39 -27 58 -23 50 51 -13 -30 -14 55 -51 -10 -22 -38 -19 -6 -62 -17
right_child=2 4 9 5 6 7 20 10 21 14 11 25 34 29 16 62 23 59 -20 37 57 38 -24 24 -26 46 -28 28 31 43 33 -33 -34 -35 36 41 47 44 40 -41 -42 -43 -44 -45 -46 -47 -48 -49 -50 54 -52 -53 -54 -55 -56 -57 -58 -59 -60 -61 61 -63 -64
leaf_value=0.016700002968902065 0.092166069009568322 0.080618797352099522 0.012118993337168961 -0.047107879071363705 -0.0072470775455355354 -0.0042625632102615552 -0.015927868189278636 -0.02004329228062128 0.05129872477493691 0.0022746436451619133 -0.04359241643250749 -0.043660685570116771 0.019787248390972623 -0.026207552044703899 0.021675938666410207 -0.050135729902912873 0.012578658901071417 -0.027890921586141312 0.00099951648839782694 0.043109221132786694 0.0029142253826382448 0.039585530117521098 -0.035131658778633529 0.063297853890632541 0.012788325280324978 0.011794120133018079 0.10155097448834156 0.021237350038798019 0.027306392319168135 -0.0094723626445481907 0.01146001379150987 -0.027681456440120312 0.048692475895617086 0.024901677750176252 0.010956413324444997 0.043345915337668663 0.024776257255640657 0.0046200426466744141 0.016054166338037783 0.033452452196695195 0.034791596019530927 0.035556189536299389 0.086519036037664518 -0.01656231387274347 -0.016862787340543136 0.023979392515469943 -0.02650949095069732 0.020669763415566429 0.053401496650193218 -0.01420911623126378 0.036662206966348712 -0.0051970023163779066 -0.0085110825771595386 0.044666559387129878 -0.0015953635743308347 0.059709590721633878 0.039999534329397533 -0.0043403555843662782 0.037592213991472098 -0.020084860627599978 0.036264410198446721 -0.0037242646252282209 -0.037674877827572922
leaf_weight=1724.9568800926208 317.30114579200745 178.21460103988647 16118.206967234612 10908.104676365852 11817.437993228436 3166.6830226182938 5024.7765856981277 2338.2612583637238 7229.758367061615 4417.4383872747421 4655.0673879981041 544.23816412687302 2321.4079666137695 5688.7511787414551 8431.5321252346039 5286.0998532772064 767.76170754432678 11265.102688133717 14851.347178220749 429.99738299846649 12384.464324474335 5784.7885499000549 12142.274444043636 1230.4465296268463 376.9751341342926 379.47704309225082 67.608420014381409 744.72368037700653 436.74223005771637 14535.030038118362 16255.757370352745 1692.9411142468452 1009.6737905740738 4356.5282660722733 2996.72267973423 525.78315877914429 4429.1462376117706 9778.4706050157547 2346.1519923210144 9294.1365437507629 9035.1324272155762 1054.2751947641373 613.2284038066864 34793.141229808331 887.55290126800537 2021.2276669740677 3477.1623023152351 5759.5965751409531 4253.4419136047363 119.85122728347778 188.14571964740753 1634.9568955898285 1696.8415732383728 1064.8377280235291 737.29605048894882 308.11556786298752 7697.8518159389496 24737.44350373745 5886.8170785903931 18238.593890011311 523.27713227272034 1002.3749873638153 6282.694863140583
leaf_count=1037 62 77 8663 14118 9017 2555 4089 2406 1211 2480 5733 553 729 5530 3527 6652 322 11619 9094 166 8109 1206 14000 358 128 332 29 471 241 12076 7508 1549 292 1876 1090 136 1343 5940 647 2085 2095 324 143 30455 619 1074 3729 1809 796 105 118 1476 1369 280 598 188 1480 17798 1537 17583 367 746 7429
internal_value=-0.000280376 -0.016317 0.0242611 -0.0282129 -0.00785787 -0.0304357 -0.00981615 -0.0263614 0.0356663 0.0123787 -0.0327949 -0.0250239 0.0288012 -0.0136536 0.0170786 -0.0395248 0.0190886 -0.0212589 0.00679094 0.00841957 -0.00359428 0.0394298 -0.0407816 0.0389417 0.0511357 -0.0132487 0.000362458 -0.00072512 -0.0073007 -0.0156885 0.0175257 -0.0128552 0.0245657 0.0143011 0.0279853 0.0370728 0.0253266 0.00744446 0.0364631 0.0396945 0.0309739 0.0514431 0.0665953 -0.0144703 0.00619651 0.00793637 -0.0226816 0.0279811 0.0453949 -0.0029153 -0.0109192 -0.0150288 -0.00109026 0.0275306 0.01332 0.0390103 0.0455334 -0.00191998 0.03209 -0.0230739 -0.00524749 0.010206 -0.0434073
internal_weight=350264 211838 138426 88035.9 123802 81672.1 110507 58621.7 70610.4 67815.7 25951.4 12044.3 24969.1 68360 36846.1 13907.1 32428.7 32670.4 30969.6 13295.5 42146.7 45641.3 23050.4 2375.18 1607.42 7389.24 6363.81 6296.21 4571.25 55016.9 30053.5 3826.52 9441.21 20612.3 24651.8 5579.53 19072.3 13117.2 30713.7 19332.4 11381.3 2193.29 1139.01 49328.2 12687.3 11799.7 3856.64 16075.6 10038.2 3532.6 2367.34 2179.2 2133.58 3386.25 1165.26 427.967 14927.6 37121.9 10316 29503.7 13343.1 1525.65 11568.8
internal_count=241174 189953 51221 93890 96063 89194 88187 61076 16973 34248 29319 12832 7453 58191 16491 16487 14011 31757 17757 7876 29996 9520 28118 808 486 7099 4696 4667 3630 48061 13203 3159 3819 9384 7391 1612 5779 7799 6829 4087 2742 603 279 42531 7633 7014 4061 4689 2002 3038 2147 2029 1610 1009 891 293 2691 25907 2880 29202 10130 1113 14081
cat_boundaries=0 6 13 20 27 34 41 47 53 60 66 73 79 86 93 99 105 108 112 116 120 126 130 136 142 149 156
cat_threshold=1074462728 4608 1638400 18434 3221225472 65 1074282496 1093670980 65538 73744 3229876290 1144652293 32 34210824 16783688 2148532482 2648096 2164277504 1091699204 32 2282881346 655361 1755588624 134742409 336723968 134217730 2 304120832 2961235968 272678976 1074790468 34148356 33559584 8 541067296 135660676 164016 268697744 1086324748 612433984 3 341846064 135266312 2235695873 271057008 4210698 77824 48271396 134250496 5407745 2688565824 134219816 8456448 641994784 671122568 88211720 302268512 557056 2416182272 1 2102288 154283076 69238914 2149588992 20971776 604635904 276857473 2147483696 33620488 536871940 1076139680 75857 128 1024 16779268 2097152 8192 0 655616 83888657 1026 16778120 2416215072 10368 536879104 129 220200960 46678033 1744900100 131329 135463024 33554560 4 720896 4096 1114112 0 2147483648 64 1074266120 0 0 16384 0 1 524296 4352 1048576 1074266120 0 524288 2050 524296 512 65536 2048 16 1024 16777728 32800 1074266112 19925056 0 0 64 131584 1073807368 4096 0 2 2147491888 1074824194 73400321 2147549376 4718658 67113248 268437520 268517392 4160 1078067200 134217768 574623896 4196352 1024 32 268697600 8 65536 1 621021712 8389634 648 387351552 5780 268435488 4
is_linear=0
shrinkage=0.05


Tree=15
num_leaves=64
num_cat=27
split_feature=6 6 14 14 14 14 14 6 12 6 12 14 14 14 14 14 21 34 14 10 33 14 19 33 19 6 25 21 14 21 14 14 14 21 14 19 19 14 14 19 14 19 14 30 22 14 12 14 30 12 14 12 13 31 14 29 30 22 33 11 31 13 14
split_gain=49876.9 7464.96 6722.76 1854.15 1317 1272.41 792.288 780.317 691.605 583.535 508.023 958.785 457.696 451.902 412.547 395.348 388.986 383.416 374.3 346.031 314.523 337.154 305.106 279.358 264.124 251.544 248.47 271.733 247.756 244.034 266.165 241.638 216.495 207.495 204.443 204.399 202.994 201.273 197.652 194.702 192.981 192.928 190.636 197.472 178.891 200.826 179.411 178.358 174.18 168.485 166.291 164.968 175.494 171.495 164.123 162.735 199.72 160.606 160.023 149.499 215.438 145.984 143.478
threshold=1.8750000000000002 0.66071426868438732 0 1 2 3 4 2.803571462631226 7.5000000000000009 9.9821429252624529 64.500000000000014 5 6 7 8 9 49.500000000000007 -11.164939880371092 10 0.45708537101745611 0.94723427295684826 11 1.5000000000000002 0.89411887526512157 2.5000000000000004 8.2678570747375506 12 50.500000000000007 13 32.500000000000007 14 15 16 49.500000000000007 17 6.5000000000000009 2.5000000000000004 18 19 1.5000000000000002 20 6.5000000000000009 21 4.5000000000000009 11.500000000000002 22 4.5000000000000009 23 6.5000000000000009 8.5000000000000018 24 97.500000000000014 729.50000000000011 2.7300000190734868 25 3.5000000000000004 6.5000000000000009 3.5000000000000004 0.95529237389564525 0.62500000000000011 1.7099999785423281 729.50000000000011 26
decision_type=2 2 9 9 9 9 9 2 2 2 2 9 9 9 9 9 2 2 9 2 2 9 2 2 2 2 9 2 9 2 9 9 9 2 9 2 2 9 9 2 9 2 9 2 2 9 2 9 2 2 9 2 2 2 9 2 2 2 2 2 2 2 9
left_child=1 3 9 37 19 28 -7 18 15 17 13 51 -9 -10 44 -6 24 -2 -4 -5 -13 -22 -19 34 25 62 -24 29 59 32 -31 -25 61 54 -16 -26 -33 -1 -35 -11 -17 57 -18 -44 46 48 -8 58 -46 -30 -41 -12 53 -53 -20 56 -29 -34 -15 60 -3 -28 -14
right_child=2 5 7 4 8 6 14 12 10 39 11 20 16 47 23 40 42 22 33 -21 21 -23 26 31 35 -27 27 55 49 30 -32 36 41 38 -36 -37 -38 -39 -40 50 -42 -43 43 -45 45 -47 -48 -49 -50 -51 -52 52 -54 -55 -56 -57 -58 -59 -60 -61 -62 -63 -64
leaf_value=0.025712955036981112 0.080020447545997284 0.051612312112762432 0.011643236502644214 -0.046766220310672686 0.0081156826978543758 -0.0031165972046445305 -0.0084355564126655808 -0.00094235005880938304 -0.050097711730454776 0.047897371018734758 -0.011148241206471038 0.001880561164415981 0.0075275374037620316 0.065480606515900486 0.065355958527807789 -0.02593251618229396 0.014680736772208448 0.038098363363356078 -0.0087286184449258553 -0.034469019342547112 -0.04822035162049404 -0.026158447286057464 -0.012874167113277962 -0.024528591869052777 0.011302965780873947 0.054495873874890077 0.047623351159363093 0.031608828908573874 0.0053968765923397659 0.0093035346412603508 0.025431392404460563 -0.0090823554216522117 0.016381326425115236 0.048990971242696385 0.00073776677816445263 0.022774654468847497 -0.01700681442990664 -0.0039418284487311205 0.0071117610844242665 0.040123614430400217 -0.017787270132350312 0.037995069036625487 0.020889322358167348 0.059576906903474038 -0.0039379133985826134 -0.0053210031540566827 -0.027796182718885405 -0.034911831858312453 0.041631577883095947 -0.018867563640726115 0.030825046009855129 -0.015180449713212842 -0.003032098199824626 0.056051261245999566 0.0027332306965568731 0.032115512749311098 0.077258084526404258 0.028140173282890608 -0.019685423956666281 0.049924369852942116 -0.0074229590309943128 0.031930745949121292 0.02401936896002357
leaf_weight=630.92904472351074 369.3097026348114 237.94483661651611 17594.53328204155 10006.68848747015 1159.0829667448997 28650.09530621767 23946.474062681198 3484.054909825325 5113.9001269340515 4697.4121413230896 2903.3841925859451 549.35237222909927 1605.057529091835 56.826680898666382 150.71942973136902 14074.17119961977 647.42305171489716 7439.3122305870056 3941.8617249727249 13361.280053973198 3596.8092386722565 3540.557977437973 385.93539774417877 7427.6479796767235 18243.135945677757 608.64018511772156 2224.8738662004471 395.87176489830017 11903.703887224197 3647.6746323108673 8879.620772600174 11505.82031416893 4882.4672592878342 415.52653658390045 524.42860704660416 4933.0322413444519 27155.666919946671 5318.8225167989731 868.82836031913757 13661.812768936157 15644.117417573929 2777.2072632312775 471.11850416660309 1100.9715421199799 344.04516661167145 1846.0580746531487 1259.4688551425934 6609.9519703388214 536.82670903205872 761.0678790807724 8176.5712435245514 116.10764122009277 806.17576068639755 309.91545343399048 14883.287522673607 1229.1855212450027 607.73395752906799 7167.5728707313538 1776.8344774842262 472.29786288738251 440.47923254966736 4443.2757040262222 8308.5980093479156
leaf_count=351 68 89 9412 13430 877 20558 18684 2023 6737 723 2609 457 705 18 96 14743 263 1641 2707 16005 4711 4012 119 7272 8234 134 456 98 7192 1231 2424 9695 1446 207 454 2065 24298 4097 501 2563 14812 685 158 288 261 1433 1093 7919 368 557 1662 103 660 180 8992 287 108 1946 1870 199 237 988 3285
internal_value=-0.000371092 -0.0164838 0.0216872 -0.0277102 -0.0297202 -0.00828419 -0.0101887 0.0114605 -0.0255609 0.0327895 -0.0316803 -0.0241045 0.0163823 -0.0382863 -0.0129005 -0.0205392 0.018058 0.0292913 0.00631998 -0.0397181 -0.0345302 -0.0373811 0.0288661 -0.015775 0.0167276 0.0232972 0.0269916 0.027412 0.00596588 0.0263105 0.0207632 -0.0162461 0.0295433 0.00165582 0.0161494 0.0137448 -0.0146447 -0.000758903 0.0211005 0.0386616 -0.0216522 0.0260967 0.0383377 0.0476819 -0.00808406 0.00407816 -0.00940306 -0.0310361 0.0235674 0.0039355 0.0366748 -0.00463151 0.0106857 0.0366389 0.000329977 0.0443172 0.0592567 0.0233759 -0.0169502 0.0280834 0.0132871 0.0371117 0.0213812
internal_weight=350830 202738 148092 85574.9 79625.2 117163 103347 77106.1 56257.2 70985.8 25379.8 11822.3 39402 13557.5 74697.2 30877.4 35918 44450 37704 23368 7686.72 7137.37 44080.7 46764.3 33698.5 10522.3 36641.4 36255.5 13815.5 34022.7 12527.3 46089.1 21495.4 20109.5 675.148 23176.2 38661.5 5949.75 1284.35 26535.8 29718.3 14827.2 2219.51 1572.09 27932.9 2726.93 25205.9 8443.61 880.872 12664.8 21838.4 4135.58 1232.2 426.023 18825.1 2232.79 1003.61 12050 1833.66 1150.72 678.424 6668.15 9913.66
internal_count=241496 186077 55419 93591 89143 92486 84212 38974 59708 16445 29276 12732 17155 16544 63654 30432 15132 11497 21819 29435 9180 8723 11429 41815 14423 4124 9788 9669 8274 9176 3655 41265 5521 12407 550 10299 33993 4448 708 4948 29555 4077 709 446 21839 2062 19777 9807 629 7749 4225 3552 943 283 11699 493 206 3392 1888 525 326 1444 3990
cat_boundaries=0 6 12 18 24 31 38 44 51 57 64 70 77 78 83 88 95 100 106 112 118 125 131 137 143 147 154 161
cat_threshold=1074462728 4608 1638400 2050 3221225472 65 1074282496 1093670976 1245186 81920 3229876290 1144914437 2282881344 688129 1745102928 1209532809 335675392 671088642 1107428360 17832256 2152726786 2646048 2176860160 1142030852 536889376 1208353804 2228241 2415919312 524616 562036992 99 83888657 1030 83886984 2449908768 10368 8396800 161 339748880 135266312 2235695872 805306416 20987918 2147561472 621021713 8389634 8389256 386302976 5780 268435488 4 7082000 2138240 83919008 33914888 1141145602 2418869248 637796352 134218884 4194568 268697712 524288 2147483648 32 102761472 154175812 69206018 2149597184 4194560 1678390028 270566402 813703168 308330496 68 33619972 33559648 10 134219778 33685512 16781568 1048576 0 2147483648 524288 512 65536 2048 2147483648 352329728 46678033 1753288704 1074921729 135462928 167776384 8 8 512 589824 2 1073741824 8192 0 0 0 4 4096 524288 16777216 0 0 2147745792 131584 0 0 4325888 32 8388608 2148532224 268470290 2449555472 0 4326400 135333936 4214968 140 2098176 16779268 2097152 8192 0 655616 4194304 2097280 32 33816576 0 2147550208 46141476 65572 6325253 2688548944 136314920 67848 589832 0 524288 2050 541344257 2 285229596 537493652 262340 2426667008 1 0 256 2097154 2149580800 0 1073741824 64
is_linear=0
shrinkage=0.05


Tree=16
num_leaves=64
num_cat=3
split_feature=6 6 7 6 31 8 6 33 7 34 33 25 0 19 0 19 19 21 20 31 12 6 12 12 19 19 12 19 10 12 31 21 31 31 10 22 19 31 33 25 10 31 10 19 34 19 31 7 33 30 30 21 21 21 21 33 19 21 31 31 21 11 25
split_gain=44626.5 6624.01 6432.25 968.838 899.73 889.64 618.183 513.961 486.554 365.749 330.145 317.952 300.455 277.667 255.64 250.734 249.6 282.353 360.3 238.551 219.302 258.899 192.678 418.809 189.929 178.643 177.703 176.909 174.814 224.518 169.008 157.451 154.116 152.807 152.411 151.094 150.132 147.972 147.586 145.336 143.242 182.411 142.965 142.248 137.231 135.001 133.246 130.041 232.043 126.689 125.141 141.57 150.031 121.094 169.384 120.855 120.544 116.295 113.087 103.129 112.987 101.811 101.788
threshold=1.803571403026581 0.66071426868438732 4.6339285373687753 1.1250000000000002 2.3300000429153447 1.0000000180025095e-35 2.5892857313156132 1.0594524145126345 6.7053573131561288 -5.6635587215423575 0.89411887526512157 0 1.5000000000000002 1.5000000000000002 1.5000000000000002 2.5000000000000004 2.5000000000000004 50.500000000000007 24.500000000000004 2.2050000429153447 67.500000000000014 0.37500000000000006 103.50000000000001 63.500000000000007 6.5000000000000009 6.5000000000000009 1.5000000000000002 1.5000000000000002 1.6513965129852297 3.5000000000000004 1.8050000071525576 5.5000000000000009 1.9650000333786013 1.1299999952316286 1.3443001508712771 11.500000000000002 1.5000000000000002 3.7099999189376835 0.99257862567901622 1 5.9143643379211435 1.9650000333786013 4.0260314941406259 6.5000000000000009 -1.0000000180025095e-35 1.5000000000000002 2.1299999952316289 0.59821429848670971 0.88502648472785961 10.500000000000002 5.5000000000000009 49.500000000000007 35.500000000000007 50.500000000000007 31.500000000000004 0.89411887526512157 2.5000000000000004 34.500000000000007 2.2050000429153447 2.2050000429153447 13.500000000000002 0.80357143282890331 2
decision_type=2 2 2 2 2 2 2 2 2 2 2 9 2 2 2 2 2 2 2 2 2 2 2 2 2 2 2 2 2 2 2 2 2 2 2 2 2 2 2 9 2 2 2 2 2 2 2 2 2 2 2 2 2 2 2 2 2 2 2 2 2 2 9
left_child=1 4 6 10 12 7 13 9 30 -6 47 -10 22 -2 -8 50 55 24 -19 34 21 37 23 28 58 49 45 -16 29 -1 36 44 -30 -25 -12 43 -4 -7 -24 -33 -32 -42 -37 -29 -15 -21 57 48 -3 62 -13 52 -52 54 -51 -5 -23 -35 -18 -48 -61 -14 -17
right_child=2 3 8 16 5 20 14 -9 11 -11 19 15 61 31 27 25 17 18 -20 26 -22 56 38 33 -26 -27 -28 35 32 -31 40 39 -34 46 -36 42 -38 -39 -40 -41 41 -43 -44 -45 -46 -47 59 -49 -50 53 51 -53 -54 -55 -56 -57 -58 -59 -60 60 -62 -63 -64
leaf_value=-0.0156352422598523 0.015367039454979728 0.013265797016959117 0.038748193467373612 0.051190349932990653 -0.0018116157352009992 -0.021973835930510329 0.0081416333989397984 -0.010871785553615962 0.07220617604495326 -0.039292508519875591 -0.012293081779014415 0.03192100016025206 -0.0079043907720978811 0.045998274184555869 0.024565166193136156 0.0029477661837658369 -0.0047386470597747046 0.028056315565204333 -0.02122013838694127 -0.0054043108146891276 0.017916984334018924 -0.015482601937824312 0.0090242879531253813 -0.051703600156182694 0.00047662396158546974 0.036650602485201376 -0.020163623372926476 0.011669738363244286 0.010261400875181223 -0.029916849615097465 0.019124325732478843 -0.038288628182410189 -0.020922364346537201 0.01706342055583792 -0.0014047627058621512 0.022180049216991078 0.024439067120878306 -0.033154886574781106 -0.035205651399439181 0.0049645823735387576 -0.04926471683415027 0.012660733381263776 0.059828213454183765 0.021687204101361254 -0.0091704160802507772 -0.014416469864824037 -0.05550543942667762 0.0055361555888939033 0.11362672774177783 0.039461148787481692 0.043006287820033427 0.06508070076193169 0.029942293725803523 0.055966913080161579 0.02549077939794038 0.0013076914321680125 -0.023749361186905186 -0.024365575942315042 -0.010999984303489342 -0.021518018108732898 0.0062519279264158069 0.016996649689897246 0.026476536276704939
leaf_weight=4944.9153411388397 5817.5592210292816 156.7091326713562 2204.0618884563446 122.21662580966949 668.52148431539536 4129.2859883904457 12732.460112571716 1830.8282111287117 514.30765199661255 24683.708909511566 6890.1598776578903 6629.972673535347 960.23170936107635 116.96644306182861 5634.8093785047531 487.08635795116425 12433.177767574787 1275.467284321785 522.9946745634079 4954.1477964520454 302.21648252010345 6215.8616478443146 204.24389612674713 143.59892898797989 7630.0437603592873 8203.9625352621078 11884.79884159565 19015.14347922802 767.06958568096161 6206.3763259649277 5430.8437856435776 185.72627115249634 819.32469797134399 1312.4841595888138 6023.6474645733833 2223.5113191604614 10901.200960040092 10449.616151928902 2457.2347140908241 27575.268903493881 178.33963322639465 356.43142330646515 284.37939965724945 4355.7130069732666 3038.2179882526398 25781.005255997181 110.755435526371 478.43094408512115 90.990361213684082 3855.4186611175537 7739.0422971248627 560.0519106388092 3070.9582135677338 541.16237282752991 4964.6938374042511 16641.432411491871 15183.627688884735 194.40253436565399 17171.125267803669 636.01130747795105 863.43793648481369 716.83724361658096 18164.363425135612
leaf_count=4649 3108 122 522 68 586 4414 6034 1848 94 31956 5822 1177 846 32 2226 123 8688 855 391 4212 156 6299 203 164 5589 1578 10954 8763 549 7050 1799 120 787 882 4550 818 3117 12484 2984 16449 58 135 75 1895 1936 23079 123 398 39 809 1294 83 606 80 1189 11484 15722 186 13435 582 773 516 4112
internal_value=-0.000194349 -0.0160516 0.019871 -0.00809973 -0.0266845 -0.0296174 0.0101404 -0.0364566 0.0305479 -0.0383042 -0.0127297 0.0329444 -0.0175323 0.00534587 0.0141209 0.0325525 -0.00343126 -0.00562284 0.0137263 -0.0131677 -0.024493 -0.0248493 -0.0193542 -0.0172817 -0.00655746 0.0301611 -0.0149716 0.0165367 -0.0213747 -0.023584 0.0236701 0.00346012 -0.00584437 -0.00129229 -0.00721427 0.0147884 0.0268459 -0.0299882 -0.0318112 0.00466307 0.0166931 -0.007996 0.0264513 0.0135368 -0.00712385 -0.0129638 0.00103165 0.0207644 0.0501635 0.0282604 0.037382 0.040566 0.0392953 0.0330072 0.0315978 0.00167167 -0.0213482 0.0117174 -0.00837038 -0.00896859 -0.00552771 0.00273955 0.0258779
internal_weight=350639 195857 154782 112056 83800.6 63463.7 80979.8 27183.1 73801.9 25352.2 56259.9 54731 20336.9 36733.7 44246 54216.7 55796.5 39032.8 1798.46 55533.8 36280.6 35978.4 18659.9 15998.4 37234.3 36216.7 42620 31513.6 12737.7 11151.3 19070.9 30916.2 1586.39 3260.69 12913.8 25878.7 13105.3 14578.9 2661.48 27761 5965.61 534.771 2507.89 23370.9 3155.18 30735.2 3117.09 726.13 247.699 28012.7 18000 11370.1 10810 9361.27 8820.11 16763.6 21399.5 1506.89 29604.3 1610.2 1499.45 1677.07 18651.4
internal_count=241677 183445 58232 89686 93759 73465 41456 34390 16776 32542 49176 11145 20294 21645 19811 11051 40510 28958 1246 48617 39075 38919 18932 15745 27712 7891 38245 13777 13035 11699 5631 18537 1336 2710 10372 11551 3639 16898 3187 16569 1992 193 893 10658 1968 27291 2546 559 161 6313 3160 1983 1900 2078 1998 11552 22021 1068 22123 1478 1355 1362 4235
cat_boundaries=0 1 2 3
cat_threshold=268451841 134217730 168300802
is_linear=0
shrinkage=0.05


Tree=17
num_leaves=64
num_cat=29
split_feature=6 6 7 14 14 14 14 14 14 12 12 14 14 14 14 0 7 14 14 12 12 12 14 8 14 14 5 14 25 21 21 14 14 14 14 19 21 33 22 14 19 14 14 21 29 14 12 21 21 30 31 21 21 21 14 14 30 12 29 21 14 21 14
split_gain=40634.9 6803.15 5054.91 1829.15 1271.16 1125.62 905.402 752.653 693.219 603.128 453.992 829.544 432.162 422.669 381.631 357.861 333.862 262.032 235.827 220.497 212.535 218.232 260.745 211.846 217.8 206.747 204.065 212.973 200.211 253.172 305.936 281.506 212.839 193.666 190.718 187.766 185.765 195.998 179.385 176.713 170.627 170.329 160.706 157.273 156.172 152.034 146.574 142.42 142.218 139.866 163.118 144.296 172.096 136.741 168.85 132.065 131.106 130.333 125.916 125.635 163.063 117.92 116.778
threshold=1.9107143282890322 0.66071426868438732 4.3303573131561288 0 1 2 3 4 5 8.5000000000000018 65.500000000000014 6 7 8 9 10.500000000000002 0.20535714179277423 10 11 244.50000000000003 62.500000000000007 15.500000000000002 12 0.43295724689960485 13 14 3.2142857313156132 15 16 50.500000000000007 35.500000000000007 17 18 19 20 2.5000000000000004 18.500000000000004 1.0077874064445498 11.500000000000002 21 2.5000000000000004 22 23 21.500000000000004 3.5000000000000004 24 4.5000000000000009 49.500000000000007 50.500000000000007 11.500000000000002 1.950000047683716 50.500000000000007 16.500000000000004 33.500000000000007 25 26 6.5000000000000009 3.5000000000000004 5.5000000000000009 33.500000000000007 27 46.500000000000007 28
decision_type=2 2 2 9 9 9 9 9 9 2 2 9 9 9 9 2 2 9 9 2 2 2 9 2 9 9 2 9 9 2 2 9 9 9 9 2 2 2 2 9 2 9 9 2 2 9 2 2 2 2 2 2 2 2 9 9 2 2 2 2 9 2 9
left_child=1 3 6 20 16 23 26 -7 36 14 12 -12 -11 38 -6 28 -5 40 -13 42 21 34 -23 39 -25 -15 -2 49 61 30 32 -32 -30 -14 -1 -27 37 -4 46 -3 -8 -40 -20 -21 56 -16 -9 57 -26 50 -28 52 -51 -44 -55 -22 -31 -19 -34 -38 -61 -10 -48
right_child=2 5 8 4 9 7 17 13 15 10 11 18 33 25 45 -17 -18 47 19 43 55 22 -24 24 48 35 27 -29 29 44 31 -33 58 -35 -36 -37 59 -39 41 -41 -42 -43 53 -45 -46 -47 62 -49 -50 51 -52 -53 -54 54 -56 -57 -58 -59 -60 60 -62 -63 -64
leaf_value=-0.0070960345558125889 0.011917806334382337 -0.035047963447127191 -0.0019775487519111674 -0.044945567488937327 -0.0038175545864345033 -0.0025338287642731167 0.014003082707061916 -0.0076202201350364859 0.015030821663742791 -0.049277448913399774 -0.041151575490032288 -0.00049514012706989988 -0.037505900134087444 -0.022635497391796194 -0.026393299913228509 0.034454048627899324 -0.032158385602870411 -0.0011109498499458897 -0.052927372186543024 -0.026772730134780112 -0.00031548596550030992 -0.030725108503454602 0.0042691571675894718 0.0045701970399232503 0.017026641200314069 -0.0080614523915071758 0.034437079419886267 0.016627297206931745 0.022495993530720914 0.037289971845717716 0.0063436609692817982 0.024073900956554317 0.036754891017115272 -0.021229502066064613 0.023049038346923862 -0.015733092596990631 0.02877448886987781 0.023842687100082346 0.022685941731525505 0.0020577027940206858 0.0048232387501396124 -0.0038033404073621125 -0.026597399999929695 0.063797546024460708 0.031876551947291713 -0.018840265884729524 -0.039499955045416264 0.019826715866980024 0.05642713012333031 0.072808939879706477 0.007534245591272192 0.085400510626939791 0.025007720042969375 0.011651258790633239 -0.024721796113271646 0.02476328605253569 0.074756709773986768 -0.031274942503888375 0.028781873960934169 -0.0057345193480344862 0.020586808229216533 -0.032833836794508652 -0.0095506127894418313
leaf_weight=1434.2083969116211 17523.838830709457 511.81307423114777 2419.2403601408005 11193.782983183861 3280.925706744194 30175.927418589592 7400.4127732515335 25394.518600106239 333.93275797367096 4668.7890603542328 3972.163893699646 2611.5826225876808 3922.6322748064995 7330.8828492164612 11398.420884847641 25199.704139828682 9386.6450158953667 13869.569232940674 387.61680364608765 75.712293028831482 1072.3248357772827 1453.0875201821327 839.73155081272125 8500.8395768404007 2748.7542289495468 11389.524968504906 1405.9390655755997 12603.755205154419 8144.5565316677094 401.13873887062073 2884.5179920196533 10400.619084119797 8745.5015029907227 3645.406044781208 814.76497584581375 26614.664103448391 2549.1352096796036 1055.586652636528 898.00679093599319 837.6150107383728 16019.325559258461 1825.7403176426888 2169.7545211911201 130.31760662794113 1162.9359180927277 17015.660644888878 655.29761904478073 797.15169394016266 249.77767527103424 252.88964891433716 940.3201858997345 184.39089441299438 737.12327396869659 656.12166142463684 604.12913030385971 1026.6865347623825 559.81500506401062 367.5017169713974 11424.366407871246 797.34863245487213 2234.5015368461609 209.20560312271118 680.38765776157379
leaf_count=1181 8156 398 922 16037 2754 21642 3511 19968 80 6648 5353 2349 5181 7349 12673 4610 11755 8715 446 95 804 1473 692 5170 1418 9737 445 5251 2054 81 849 2572 1727 4143 449 24407 858 357 640 504 8771 1426 2441 71 225 17283 612 435 115 73 361 25 253 600 705 484 80 253 2357 336 689 61 578
internal_value=-0.000386421 -0.0151829 0.0192186 -0.0262644 -0.0284862 -0.00749251 0.00965982 -0.00920194 0.0279958 -0.0244766 -0.0306745 -0.0231034 -0.0372372 -0.0118917 -0.020017 0.0296932 -0.0390946 0.00441444 -0.012218 -0.0198065 -0.00108742 -0.00716993 -0.0180244 0.00647432 0.00867869 -0.0149237 0.0156484 0.0197123 0.0269896 0.0273609 0.0265074 0.0202472 0.0294445 -0.0297046 0.00389649 -0.0134305 0.014926 0.00586661 -0.00722139 -0.0122618 0.00772073 0.00499989 -0.022575 0.0305178 0.044206 -0.0218785 -0.00846943 -0.00073771 0.020243 0.0306214 0.0236559 0.0447949 0.0372242 -0.018934 -0.00588925 0.0120683 0.0591222 -0.00188979 0.0322231 0.0205931 0.0137136 -0.00334669 -0.0246131
internal_weight=350199 199574 150624 81760.5 75119.7 117814 72102.2 104965 78522.1 54539.2 22844.2 10607.4 12236.8 74789 31695 69466.3 20580.4 38454 6635.23 4023.65 6640.8 4541.79 2292.82 12848.8 11499.4 45335.1 33648.3 16124.4 44266.6 43723.5 41599.6 13285.1 28314.4 7568.04 2248.97 38004.2 9055.81 3474.83 29454 1349.43 23419.7 2723.75 3817.62 206.03 2123.89 28414.1 26730.2 15034.2 2998.53 3520.66 2346.26 1174.4 990.013 3430.01 1260.25 2099.01 960.954 14237.1 20169.9 5580.99 3031.85 543.138 1335.69
internal_count=241688 187581 54107 93617 88534 93964 36249 86359 17858 60742 28032 12060 15972 64717 32710 14696 27792 21685 6707 4358 5083 3795 2165 7605 6703 41493 14564 6408 10086 9945 9559 3421 6138 9324 1630 34144 3162 1279 23224 902 12282 2066 4192 166 386 29956 21158 9403 1533 1157 806 351 326 3746 1305 1288 161 8968 4084 1883 1025 141 1190
cat_boundaries=0 7 14 21 27 34 40 47 54 61 67 74 81 88 94 101 107 108 112 118 125 131 138 145 151 158 164 171 177 183
cat_threshold=540672 1093672000 196610 8208 3229876290 1144914437 32 2282881344 8552449 1745102864 135790989 336723968 134217730 2 34210824 16783616 2152726786 2646048 2176860416 1091699204 32 33752072 19139392 3211266 2147502080 3229614400 1573696 1614825504 1209140300 2228241 2415984848 524352 2223505664 2 33554432 18874688 2 16400 8388928 1074790976 304128130 2953322496 283164736 1140850752 34148356 33559584 8 621027856 268443658 8389256 117867520 5780 268443680 4 2363408 2400384 83919008 33816576 2392078 807734336 65 1715736576 738197644 90210568 302334048 565248 2415919104 2625536 672149508 67633152 18948192 20992000 1677860877 96 83888657 6 904 268861440 8320 8396800 1 0 1075842112 131074 8192 8388608 516 32 0 0 2151678208 2646016 29376512 1091698688 16810560 46678033 1753288768 1073873153 135397392 167772289 12 33554440 2097664 1114112 16384 3221225472 64 203424002 8 1536 65536 2048 131072 4096 1048576 0 2147483648 1 268437635 2722644096 318787680 1342177312 33595392 2688554000 8 16384 1073741824 65536 0 8650754 1144782849 0 2048 4194560 8224 0 516 32 0 2097280 32 33816576 0 68608 1 1073742848 0 0 0 0 64 268437506 2148089872 4160 1078067200 134219808 541069448 128 536870912 128 16777216 50348064 32768 2147483648 0 1024 131072 16 64 0 32 33554432 16777216 0 16 64 1074790400 2363408 2105472 16777376 33816576 32770 805306368
is_linear=0
shrinkage=0.05


Tree=18
num_leaves=64
num_cat=29
split_feature=6 14 6 14 14 14 14 14 6 6 14 12 6 34 14 19 14 33 34 14 14 12 14 14 14 12 14 33 19 21 12 12 19 5 14 19 34 14 14 14 14 13 21 14 13 8 12 14 13 14 19 8 13 14 19 19 14 12 14 14 14 14 10
split_gain=36496.9 5711.41 5101.83 1753.52 1238.05 957.081 599.81 579.979 503.869 484.517 432.231 449.823 327.602 314.103 277.113 270.161 264.63 248.621 242.557 240.823 238.949 229.408 216.745 215.287 213.607 424.444 230.992 205.827 201.982 228.782 194.706 311.573 187.639 186.257 182.62 176.589 175.457 173.231 170.203 158.237 158.144 145.705 159.441 151.868 142.505 186.87 287.169 182.058 138.676 137.524 133.258 131.847 131.591 130.089 129.303 216.419 128.844 126.297 123.772 123.406 122.892 121.683 125.885
threshold=1.6250000000000002 0 0.5892857313156129 1 2 3 4 5 0.94642856717109691 2.9464285373687749 6 7.5000000000000009 0.12500000372529033 -9.4519677162170392 7 2.5000000000000004 8 0.89411887526512157 -2.0273983478546138 9 10 1.0000000180025095e-35 11 12 13 65.500000000000014 14 0.94723427295684826 2.5000000000000004 49.500000000000007 64.500000000000014 19.500000000000004 2.5000000000000004 1.6428571343421938 15 1.5000000000000002 1.1579692363739016 16 17 18 19 590.50000000000011 31.500000000000004 20 319.50000000000006 1.1232953071594241 67.500000000000014 21 370.50000000000006 22 2.5000000000000004 3.7320988178253178 513.50000000000011 23 6.5000000000000009 2.5000000000000004 24 118.50000000000001 25 26 27 28 4.5183427333831796
decision_type=2 9 2 9 9 9 9 9 2 2 9 2 2 2 9 2 9 2 2 9 9 2 9 9 9 2 9 2 2 2 2 2 2 2 9 2 2 9 9 9 9 2 2 9 2 2 2 9 2 9 2 2 2 9 2 2 9 2 9 9 9 9 2
left_child=2 7 3 44 12 33 -3 18 16 15 27 14 -5 58 -12 22 17 -7 -2 -11 -10 54 -8 -17 36 26 -26 -6 61 59 31 60 -20 34 -4 53 -15 -27 -18 -37 -14 42 52 -43 -1 46 47 -46 -23 -35 -40 -34 -32 -22 55 -9 -33 -45 -13 -30 -29 -21 -63
right_child=1 6 5 4 10 8 9 21 20 19 11 13 40 24 -16 23 38 -19 32 28 35 48 -24 -25 25 37 -28 30 29 -31 41 56 51 49 -36 39 -38 -39 50 -41 -42 43 -44 57 45 -47 -48 -49 -50 -51 -52 -53 -54 -55 -56 -57 -58 -59 -60 -61 -62 62 -64
leaf_value=0.024787206168722771 0.073759313789010947 -0.0107195550996485 0.025021909593057334 -0.04658293686790848 0.036339680566430242 0.060865639853264222 0.016390096628680531 0.026392988030051964 -0.017664809137995296 0.0050632372330042573 -0.0092528432458429833 0.043694889017846968 -0.016915176237987967 -0.042742635539172701 -0.024374886863016986 0.0065942946451085964 -0.025138955380459183 -0.0064788960713915034 0.033500898960417913 0.015258730138648103 -0.010650224156576783 0.027458141619453442 0.0048427465342464936 -0.0011295201835054994 -0.047363684148631666 -0.025950842202194888 -0.028220290450460185 0.026654020453157859 0.0064094417077495735 0.038191657361408567 0.0086583414492611682 -0.018982027043141815 0.021644494957399504 0.0065813745078203874 -0.0018648004718934308 -0.0034407382764828753 -0.0098250030381539909 -0.0052691724938152083 -0.0099401345542398586 -0.0098563395556230653 -0.035889798914518746 0.0080592155171961884 0.030390443833845784 -0.037706641715676073 -0.03022747551397216 0.026552109511112667 0.012865171299356479 -0.0043345661919566526 0.0055372679187749513 0.027791465822375766 -0.017169101859105359 0.028873614226812002 -0.055509528300468139 0.0041716896991674593 0.029292787607992338 0.017716419692746298 -0.047549597089686237 -0.0013218418352195821 -0.009623715600569363 0.015953501303826455 -0.014894053478717648 0.024885139850770968 0.048687527182667639
leaf_weight=564.64385050535202 304.42268323898315 4477.3096764683723 701.6003897190094 8995.5880323648453 194.47014051675797 140.36739099025726 8079.0170331001282 11626.910531997681 5248.3264530897141 6659.2533206939697 3691.5306650400162 145.49238348007202 1361.9607737064362 6416.2315349578857 18027.60728263855 18465.747460603714 4860.088228225708 5630.5845677852631 15211.256357908249 2951.542303442955 1968.207523226738 913.66438388824463 8224.3830252885818 17631.322394251823 2979.1105891466141 2204.7587729692459 3674.1658270955086 177.56422770023346 6960.2965234518051 826.44399356842041 236.28077393770218 662.31461125612259 9064.2884606122971 1737.7136260271072 5601.3693696856499 14478.154337882996 432.14641118049622 1898.4644775390625 9083.9047985672951 28798.930515408516 7446.3791890740395 567.9657364487648 518.16022980213165 647.38897842168808 1096.1691955327988 520.99220669269562 1468.7175248861313 1788.4355742931366 3429.026708483696 1384.7437863349915 21381.927966237068 20750.266074299812 120.59970438480377 5871.7795437574387 5606.5850249528885 18823.426281809807 1176.3096004724503 377.59999483823776 355.41275602579117 6681.67713367939 4405.4255983233452 3190.1995489597321 672.71471047401428
leaf_count=346 44 3368 352 13578 89 75 4070 2947 4847 3309 3484 79 1563 9223 20321 10490 5183 4670 2458 1123 1540 305 4613 11228 4407 2676 4676 127 3168 226 178 690 2066 1067 3704 10880 496 1870 8320 23651 10029 404 363 661 1134 322 843 1492 1280 721 20710 3961 149 4251 1473 5694 1559 338 339 2685 4346 1211 152
internal_value=-0.000273366 0.0162793 -0.0160411 -0.0263141 -0.0285376 -0.00910656 0.00707737 0.0253798 -0.0105773 0.00807038 -0.0244127 -0.0266655 -0.0398487 -0.0324923 -0.0218202 0.00523597 -0.0147887 -0.00483147 0.0292761 0.0133887 -0.00750855 0.0210017 0.010578 0.00282318 -0.0336032 -0.0290793 -0.0369062 -0.0145178 0.0159837 0.0126482 -0.0156471 -0.0202345 0.0289817 0.00610582 0.00116512 -0.00646102 -0.0406063 -0.0164584 -0.0164093 -0.00771311 -0.0330161 -0.00371067 0.0126801 -0.0127147 0.00100853 -0.0017444 -0.00513137 -0.0142946 0.0101498 0.0160983 -0.0150088 0.0266759 -0.0130352 0.000442337 0.0223144 0.0210295 -0.0376223 -0.0240693 0.00654884 0.0111005 -0.0132581 0.0230888 0.0289564
internal_weight=349589 170550 179040 72151.9 66712.9 106888 84819.9 85729.8 97462.3 80342.6 48909 39824.9 17803.9 18105.8 21719.1 52400.5 41096.9 5770.95 45330.2 27942.1 56365.4 40399.6 16303.4 36097.1 17604.9 10756.5 6653.28 9084.08 21282.9 14468.4 8889.61 6421.61 45025.8 9425.43 6302.97 51117.1 6848.38 4103.22 35325.9 43277.1 8808.34 2468 875.041 1592.95 5438.96 4874.31 4353.32 2884.6 4342.69 3122.46 30465.8 29814.6 356.88 7839.99 36056.9 30450.3 1838.62 1024.99 500.905 13642 4582.99 6814.46 3862.91
internal_count=241624 65871 175753 85782 81645 89971 45643 20228 84127 42275 56475 47571 25170 23766 23805 30401 38958 4745 8529 11874 45169 11699 8683 21718 23348 13629 9083 8904 8565 6079 8815 6722 8485 5844 4056 40322 9719 4546 34213 34531 11592 2093 690 1403 4137 3791 3469 2626 1585 1788 29030 6027 327 5791 10114 8641 2249 999 418 5853 4473 2486 1363
cat_boundaries=0 6 12 18 24 30 35 42 49 56 62 68 75 81 88 95 101 108 115 122 126 133 139 145 152 158 164 171 175 182
cat_threshold=1074463752 4864 1638400 18434 3221225472 577 1078480896 1093672004 1114114 8192 3221487682 1144652293 2282881344 8552448 679798800 135790925 336723968 134217730 34212872 18880576 2152726784 270557216 2172666176 1158808064 2957025793 152 285261836 687900164 268416 2418081792 1073807368 512 524288 2 1073741824 67108916 201326624 84018945 2952888880 10493960 329984 33 589562496 541073546 39845928 100941824 562688 2415920128 8 543162400 135693452 2228242 16777232 1078198276 548145216 3 67110960 135266308 71434242 270532720 16793614 143364 1436549761 281542672 8458816 1074921472 34670096 33558593 67129360 154142788 71303424 2181038176 6816006 1091174692 32 2097200 1090521094 2220884099 2149589056 29376770 537526572 2139138 805855241 270532672 1140850688 34149908 301991008 10 553912833 2185232386 33554568 50725888 128 8192 4 34209800 4096 2148532224 0 0 131072 302252160 2185232512 37752864 16512 34816 2151682176 4 218366720 4210691 1744902144 1073874177 1179664 167772323 12 2688811042 1075184640 2261029 134283408 526472 537461120 66 131072 163840 49168 135790668 0 0 256 268435456 8396800 0 33 0 2098176 65538 0 64 524292 2048 64 2151677952 270540800 16793600 1090519552 4198420 2147681290 304088198 608174080 266376 537149472 142 32 0 67240193 2684420096 8 67584 1024 0 2097152 0 0 8388672 0 18877504 256 73728 4194304 1141374976 32 0 0 131328 32 2097152 2097216 2097152 2147483648 8388928 1141899264 64
is_linear=0
shrinkage=0.05


Tree=19
num_leaves=64
num_cat=29
split_feature=6 7 6 14 14 14 14 14 6 14 12 14 14 33 6 34 14 32 14 19 25 22 22 33 14 12 12 14 14 19 0 14 14 12 14 14 14 14 19 5 14 12 10 33 22 14 20 14 20 20 14 19 14 13 8 33 14 12 14 22 13 25 14
split_gain=32359.1 4852.51 4822.85 1758 1183.04 918.369 804.485 531.186 514.437 470.435 498.987 328.574 307.512 317.724 298.739 272.809 257.136 254.934 246.41 234.362 231.975 233.964 316.49 231.655 235.688 228.791 233.861 226.784 220.026 219.063 213.396 204.394 203.445 200.64 212.486 202.544 191.214 190.669 179.853 178.907 168.605 166.83 187.196 165.459 164.439 171.205 159.361 158.879 145.955 213.173 143.965 143.015 203.09 142.976 169.648 142.864 138.209 151.541 128.844 125.474 125.108 121.684 120.372
threshold=1.6250000000000002 4.3303573131561288 0.5892857313156129 0 1 2 3 4 1.0892856717109682 5 8.5000000000000018 6 7 0.89411887526512157 0.16071429103612903 -4.482975721359252 8 -2.0273983478546138 9 1.5000000000000002 10 11.500000000000002 8.5000000000000018 1.0546653866767886 11 81.500000000000014 17.500000000000004 12 13 2.5000000000000004 5.5000000000000009 14 15 63.500000000000007 16 17 18 19 2.5000000000000004 2.0714285373687749 20 229.50000000000003 2.6595918711791461e-07 0.99994486570358287 4.5000000000000009 21 11.500000000000002 22 25.500000000000004 20.500000000000004 23 2.5000000000000004 24 319.50000000000006 0.85811600089073192 1.0407167673110964 25 155.50000000000003 26 2.5000000000000004 729.50000000000011 27 28
decision_type=2 2 2 9 9 9 9 9 2 9 2 9 9 2 2 2 9 2 9 2 9 2 2 2 9 2 2 9 9 2 2 9 9 2 9 9 9 9 2 2 9 2 2 2 2 9 2 9 2 2 9 2 9 2 2 2 9 2 9 2 2 9 9
left_child=2 5 3 41 14 17 39 44 12 25 28 29 -8 16 -5 -12 -14 -2 -10 -9 -21 22 31 24 -17 26 32 55 -11 -7 61 -22 -6 35 -35 -26 -24 -15 -39 47 -13 42 -1 -29 45 -3 -23 -4 49 -48 -32 52 -20 -44 62 -28 57 -27 -53 -47 -58 -19 -55
right_child=1 7 6 4 9 11 8 19 18 10 15 40 13 37 -16 23 -18 30 51 20 21 46 36 -25 33 56 27 43 -30 -31 50 -33 -34 34 -36 -37 -38 38 -40 -41 -42 -43 53 -45 -46 59 48 -49 -50 -51 -52 58 -54 54 -56 -57 60 -59 -60 -61 -62 -63 -64
leaf_value=0.017946040314113194 0.084567725316695652 0.015597871631471666 0.022983257997375304 -0.044862406183377029 0.034835233987156176 0.012020143800488679 -0.02286861712592321 0.032486948632561574 -0.01606486982696927 -0.0099983630089952712 0.0027439307711747208 -0.015488016192614106 0.081033771232453533 -0.0060480602354113103 -0.032072834333139622 -0.043083421864920507 0.0055443707034205127 -0.008584917578696824 0.0096251980440271653 -0.0078304694566710322 0.022418937223035784 0.022168946748781518 0.0020561886067116376 -0.013580549047562413 -0.047237433577818157 -0.023531254608819531 -0.053486779049116653 0.030371785632580046 -0.023433618654110342 0.0033233861064173235 0.032961863202593221 0.029987237985133822 -0.012649649303481621 -0.034215513974390308 -0.0098267455529517361 -0.026898398362371231 0.0195654797825007 -0.0086342167973275478 -0.016103821765125124 0.020710216483486758 -0.0004215767079441394 0.077442353272280717 0.019064990342990449 -0.022542098636128056 0.019312977117070439 0.0065652324518562233 0.037300460455841088 -0.00034819526775340672 0.024170531379982787 0.07040956709779489 0.016446132590473912 -0.0019363954950311303 -0.0046388656410670005 -0.022541730796945447 0.013574852976265307 0.017443425413646945 0.034835348234692531 0.031242429528608191 -0.0092974587158736986 -0.019081600989657131 0.00026695244255268351 0.011640724008906658 -5.2751628517944467e-05
leaf_weight=1276.6585330963135 124.70989513397217 3338.4485948085785 813.51466816663742 9484.8701993823051 229.60310786962509 10573.268874645233 7185.0059522390366 11196.525815963745 5141.6856518983841 3788.0252357721329 529.18068319559097 2044.5890906453133 138.31805467605591 9945.3124783635139 8807.0578468441963 6183.0721420645714 494.42286992073059 759.8595050573349 3855.5804078578949 549.56881737709045 18283.896693944931 1360.0103771686554 1850.5687733888626 1311.2848469614983 2389.0638319849968 708.48992252349854 926.2237503528595 158.96129143238068 16745.494048595428 22974.712359786034 1827.8240745067596 18344.57907307148 4091.4849212169647 1666.603807747364 1970.7864429950714 2772.6466642618179 10379.13503742218 11552.432585299015 26649.671843230724 1617.9584124088287 19313.744628787041 73.013981103897095 563.97951364517212 2077.5911100506783 10785.977323055267 1316.0067539215088 1279.4245865345001 6401.5074548125267 753.32625889778137 784.55606842041016 5096.547376871109 9731.3551386594772 7029.8539451360703 1593.1183527708054 701.16651672124863 76.836431682109833 413.59816527366638 153.57152426242828 15343.685240268707 747.80960714817047 712.56855809688568 28505.727198600769 956.31828272342682
leaf_count=686 30 978 397 14836 150 5190 7683 1821 4532 3643 462 1626 67 8149 11798 9264 413 357 2707 126 3657 295 569 1510 3674 671 1293 62 19083 13090 623 3463 4047 2171 2065 3652 2340 10386 25638 864 12531 31 359 2287 3238 474 222 4130 147 101 1986 7270 5185 1522 468 58 264 129 12410 302 577 12726 780
internal_value=-0.00044896 0.014967 -0.0155089 -0.0256556 -0.0278776 0.00705905 -0.00876728 0.0238761 -0.0100813 -0.0236561 -0.0261952 0.00297685 -0.0132017 -0.0117707 -0.0386836 -0.0325867 0.0234247 0.0132267 -0.00583488 0.0259035 0.0245327 0.0248649 0.0238984 -0.0337341 -0.0354979 -0.0137057 -0.0176889 -0.0278446 -0.0209714 0.00606255 0.0129843 0.0262237 -0.0100744 -0.0300841 -0.0211231 -0.0364565 0.0169337 -0.0122358 -0.0138414 0.00567757 -0.00187049 0.00244636 0.00137414 -0.0186965 0.0157368 0.00862575 0.0362274 0.00231415 0.0430129 0.0498886 0.0208776 -0.00436646 0.000418035 -0.00417244 -0.0082046 -0.0475779 0.00137232 -0.0136132 -0.00644521 -0.00271504 0.0128505 0.0111166 -0.0141949
internal_weight=348452 172191 176262 70361.3 65197 91221 105900 80969.8 97067.3 46905.1 37356.2 54906.3 55965.2 48780.2 18291.9 16822.6 632.741 36314.7 41102.2 64781.6 53585.1 53035.5 48858.2 16293.5 14982.2 9548.93 7560.7 3239.61 20533.5 33548 36190 36628.5 4321.09 8799.1 3637.39 5161.71 12229.7 48147.4 38202.1 8832.98 21358.3 5164.26 5091.24 2236.55 16188.2 5402.26 4177.32 7215.02 2817.31 2063.98 6924.37 35960.5 10885.4 3814.58 3250.6 1003.06 1988.23 862.061 25075 2063.82 1126.17 29265.6 2549.44
internal_count=241265 65892 175373 85542 81696 48159 89831 17733 84440 55062 45524 32437 52336 44653 26634 22798 480 15722 32104 12741 10920 10794 10029 22336 20826 9538 7897 3700 22726 18280 15692 7120 4197 11562 4236 7326 2909 44173 36024 5391 14157 3846 3815 2349 4992 1754 765 4527 470 323 2609 27572 7892 3129 2770 1351 1641 800 19680 776 841 13083 2302
cat_boundaries=0 6 12 18 25 31 38 45 52 58 65 66 73 77 83 89 93 99 105 109 116 122 128 134 140 147 151 158 159 165
cat_threshold=1078480896 1093670976 65539 73728 3229876290 1142817285 2282881344 8560641 1753524240 135790861 335675392 134217730 35857416 18881282 70320130 2147502080 3229614402 525120 34210824 19929152 2148532482 271081472 2172649792 1158808064 64 33555456 18876672 1048578 16400 2155872320 1074790976 67108916 201327652 68289292 2684666416 2097152 10553600 33 540688 135692356 2148008832 2105440 23085056 1142032396 96 218104576 13123587 1744836672 1073873153 135397394 33570946 12 0 8 0 0 4 4096 1434452611 2424307738 70208 101712896 1073751568 33556481 128 203423746 268477442 2953314312 270549056 1157628032 33625108 301995040 14 67108880 1024 512 32800 572785280 541065354 56639520 100663360 570500 2449474624 1074462720 4096 0 0 1073742080 1 0 1024 131328 16432 572522624 4194304 54525952 64 557056 2147483840 553912833 37748738 33558656 302121984 533120 4202496 0 1536 65536 2048 1614809120 134612108 4358320 208 1074003976 10554432 2 2420146688 16 285212680 553682436 6272 268500992 0 16777472 1048576 0 2147483712 64 34209800 4096 2148532224 0 2147483648 512 33628168 512 1114112 16384 1082130432 512 2149859328 360580 52445184 2298544180 38307840 2424836100 32 0 134217728 67240200 16432 2688550960 1073741824 6455477 1074102404 278536 538969344 14 738996742 1077936128 2097216 65538 73728 8388672 262660
is_linear=0
shrinkage=0.05


Tree=20
num_leaves=64
num_cat=4
split_feature=6 7 6 12 6 6 7 34 21 20 34 19 19 6 12 12 21 19 8 29 19 20 9 12 7 25 19 21 20 21 4 19 13 8 19 20 13 12 12 25 12 13 9 21 19 9 11 21 25 8 12 11 12 25 21 19 21 20 21 8 12 13 12
split_gain=29915.5 4596.13 4559.41 623.401 560.401 549.955 398.103 334.915 281.32 352.096 279.446 245.723 232.957 227.2 250.97 552.481 361.668 219.652 216.786 212.756 208.641 208.565 203.544 333.43 197.92 191.14 177.198 150.613 153.721 150.353 147.984 147.087 141.373 136.011 130.487 125.134 121.788 283.045 118.524 114.114 111.137 123.366 105.455 105.352 101.133 100.877 130.88 98.5772 97.048 93.0966 93.0485 92.9651 89.8757 89.5132 93.7574 87.3986 99.3356 87.2556 86.8124 83.5754 82.4635 79.6818 78.9863
threshold=1.6250000000000002 4.3303573131561288 0.5892857313156129 1.5000000000000002 0.94642856717109691 2.4821428060531621 6.7053573131561288 -5.6635587215423575 49.500000000000007 24.500000000000004 7.8796327114105233 2.5000000000000004 2.5000000000000004 0.37500000000000006 63.500000000000007 124.50000000000001 23.500000000000004 2.5000000000000004 0.80164620280265819 5.5000000000000009 6.5000000000000009 16.500000000000004 1.0000000180025095e-35 244.50000000000003 0.20535714179277423 0 6.5000000000000009 50.500000000000007 25.500000000000004 49.500000000000007 11.500000000000002 2.5000000000000004 204.50000000000003 2.87434995174408 6.5000000000000009 24.500000000000004 590.50000000000011 95.500000000000014 73.500000000000014 1 4.5000000000000009 397.50000000000006 4.3570017814636239 24.500000000000004 2.5000000000000004 5.9587981700897226 0.12500000372529033 5.5000000000000009 2 7.4657936096191415 105.50000000000001 0.87500000000000011 7.5000000000000009 3 49.500000000000007 5.5000000000000009 12.500000000000002 25.500000000000004 5.5000000000000009 2.304234623908997 5.5000000000000009 559.50000000000011 184.50000000000003
decision_type=2 2 2 2 2 2 2 2 2 2 2 2 2 2 2 2 2 2 2 2 2 2 2 2 2 9 2 2 2 2 2 2 2 2 2 2 2 2 2 9 2 2 2 2 2 2 2 2 9 2 2 2 2 9 2 2 2 2 2 2 2 2 2
left_child=2 5 3 18 31 11 39 -5 12 21 13 58 -6 14 24 16 50 -7 -1 25 29 -10 62 -24 60 -8 -14 30 -29 52 -27 -4 -18 -21 47 -31 37 -34 -12 -3 42 -42 -41 -32 -35 -44 -47 -13 -33 -48 -16 -20 -19 -49 -55 56 -46 -11 -2 -50 -9 -39 -17
right_child=1 6 4 7 8 17 19 10 9 57 38 34 26 -15 15 22 32 20 51 33 -22 -23 23 -25 -26 27 -28 28 -30 35 43 48 36 44 -36 -37 -38 61 -40 40 41 -43 45 -45 55 46 49 53 59 -51 -52 -53 -54 54 -56 -57 -58 -59 -60 -61 -62 -63 -64
leaf_value=-0.021106759956265465 -0.0038504894016506246 -0.0018392340352881731 -0.008330764572955264 -0.00067548508016559289 -0.0015710673821735469 0.015537745340556661 0.012804302651188489 -0.03068602822155829 0.0024440592756208935 -0.055518070433104028 -0.023174633706890997 -0.011158418509496396 -0.010065114505125317 -0.022098237839114691 -0.0046589389652747044 -0.034496080435800949 -0.051015592729641658 0.005167154652407158 -0.012428118588618102 0.014510426035772109 0.015894073413765773 0.027015731640307728 -0.027322148135281728 0.088996939075564635 -0.02985513124412302 0.02549805491135267 -0.0018997067038630953 0.055387808335462266 0.019554412228201635 0.025675929080226836 0.038184667375572731 -0.033524343121998028 -0.03233337845026004 0.027998404607530392 0.0065714629489510654 -0.0082615419231831556 -0.028774160145589246 -0.00092988899274151857 0.0089400060650750082 0.016032364325752016 0.034947898289257505 -0.020536957666673926 0.026891607179444405 0.026528622092068528 0.0085871314497956673 0.0033434595260116366 0.018888089957831672 -0.03225061014389833 -0.014816855110408223 0.053125595460545544 -0.029579023858368747 0.0041058088672510824 -0.036002602453796793 -0.0010099808864918387 0.011953213304754741 0.025551998972302554 0.020973444693912106 -0.013730317169954777 0.0094585374572910552 0.0011667710649688121 -0.041356524827734976 0.040290789118438253 -0.047427415908345733
leaf_weight=12608.844654858112 1356.9729965925217 753.7062109708786 12530.783953070641 1105.0924887061119 17936.386299669743 14492.557341456413 1847.7640246152878 2314.9291069507599 1811.9524984359741 148.10756534337997 493.594198346138 2376.5000761151314 32645.862677395344 9282.4763904213905 3679.8262730240822 2175.5039085149765 553.21314591169357 23222.540587067604 5544.1188900470734 4630.6863495111465 6796.4096242189407 1649.957544028759 298.1322226524353 77.549913823604584 13067.363996624947 13586.214653491974 8342.0500001311302 1056.2669010162354 417.82259750366211 1536.7838844060898 5334.0427678823471 677.33232450485229 594.86494946479797 9438.1918637752533 6329.9355420470238 329.87332797050476 3475.2385001778603 235.25293362140656 687.14346355199814 14632.705014109612 138.17741858959198 363.54205620288849 5526.1371194124222 3047.2962076663971 1944.7422697544098 1236.0885825157166 825.20428097248077 208.8798907995224 27848.475602567196 261.45735585689545 416.9458030462265 1004.1060979366302 133.22662532329559 20391.092750012875 1497.1482467651367 8588.4202220439911 9660.0058300495148 795.91725689172745 12618.712398529053 842.56890022754669 8338.6064826846123 233.5958948135376 2587.5779818892479
leaf_count=14640 803 231 11505 1056 13380 5856 361 3140 1344 128 587 1569 26546 10701 3422 3116 807 11121 5803 1007 2961 1152 296 44 17328 2641 6624 131 71 540 854 685 790 1496 3916 132 4372 259 614 4266 42 146 1480 539 407 327 218 145 27194 64 515 883 81 12959 846 1616 2001 622 6986 698 12735 187 4213
internal_value=-0.000251657 0.0143717 -0.0149234 -0.024935 -0.00838022 0.00662264 0.0228653 -0.027893 -0.00541232 0.00677446 -0.028513 0.00266749 -0.00632357 -0.0291123 -0.0308235 -0.025598 -0.0182553 0.0104305 -0.0172737 0.0250478 0.00811876 0.0141554 -0.0387273 -0.00329377 -0.0339796 0.0285265 -0.00840326 0.0297476 0.045233 0.00602357 0.0287218 -0.0128662 -0.0271525 0.02248 0.000172657 0.0196784 -0.024243 -0.00943801 -0.00448599 0.0173898 0.0180134 -0.00525208 0.0185406 0.0339471 0.0237254 0.0232165 0.0144723 -0.00148237 -0.0148013 0.02713 -0.00719582 -0.00989278 0.00493216 -0.000441686 -0.000123196 0.021728 0.0188978 -0.0202916 0.00816628 -0.0143425 -0.0390382 0.0196118 -0.041522
internal_weight=348582 174579 174003 68774 105229 91290.6 83288.5 49616.9 63330.2 4405.93 48511.8 44779.2 58924.3 47331.1 38048.6 14327.7 9188.94 46511.4 19157.1 59551.5 32018.8 3461.91 5138.76 375.682 23720.9 25289.4 40987.9 23441.6 1474.09 25222.4 21967.6 41899.2 5092.17 34262 30803.6 1866.66 4538.95 1063.71 1180.74 23737 22983.3 501.719 22481.6 8381.34 29631.4 7848.89 2322.75 24473.6 29368.4 1086.66 4096.77 6548.22 23355.8 22097.1 21888.2 20193.2 11604.7 944.025 13975.7 28691 10653.5 468.849 4763.08
internal_count=241199 65813 175386 85508 89878 47915 17898 64182 49796 3246 63126 27224 46550 61925 51224 18021 10352 20691 21326 11124 14835 2496 7669 340 33203 4597 33170 4236 202 11874 4034 40082 6415 6527 19435 672 5608 1236 1201 6774 6543 188 6355 1393 5520 2089 609 15519 28577 282 3937 6686 11202 13950 13805 4024 2408 750 7789 27892 15875 446 7329
cat_boundaries=0 1 2 3 4
cat_threshold=249693122 204279430 707010562 134283266
is_linear=0
shrinkage=0.05


Tree=21
num_leaves=64
num_cat=29
split_feature=6 6 14 14 14 14 6 14 5 14 14 14 14 33 12 12 14 14 14 14 12 22 6 7 14 12 19 14 19 14 14 25 29 12 34 0 14 6 5 14 25 14 33 14 20 14 12 21 7 21 21 14 14 12 22 19 14 14 21 14 0 21 21
split_gain=27491.3 4298.48 3970.86 1631.23 1069.48 876.65 561.974 532.188 514.755 459.297 313.615 313.57 277.896 309.801 256.145 281.601 550.362 289.261 248.298 247.867 237.166 227.632 223.871 201.704 188.947 184.527 180.73 194.067 180.389 203.951 184.609 180.3 230.685 174.142 170.207 159.406 196.376 153.383 148.817 148.532 146.378 135.847 161.324 135.5 134.44 188.826 133.423 128.28 139.149 125.476 188.569 291.163 279.754 243.921 124.909 123.098 147.165 112.002 108.614 179.105 106.088 128.541 190.584
threshold=1.6250000000000002 0.51785713434219371 0 1 2 3 0.94642856717109691 4 2.7857142686843877 5 6 7 8 0.89411887526512157 9.5000000000000018 64.500000000000014 9 10 11 12 244.50000000000003 11.500000000000002 0.089285716414451613 4.0803573131561288 13 7.5000000000000009 2.5000000000000004 14 2.5000000000000004 15 16 17 3.5000000000000004 60.500000000000007 7.8796327114105233 1.5000000000000002 18 5.8392858505249032 1.0714285969734194 19 20 21 0.99994486570358287 22 24.500000000000004 23 1.5000000000000002 50.500000000000007 5.8660714626312265 44.500000000000007 34.500000000000007 24 25 155.50000000000003 6.5000000000000009 2.5000000000000004 26 27 49.500000000000007 28 1.5000000000000002 32.500000000000007 23.500000000000004
decision_type=2 2 9 9 9 9 2 9 2 9 9 9 9 2 2 2 9 9 9 9 2 2 2 2 9 2 2 9 2 9 9 9 2 2 2 2 9 2 2 9 9 9 2 9 2 9 2 2 2 2 2 9 9 2 2 2 9 9 2 9 2 2 2
left_child=1 3 7 33 22 43 12 31 11 20 -10 -4 13 -7 19 17 -17 -16 -8 -11 34 37 -5 44 -14 26 27 -13 30 58 -20 -2 47 35 46 36 -1 -12 57 -28 -40 42 -18 -3 45 -23 -6 48 54 50 52 -52 53 -48 -33 56 -26 -9 -30 -60 -34 62 -62
right_child=2 5 8 4 9 6 18 38 10 14 21 25 24 -15 15 16 41 -19 28 -21 -22 23 -24 -25 55 -27 39 -29 29 -31 -32 32 60 -35 -36 -37 -38 -39 40 -41 -42 -43 -44 -45 -46 -47 49 -49 -50 -51 51 -53 -54 -55 -56 -57 -58 -59 59 -61 61 -63 -64
leaf_value=-0.028814833573945948 -0.0038390367118677545 0.01800921954941382 -0.011889300245401913 -0.045760656096606185 -0.0033014637944741281 0.070029830078041075 -0.016851974844482066 -0.021259737088524577 -0.0088317154907508466 -0.0093269568304154976 0.0092320059978169104 -0.0010180900385079754 -0.023672372603434036 -0.0057444548163531374 -0.047641056961881728 -0.040032882801983694 0.0099818834400570572 -0.028203982431286159 0.0068156477954358172 -0.024843088116728279 0.089238071918603792 0.050035091021581712 -0.03353246287319922 0.063672172891021755 -0.0017045795905377894 -0.0274506588137448 0.0058581927516221091 0.011985388071968747 -0.0038692324382797239 -0.010465745341698036 -0.004840339373698605 0.0020444579781522761 0.011782208140753181 0.013870787467137352 0.022437341665265002 0.024992508501575934 -0.00052351992679037758 0.021443274906505827 -0.014957174860438675 -0.0011520983220756459 0.016964833100506498 -0.0033377848840326339 -0.026533617052691208 0.0030385987103017272 -0.0035703467074246912 0.014269979790751534 -0.039006099554712792 0.044995494218074729 0.029445071717545068 -0.036127865308769047 -0.036299724258925491 0.020328507366550598 -0.0081991262056523243 0.072158015864958805 0.030961264412457785 -0.016036890731727704 -0.014080138997228493 0.010951329740347644 0.056755531543585036 0.0027766233303654912 0.021734549642374892 0.018894255299720612 0.031632014001952556
leaf_weight=879.6456755399704 588.45653784275055 1908.4473638534546 3547.0888734459877 6936.4774661064148 1864.4657745361328 137.94852995872498 5341.8963638544083 439.55670857429504 1985.9562022686005 3241.8720906376839 26410.376179397106 3945.2202824354172 6097.8962301015854 5895.4703635573387 3699.9864454269409 3091.7613995671272 357.18098926544189 4273.0036122202873 5058.2010342478752 13304.415311515331 56.56574010848999 583.42148435115814 8134.453333735466 315.89886355400085 3821.7292221784592 475.97084581851959 12731.930172085762 10553.104531407356 12247.663124799728 21821.722647488117 10292.832500934601 930.11879563331604 2394.641340970993 1877.4248073101044 317.58236199617386 384.01626771688461 1987.0941942930222 2848.946350812912 358.09874284267426 18561.573153018951 37172.2273863554 2130.8983888626099 1972.9670154452324 7190.5914904475212 444.99392747879028 1051.796200633049 1677.814713716507 1173.0250835418701 13680.175912380219 875.04396510124207 316.16571468114853 736.58255213499069 2072.7136119604111 50.75321900844574 623.90244853496552 24237.400455951691 6514.7713053822517 665.31430876255035 181.93242567777634 791.05619722604752 14544.692499995232 13899.899893283844 7308.8130992650986
leaf_count=954 135 938 2708 11745 1759 80 5078 215 1292 3290 12474 2225 6924 5087 6123 4757 340 6132 3550 16315 19 178 11926 52 3509 326 7165 5295 9498 18543 7999 258 574 1121 234 228 1721 769 127 11478 10768 2134 2616 4632 187 445 2096 166 2250 1039 364 670 2083 46 166 24733 6386 246 111 583 2535 2726 1208
internal_value=-0.000234633 -0.0144886 0.0135805 -0.0252513 -0.0277585 -0.00867607 -0.00999659 0.0206401 0.00564458 -0.0234676 0.0104237 0.00241825 -0.0140431 -0.00400418 -0.0261443 -0.0307655 -0.0238463 -0.0373197 -0.00660747 -0.0218238 -0.0126739 0.0116308 -0.0391349 0.0264507 -0.0155275 0.00351696 0.00383967 0.00845452 -0.00551704 -0.00749811 -0.000998359 0.0238006 0.0240993 0.00174364 -0.0134197 -0.00525505 -0.00930762 0.0104211 0.0161241 0.00170159 0.0166607 -0.0125096 -0.0208466 0.00619505 0.0207954 0.0274259 -0.0149196 0.0290616 0.0278345 -0.0187005 -0.0155581 0.00316815 -0.0207442 -0.0355326 0.0136551 -0.0140845 -0.00951984 -0.00195743 -0.00258988 0.0134863 0.0219713 0.0226537 0.0250448
internal_weight=349014 171778 177235 60238.9 55110.7 111540 102441 93778.9 83456.3 40039.8 33641.4 49814.9 46705.2 6033.42 32072.1 15525.8 7552.81 7972.99 55735.3 16546.3 7967.69 31655.4 15070.9 2396.11 40671.8 46267.8 45791.8 14498.3 50393.4 35042.4 15351 55143.7 54555.3 5128.18 7911.12 3250.76 2866.74 29259.3 38635.2 31293.5 37530.3 4461.05 2330.15 9099.04 2080.21 1635.22 7593.54 16407.2 15234.2 5729.07 4854.03 1052.75 3801.28 1728.57 1554.02 34573.9 10336.5 1104.87 13220.7 972.989 38148 35753.4 21853.5
internal_count=241331 175363 65968 77712 73688 97651 92081 21374 44594 50017 15397 29197 46719 5167 41707 22102 9847 12255 45362 19605 8310 14105 23671 862 41552 26489 26163 7520 40284 28735 11549 10018 9883 4024 8291 2903 2675 13243 11356 18643 10895 5090 2956 5570 810 623 8057 2840 2674 6298 5259 1034 4225 2142 424 34628 9895 461 10192 694 7043 6469 3743
cat_boundaries=0 6 12 18 25 30 37 43 50 57 64 71 78 85 92 99 106 113 114 120 127 128 135 141 148 154 160 167 173 179
cat_threshold=1074463752 16782080 1638400 18434 3221225472 577 4735008 1093672004 65539 8208 3229614154 1142555141 2282881344 163840 681895952 202899725 336723968 134217730 34210824 16783424 2152726786 271081472 2172666176 1158808064 64 1073807368 4608 524288 2 1073741824 1149243412 201326624 84018444 2684469792 2097152 2158233856 33 4218880 1048584 21004421 50888848 524290 564208640 876651008 128 318783512 687900164 268420 2418278400 2 1883242496 137757836 131124 16777264 1078722568 11012160 3 304120834 2961711104 272629824 1073742016 33624068 33559584 10 553921025 2424315914 640 319161344 5780 268447776 4 354419328 310902802 8458816 1142030336 1074861584 37748736 12 35914369 541073546 37749376 33817664 34125444 268436480 4 201588992 37765120 1744902144 134349057 202508338 167776418 4 33818656 1610874890 2149613698 269287552 16793608 545326080 64 2688813090 1611669504 2261153 65716 262280 539034944 2 18432 135626884 19005440 2147550320 37783564 2424897796 32 738197762 0 2100288 2 0 8388608 4 2097152 671254528 2220917378 2629632 25182530 537010476 4 71303178 270465 37765256 33558560 16777216 558080 272629968 4 33555464 16781312 2148532224 0 2147483648 1180160 0 2097152 131074 32 0 4 96 1149243392 32 67239940 536870912 0 8388608 1073741840 0 16777472 49184 2097152 2147483648 2134145 2491514912 285229056 2147484684 2106372 2416255236 32 0 0 0 16384 0 576 0 0 32 36 0 66560
is_linear=0
shrinkage=0.05


Tree=22
num_leaves=64
num_cat=24
split_feature=5 6 14 14 14 14 14 14 7 14 8 14 12 14 10 14 19 12 14 14 33 14 13 19 33 13 14 12 10 12 13 21 14 0 34 22 14 20 19 12 20 21 19 19 19 14 21 14 14 14 14 30 14 12 30 33 34 14 13 14 10 33 13
split_gain=24230.7 4371.43 3651.7 1553.78 1082.31 1054.49 608.085 511.312 680.114 435.67 394.166 380.992 369.751 309.532 291.717 283.5 247.598 242.518 481.158 275.505 221.092 210.997 208.063 197.307 194.753 193.843 191.341 183.318 169.838 206.062 218.918 169.408 243.98 160.145 172.927 155.856 196.693 153.042 151.576 151.291 149.68 148.887 148.583 167.203 140.572 139.839 134.103 413.68 314.634 132.685 131.097 130.085 126.177 122.052 118.282 114.084 134.23 111.998 107.503 106.749 105.015 103.647 102.163
threshold=1.6428571343421938 0.55357143282890331 0 1 2 3 4 5 5.0089285373687753 6 0.18898283539402885 7 9.5000000000000018 8 0.45708537101745611 9 2.5000000000000004 64.500000000000014 10 11 0.89411887526512157 12 574.50000000000011 1.5000000000000002 0.99649479985237133 209.50000000000003 13 155.50000000000003 2.6595918711791461e-07 244.50000000000003 319.50000000000006 49.500000000000007 14 17.500000000000004 -2.0273983478546138 11.500000000000002 15 24.500000000000004 6.5000000000000009 21.500000000000004 24.500000000000004 14.500000000000002 1.5000000000000002 6.5000000000000009 6.5000000000000009 16 31.500000000000004 17 18 19 20 10.500000000000002 21 18.500000000000004 24.500000000000004 0.93669331073760997 1.2617588043212893 22 630.50000000000011 23 8.5367331504821795 1.0826463699340823 292.50000000000006
decision_type=2 2 9 9 9 9 9 9 2 9 2 9 2 9 2 9 2 2 9 9 2 9 2 2 2 2 9 2 2 2 2 2 9 2 2 2 9 2 2 2 2 2 2 2 2 9 2 9 9 9 9 2 9 2 2 2 2 9 2 9 2 2 2
left_child=1 3 11 14 28 50 20 16 26 24 15 33 21 -12 -1 -8 -4 19 55 -14 22 -11 -7 52 -6 -20 -9 46 -5 30 -30 44 40 34 -2 57 37 -37 -18 59 -33 62 -13 -44 49 -46 47 53 58 -25 -3 -36 -15 -26 -53 -19 -57 -28 -48 -32 -35 -17 -10
right_child=2 5 7 4 9 6 10 8 41 12 13 42 17 23 -16 61 38 18 25 -21 -22 -23 -24 31 27 -27 35 -29 29 -31 39 32 -34 60 51 36 -38 -39 -40 -41 -42 -43 43 -45 45 -47 48 -49 -50 -51 -52 54 -54 -55 -56 56 -58 -59 -60 -61 -62 -63 -64
leaf_value=-0.044735290063776731 0.055697786817795053 0.018345745712264997 0.013889074847285205 0.016993172737657766 0.03488897530384618 -0.00027213527819185747 -0.0058510528264804247 -0.01262522019956141 0.028322085630446026 -0.026243539201469199 -0.020240538219583049 0.022435797036438474 -0.047228160076485309 -0.011984263991785477 -0.031125421674975513 -0.039659515099374071 0.0040940054241465663 -0.010027266491329005 -0.047356860353277602 -0.027804561619609081 -0.0030116813960001311 -0.015188196599003107 0.100350852797252 -0.0087613009468820845 -0.018071329643739403 -0.0090534736752095526 0.0021547919571146307 0.038002694211740587 0.025679881140286583 0.085461415506571076 0.028650113565495336 0.027446994220813054 -0.0095913756113438584 0.025099450163619492 0.018674712795457356 0.048881286214107131 0.0030872816821610966 -0.011421552407887002 0.012750244283832242 -0.020556785618807111 -0.016242419734315009 0.019196368469731273 0.012118068004843685 0.021750461378602454 0.0024639710725677965 -0.010925043251789494 0.020458707855931513 -0.0099780593217571184 -0.02396854226879383 -0.014871369873591717 0.0038741762226695109 0.026096481529936724 0.00061252446862911536 -0.051505335814328174 0.016062340940446413 -0.044825630567031392 -0.0083850079162140212 -0.0041707217178616873 -0.0032801029028628084 -0.0050077423384648628 0.038187499071995076 0.020260445167723656 0.067626416526886154
leaf_weight=7747.4744938611984 352.05950593948364 1825.7157149910927 14263.691769361496 1405.0327868461609 214.0536642074585 104.78555047512054 1013.4461838006973 3325.916329741478 324.96541690826416 7775.6536964178085 7825.4748474359512 6092.1814916133881 3550.1606281399727 2802.8129321932793 8008.7555868029594 2314.5213388204575 24118.637273609638 319.9462725520134 363.02100098133087 4056.1860936880112 24319.685404717922 10012.781377613544 100.68548452854156 13387.784284114838 369.33705359697342 3656.1870040893555 13956.378044128418 169.80548197031021 499.81877940893173 63.930541038513184 282.14152026176453 933.78041708469391 2369.2284152507782 6463.4595606327057 32858.180289506912 508.75395822525024 1566.7676846981049 132.59764468669891 6398.9274497032166 1617.3339784741402 248.05906718969345 1297.6193747520447 24691.85441416502 5510.8810021281242 3211.4558931589127 4954.5594201683998 779.67631465196609 3179.1759086251259 1557.6313257813454 27170.043944597244 10756.813035905361 13996.528637647629 6782.0352213978767 1047.6213567256927 3717.6942626237869 2720.1939852237701 278.64476650953293 14016.742622256279 1227.8588882088661 1205.9474498033524 2009.7300064563751 74.434260070323944 336.97960138320923
leaf_count=13485 47 649 6241 773 86 77 925 2813 63 9974 8612 1596 6119 2474 11813 2421 12432 332 522 5977 18132 11219 37 11075 417 4184 8922 134 309 20 158 699 2168 984 6309 273 1041 85 3106 1642 212 291 7898 1589 2829 4584 624 3223 1792 26028 6163 2537 5489 1506 694 4536 348 10158 1211 1024 282 60 64
internal_value=-0.000286157 -0.0136136 0.0127658 -0.0242218 -0.0195959 -0.0076346 -0.00939011 0.00489741 0.000411943 -0.0222759 -0.0116766 0.0193617 -0.0249076 -0.0108668 -0.0377938 -0.0282955 0.008449 -0.0307131 -0.0242275 -0.0369694 -0.00257418 -0.0200441 0.0490602 -0.00967612 -0.0121778 -0.0124831 -0.00126239 -0.0134022 0.00220709 -0.00344923 -0.00502817 -0.0108868 -0.000343415 0.0218354 0.02078 -5.9999e-06 0.0127823 0.035855 0.00590908 -0.00997131 0.018123 0.0290425 0.0153084 0.0138757 -0.0116553 -0.00566993 -0.0144722 -0.020117 -0.00719465 -0.0128603 0.00598702 0.0205368 -0.00308299 -0.0424926 0.0239907 -0.0382967 -0.04144 -0.00101551 0.00591058 0.00153415 0.0282042 -0.0376343 0.0483381
internal_weight=348244 172304 175941 62108.4 46352.1 110195 97612.8 80248 35466.7 41277.9 73087.6 95692.6 32732.8 69685.2 15756.2 3402.4 44781.3 14944.3 7337.99 7606.35 24525.2 17788.4 205.471 61859.8 8545.16 4019.21 33507.2 8331.11 5074.21 3669.17 3605.24 52274.9 3551.07 59397.7 50924.5 30181.2 2208.12 641.352 30517.6 3105.42 1181.84 1959.56 36294.9 30202.7 48723.8 8166.02 8161.3 4596.13 3565.17 40557.8 12582.5 50572.4 9584.85 1416.96 17714.2 3318.79 2998.84 27973.1 2007.54 1488.09 8473.19 2388.96 661.945
internal_count=241487 174062 67425 81428 56130 92634 85822 45489 23710 52204 67576 21936 43211 64170 25298 3406 21779 22018 9922 12096 18246 21193 114 55558 8993 4706 23292 8907 3926 3153 3133 47595 3079 10853 9587 20479 1399 358 15538 2824 911 418 11083 9487 44516 7413 8773 5146 3627 37103 6812 9540 7963 1923 3231 5216 4884 19080 1835 1182 1266 2481 127
cat_boundaries=0 6 13 19 25 32 39 46 51 58 65 72 79 86 93 100 106 113 117 124 131 136 143 149 155
cat_threshold=1108018184 18879232 1638400 18434 3221225472 577 2282881346 163840 1753507856 202899781 335675392 134217730 2 1078480928 19930176 3 73728 3229614146 1144652549 34276360 17830720 2152726530 2631680 3246407936 1092223488 538986528 1208092684 67797136 268435664 4980748 545259776 67 2216697856 134220868 2097410 2147557472 29360448 68817164 96 75497492 1275068452 85132040 2684404272 2099200 8718336 33 1074331656 4608 589824 2 1073741824 2365588224 46678017 1744902208 537001985 202506256 167788546 8 2151718916 2684362752 270548993 2688565256 1056800 69545040 136 304128128 2961727488 274759744 1073741960 34148356 33559584 8 553921025 276832266 192 319161344 5780 268448800 4 268437504 269041681 64 1077936256 135266304 541069448 64 25198598 2415919162 16810056 605028864 2110000 570442752 140 4198417 2214592512 800 17039400 32864 2483096576 128 0 0 4325936 168296448 0 1090586624 4460609 539033632 17445 2231468552 2105536 2364432 4 16 0 16777984 49200 20 0 16843520 49696 2099200 264192 1 266256 537174144 52429089 2382709280 64 2418016452 160 33621000 4864 1048576 0 2147483648 12628050 2684354578 44041504 1145045000 70338 192 132 4200496 1220608 2416066689 308412416 50306 1074012192 1074266112 18877504 2 0 64 1048576
is_linear=0
shrinkage=0.05


Tree=23
num_leaves=64
num_cat=4
split_feature=5 9 7 7 31 5 33 12 10 0 0 19 13 19 31 12 12 12 7 12 10 25 22 3 19 19 29 25 9 25 33 22 22 22 19 33 22 7 31 13 25 31 30 9 12 33 13 12 31 31 31 12 10 19 33 22 30 7 31 22 22 22 11
split_gain=21466.8 3778.57 3010.78 975.639 580.976 482.117 424.677 360.47 346.898 346.242 343.805 232.723 212.773 212.071 198.646 215.782 196.325 277.089 193.558 192.684 211.522 171.764 209.82 190.441 156.242 150.283 148.231 138.674 137.45 136.453 132.273 137.287 124.95 194.902 124.416 122.892 122.515 121.005 110.427 116.95 108.415 107.338 123.626 104.473 401.312 225.796 171.961 128.891 201.729 139.983 106.631 104.418 104.29 100.677 100.331 98.664 111.722 96.3972 95.6135 94.122 93.8405 108.005 133.961
threshold=1.6428571343421938 0.79307505488395702 3.5803570747375493 1.2946428656578066 2.3300000429153447 0.21428572386503222 1.0710390806198122 9.5000000000000018 1.7584212422370913 1.0000000180025095e-35 3.5000000000000004 2.5000000000000004 630.50000000000011 1.5000000000000002 2.2050000429153447 7.5000000000000009 101.50000000000001 63.500000000000007 3.8839285373687749 2.5000000000000004 1.977388381958008 0 11.500000000000002 9.5000000000000018 1.5000000000000002 1.5000000000000002 3.5000000000000004 1 3.2477097511291508 2 0.89411887526512157 8.5000000000000018 11.500000000000002 5.5000000000000009 6.5000000000000009 0.89411887526512157 1.5000000000000002 0.50892856717109691 1.1299999952316286 209.50000000000003 3 0.99000000953674328 9.5000000000000018 1.0000000180025095e-35 85.500000000000014 0.94723427295684826 349.50000000000006 64.500000000000014 5.0199999809265146 2.4300000667572026 2.9750000238418584 72.500000000000014 4.8173120021820077 6.5000000000000009 0.99994486570358287 11.500000000000002 23.500000000000004 0.68750000000000011 1.0400000214576723 11.500000000000002 8.5000000000000018 6.5000000000000009 0.23214285820722583
decision_type=2 2 2 2 2 2 2 2 2 2 2 2 2 2 2 2 2 2 2 2 2 9 2 2 2 2 2 9 2 9 2 2 2 2 2 2 2 2 2 2 9 2 2 2 2 2 2 2 2 2 2 2 2 2 2 2 2 2 2 2 2 2 2
left_child=1 4 8 9 16 6 43 24 40 14 27 35 18 -12 28 30 17 19 -9 -1 -21 -15 23 60 -5 -11 -24 52 -3 -13 31 -16 33 -22 -31 -10 -14 -7 -19 -40 -2 -29 -43 45 -45 46 -6 -47 49 -49 -46 -8 -4 55 -18 -26 -57 -32 -35 -42 61 62 -23
right_child=2 3 10 7 5 37 51 12 11 25 13 29 36 21 15 -17 54 38 -20 20 32 22 26 -25 53 -27 -28 41 -30 34 57 -33 -34 58 -36 -37 -38 -39 39 -41 59 42 -44 44 50 47 -48 48 -50 -51 -52 -53 -54 -55 -56 56 -58 -59 -60 -61 -62 -63 -64
leaf_value=-0.0066641595795899223 -0.017045362916749157 -0.0081611466997163398 0.01648260247103054 0.0073467351686866134 0.0096182497423652688 -0.023207486349429585 -0.021824111500893906 -0.016519126723759717 0.046880788669429234 -0.00030521901204851368 0.024741783155394621 -0.029722140247171548 0.021069524769349895 -0.010734960232280856 -0.010155214086010741 -0.02873906573334269 0.0059296121582758142 -0.048441500885862659 0.04128340673101065 -0.026334550631926502 -0.016204672675292863 0.013568057303144421 0.040481171812308571 0.021170353483396635 -0.003911060500818255 -0.0089020317730412711 0.021796976467229598 0.015832677050870683 0.056844621004934807 0.0034375021776924552 -0.018992727013480974 0.051828400820175195 -0.052679043992570063 0.095872827173211994 0.010448175295101354 0.011071054064141023 -0.038379203151218927 -0.014297495275835041 -0.035179966125709498 0.0051828579921060838 -0.00054025752853412504 0.0045952234471163343 0.014702724181749442 -0.03073148025460954 0.043578830756639042 -0.043871499823626127 -0.035906050939171444 -0.049686943291334662 -0.044618955725814806 -0.024006526698430886 -0.0085168828867017779 0.0070328375012854681 0.067669035901979882 0.0047769348170539905 -0.031235590453964752 0.0033355035627026792 0.041686800562591823 -0.012939531094667993 0.027010242782482125 0.011741088423120324 0.010633782539267412 0.021823254236413715 0.030234308901422022
leaf_weight=2954.628403544426 921.44994139671326 8906.959325492382 197.69886767864227 5829.4791384935379 469.7048242688179 10261.738664805889 496.12215423583984 505.3499960899353 242.79233229160309 6159.3102349042892 14653.018791913986 276.82702112197876 93.377266228199005 511.82334065437317 219.79038178920746 3001.5499585866928 198.91327840089798 109.76254552602768 202.89524006843567 4495.9498822689056 237.64444732666016 17938.220188498497 1664.953225851059 21441.263774991035 22965.664128005505 29109.396894454956 2930.2751828432083 9073.9702454805374 81.967735052108765 30101.452634513378 10082.008712947369 150.37651020288467 77.024586796760559 71.898972034454346 8013.0628274083138 17660.331629633904 1195.4031870961189 6062.5182799100876 191.64349114894867 2802.4532454013824 21481.159559011459 7460.165250658989 5089.0050476789474 10844.465456187725 220.74407052993774 4586.6173342466354 371.35564774274826 606.55606961250305 2538.2933533191681 4242.8199600577354 176.85638278722763 851.17661958932877 200.43650078773499 5175.6455456614494 2082.0736910104752 2368.240202486515 206.35466712713242 18924.002419531345 168.51895999908447 1682.1222983598709 8550.7500240802765 7325.1760555505753 1292.5746029615402
leaf_count=2896 697 7972 64 3467 391 13441 641 408 83 5353 2561 157 63 137 214 3965 222 155 55 6045 236 3993 273 3799 15640 27353 573 2138 33 16196 11488 113 86 48 4054 8166 921 6619 237 2299 15128 2511 1640 16446 131 7900 577 1109 4460 5799 164 781 38 3433 3036 1495 105 17982 126 1107 2232 1679 330
internal_value=-0.000226293 -0.0129293 0.0118788 -0.007777 -0.0236955 -0.0266034 -0.0309115 -0.00128803 0.00470075 -0.0110405 0.0177465 0.00684925 -0.0219727 0.0193348 -0.0141438 -0.0159694 -0.0146334 -0.0118899 4.34005e-05 -0.0168067 -0.0227394 0.0180497 0.0182894 0.0174574 -0.000157663 -0.00740069 0.0285674 0.0122428 -0.00756775 0.00465388 -0.0146645 0.0150322 0.00637941 0.0159038 0.00491014 0.0115569 -0.0340706 -0.0198986 0.000791827 0.00259826 -0.000321069 0.0116844 0.00869415 -0.0324414 -0.0289226 -0.0355279 -0.0104841 -0.0372869 -0.0331983 -0.0272196 0.0204099 -0.00359412 0.0412271 -0.00158192 -0.0279945 -0.00287053 0.00641087 -0.0150436 0.0476355 0.000351511 0.0151897 0.0166566 0.0146884
internal_weight=349006 170297 178709 115178 55119.5 41729 25404.7 38542.4 80379.2 76635.4 98329.3 56294.5 1997.03 76308.1 41366.7 32377.7 13390.5 11109.5 708.245 8005.67 5051.04 61655 61143.2 56548 36545.4 35268.7 4595.23 22021.3 8988.93 38391.3 29376.2 370.167 555.087 478.062 38114.5 17903.1 1288.78 16324.3 3103.86 2994.1 24084.7 21623.1 12549.2 24057.4 11242.1 12815.3 841.06 11974.3 7387.67 4849.38 397.6 1347.3 398.135 30715.9 2280.99 25540.3 2574.59 29006 240.418 23163.3 35106.7 26556 19230.8
internal_count=241461 173905 67556 100060 73845 58459 38399 25587 45588 74473 21968 28656 1447 15577 41767 33762 15386 12128 463 9437 6541 13016 12879 12033 24140 32706 846 6391 8005 20407 29797 327 496 410 20250 8249 984 20060 2691 2536 16932 6289 4151 36977 16741 20236 968 19268 11368 6908 295 1422 102 20673 3258 17240 1600 29470 174 16235 8234 6002 4323
cat_boundaries=0 1 2 3 4
cat_threshold=136316930 84461568 134217730 235907590
is_linear=0
shrinkage=0.05


Tree=24
num_leaves=64
num_cat=30
split_feature=6 14 14 5 14 14 12 14 7 0 12 14 14 14 14 14 12 14 19 14 14 14 12 12 25 22 14 14 14 13 22 30 14 22 14 14 31 22 14 14 19 12 13 11 7 19 19 14 14 22 14 14 22 13 13 14 14 7 14 11 10 11 9
split_gain=20006.5 3464.8 2923.9 1645.77 858.153 648.412 521.188 595.748 487.78 452.818 392.15 686.689 360.043 348.224 286.081 271.294 261.951 259.724 250.142 240.652 239.121 228.132 214.982 239.463 179.706 179.633 281.081 175.727 164.144 158.94 151.114 170.062 161.953 148.485 147.415 146.186 142.419 165.126 133.691 131.054 127.767 126.38 125.116 124.014 123.261 123.148 120.155 114.94 112.434 236.627 109.372 104.21 104.123 121.532 271.885 161.558 131.492 120.301 147.915 176.414 102.341 101.624 100.437
threshold=1.553571403026581 0 1 0.6428571641445161 2 3 9.5000000000000018 4 0.20535714179277423 1.5000000000000002 63.500000000000007 5 6 7 8 9 63.500000000000007 10 2.5000000000000004 11 12 13 244.50000000000003 109.50000000000001 14 11.500000000000002 15 16 17 204.50000000000003 8.5000000000000018 23.500000000000004 18 8.5000000000000018 19 20 1.7099999785423281 11.500000000000002 21 22 6.5000000000000009 284.50000000000006 282.50000000000006 0.5892857313156129 1.7589285969734194 1.5000000000000002 2.5000000000000004 23 24 7.5000000000000009 25 26 3.5000000000000004 508.50000000000006 339.50000000000006 27 28 2.5089285373687749 29 0.16071429103612903 5.1308052539825448 0.26785714924335485 1.0000000180025095e-35
decision_type=2 9 9 2 9 9 2 9 2 2 2 9 9 9 9 9 2 9 2 9 9 9 2 2 9 2 9 9 9 2 2 2 9 2 9 9 2 2 9 9 2 2 2 2 2 2 2 9 9 2 9 9 2 2 2 9 9 2 9 2 2 2 2
left_child=1 8 20 4 22 43 17 16 50 14 13 41 -7 -9 -4 -11 19 -6 21 -8 45 -17 23 30 -14 27 -27 -26 -20 -13 32 34 44 52 -32 -16 37 61 -31 -10 -30 -12 -40 -5 -3 -2 -29 -19 49 -18 -1 -42 -22 54 55 60 -56 -55 59 -59 -54 -35 -34
right_child=2 3 9 5 6 12 7 10 39 15 11 29 24 -15 35 18 48 47 28 -21 33 -23 -24 -25 25 26 -28 46 40 38 31 -33 62 36 -36 -37 -38 -39 42 -41 51 -43 -44 -45 -46 -47 -48 -49 -50 -51 -52 -53 53 57 56 -57 -58 58 -60 -61 -62 -63 -64
leaf_value=-0.031741497973209805 0.025796600139408134 0.002744184551956296 0.0059955426638325796 0.0047940069250554688 -0.0055450592908717769 -0.013424498499213089 -0.033718982914453223 -0.04815937653717272 -0.019970547132603426 -0.0069692039147248646 -0.044893211886443296 -0.042840825866467695 -0.025184369780186833 -0.027134451391569003 -0.013529472478050109 0.0036435825200227152 -0.043488194006386531 -0.020745584039955356 -0.00027215039455571663 -0.004109060899447666 0.013015031883747872 0.015921159442591187 0.078056648699815476 -0.055242656442153183 -0.00105243229725842 0.022687609990496727 -0.0031819571020381731 -0.0028641591947677399 0.0059165011655147749 -0.00013643359757009639 -0.036191634055833775 0.044910192874915079 0.041322386968957008 0.011911166667552863 -0.0023281496022186376 -0.0013791331691294269 0.0042539501601887393 0.026031277804557263 0.01655653241206629 -0.030063698869831176 0.005176235264385343 -0.016457025302451567 -0.019716793711870378 0.019486473868040387 -0.03889329994031749 0.018884144789791932 -0.0093933307100556203 -0.013978935827238066 0.018166448250202544 0.012534611761489664 -0.044031166084954478 0.018231003212787596 0.07018973905310727 0.054124672976903855 0.01304183501270933 0.017657889384003086 -0.0083518816557827114 0.013928724482682365 0.023087892762529681 -0.036303138229298003 0.029409101889104301 -0.017053810112678543 0.012779566820071659
leaf_weight=2982.8927266001701 7808.4850865602493 2151.585441172123 15041.380095243454 3809.7827058434486 6757.1130433678627 15336.478287756443 1276.046340405941 3618.1541259288788 6496.0455493330956 3013.0787498354912 2552.0001086890697 361.1892511844635 1048.1011652946472 4597.0594093203545 2823.5302887558937 5057.9126006364822 288.62595212459564 10224.302148342133 8195.856196641922 1494.8444508314133 11022.9691593647 15268.42944920063 91.644088387489319 183.66012400388718 16454.168280601501 1501.303112924099 3436.6195467114449 10185.701612830162 22406.199568629265 2489.8522188663483 535.36045300960541 124.37024623155594 408.87987059354782 6204.1630437374115 799.61008185148239 19651.674339771271 5378.6438919305801 2319.1457009315491 263.00769847631454 6858.2449222803116 2367.0860987901688 461.54938805103302 2466.4427510499954 2305.2545919418335 193.65015983581543 36876.5004529953 22863.034322917461 17040.802011549473 962.28545248508453 542.80274319648743 6244.7888950705528 4451.2656170129776 259.69836378097534 286.81270837783813 1384.6811010837555 3273.1597554683685 1471.3910452127457 822.69606637954712 10773.456271886826 221.83710145950317 377.89523959159851 318.27709364891052 1251.484691798687
leaf_count=4933 1054 1622 7775 2389 6157 15844 1640 6466 8162 2229 4506 535 947 6832 2178 2617 352 12182 5083 1565 2741 6192 46 225 12592 1106 2846 8575 10598 2485 533 83 234 1584 628 11673 1553 507 267 10137 1160 765 3185 1302 173 6351 21122 17717 657 439 11547 1852 58 94 335 736 358 217 2258 95 77 130 807
internal_value=-0.000190942 -0.0131326 0.0109232 -0.0101605 -0.016285 -0.00529528 -0.0181901 -0.0243123 -0.0312867 0.00497942 -0.0286582 -0.021208 -0.0066437 -0.0364864 0.000660721 0.00764685 -0.00822736 -0.0143493 0.00840924 -0.0178822 0.0174987 0.0128757 0.00212811 0.000898636 -0.00476746 -0.0043698 0.00472311 -0.00527771 0.00598532 -0.0107493 0.00278635 -0.0109879 0.00780482 0.0148722 -0.0161986 -0.00291096 0.0106695 0.0145723 -0.00854834 -0.0251917 0.00773763 -0.0404046 -0.0161618 0.0103162 -0.000692454 0.0200876 -0.00737881 -0.0165231 0.00664154 -0.0068341 -0.040141 0.0137333 0.0168763 0.0191316 0.0137647 0.0223294 0.00203674 0.0221317 0.0213548 0.00322718 0.0453172 0.0104975 0.019692
internal_weight=347735 160659 187076 138077 61136.3 76940.4 55396.1 21373.9 22582 98276.4 16809.3 8594.04 70825.4 8215.21 37516.6 60759.8 4564.6 34022.2 57746.7 2770.89 88799.8 20326.3 5740.25 5648.6 55488.9 54440.8 4937.92 49502.9 37420.4 5580.49 5464.94 1459.34 4005.6 44114.8 1334.97 22475.2 14220.2 8841.59 5219.3 13354.3 29224.6 3013.55 2729.45 6115.04 2345.24 44685 33048.7 27265.1 1793.71 831.429 9227.68 6818.35 29894.6 18871.6 6766.83 3910.75 2856.07 12104.8 11818 1044.53 637.594 6522.44 1660.36
internal_count=241108 171603 69505 136824 70101 66723 65750 29694 34779 51357 25041 11743 63032 13298 21626 29731 4653 36056 27502 3205 18148 8809 4351 4305 47188 46241 3952 42289 18693 6472 4080 1244 2836 10743 1161 13851 3774 2221 5937 18299 13610 5271 3452 3691 1795 7405 29697 29899 1448 791 16480 3012 6969 4228 1564 871 693 2664 2570 312 135 1714 1041
cat_boundaries=0 6 12 18 25 32 39 46 53 60 66 73 80 85 92 93 100 107 114 120 126 133 140 146 153 157 162 169 174 180 186
cat_threshold=137494848 8929281 1745107008 1208484097 336789520 167772162 1074462728 4864 1638400 18434 3221225472 65 1107836936 20189248 68157442 2097152 3238281282 1159332613 34079744 18881600 2148663558 24608 2172649536 1158808132 96 4200500 1073744900 65797 2952814608 146808840 10553352 32 2415960066 2952962048 274776080 1048780 33554436 5152 10 25198726 2453667858 8390144 609353732 136317984 4214912 12 621019777 2415919106 25166472 118916096 5764 268435488 4 2102272 16941058 2254439042 2150113472 29360386 19399424 4 4198912 536871050 285229724 688162308 6272 2434859008 608436256 2818573324 2153955360 268476968 6823936 2359296 33 2064 3072 256 268443648 8396800 0 32 1073807368 0 524288 2 1073741824 2361376 1074143232 2153938979 304619664 19152896 545260544 66 135049218 4194304 1073741952 4194336 302285832 557576 2415985664 1 541067312 1209008268 21004305 270598352 1077952524 2424832000 2 604260400 1351680 4194561 268435576 4767758 8399872 34 1073758208 3407936 0 0 1074004034 68157700 33554432 2097216 67108866 0 2 524800 876651009 8 285261832 687965700 266380 8224 1 620758529 130 648 33981440 512 8256 1 2228224 8912896 536883264 1208483841 196608 33554432 2415919122 37816338 65792 37880836 142639264 541085928 68 16 4 256 16400 2097408 8929281 1207963648 1073741824 336592912 33554432 1210056704 2260992 34152576 0 1074397444 1 0 0 0 16384 2147483648 655360 256 1048576 0 0 64 0 0 0 16384 0 64
is_linear=0
shrinkage=0.05


Tree=25
num_leaves=64
num_cat=32
split_feature=5 6 14 14 14 14 12 14 14 14 7 33 10 14 14 5 14 14 14 12 34 14 14 14 21 19 12 14 14 19 25 22 14 34 33 21 14 21 12 21 14 14 14 14 12 4 22 14 14 21 25 14 19 14 10 21 21 19 14 14 33 14 29
split_gain=18163.6 3693.42 2308.57 1504.36 854.668 676.794 471.617 507.023 392.126 369.4 328.748 318.207 283.922 302.463 280.996 280.046 294.773 261.346 259.429 345.589 226.567 221.265 189.172 180.68 166.104 159.395 157.3 263.233 234.597 149.683 147.765 152.219 299.634 146.113 144.78 144.569 177.284 163.699 141.009 151.083 166.355 146.994 140.846 136.467 126.94 126.4 126.318 149.158 126.091 154.821 123.903 118.464 116.868 115.324 144.418 115.245 112.682 110.339 156.111 118.18 109.202 107.455 104.207
threshold=1.6428571343421938 0.69642856717109691 0 1 2 3 7.5000000000000009 4 5 6 0.16964285820722583 1.0546653866767886 4.269759178161622 7 8 0.6428571641445161 9 10 11 63.500000000000007 -1.0000000180025095e-35 12 13 14 49.500000000000007 2.5000000000000004 87.500000000000014 15 16 2.5000000000000004 17 11.500000000000002 18 -2.0273983478546138 0.98960703611373912 35.500000000000007 19 12.500000000000002 244.50000000000003 42.500000000000007 20 21 22 23 4.5000000000000009 16.500000000000004 11.500000000000002 24 25 7.5000000000000009 26 27 6.5000000000000009 28 2.5929162502288823 34.500000000000007 51.500000000000007 2.5000000000000004 29 30 0.99822092056274425 31 7.5000000000000009
decision_type=2 2 9 9 9 9 2 9 9 9 2 2 2 9 9 2 9 9 9 2 2 9 9 9 2 2 2 9 9 2 9 2 9 2 2 2 9 2 2 2 9 9 9 9 2 2 2 9 9 2 9 9 2 9 2 2 2 2 9 9 2 9 2
left_child=1 3 14 10 38 60 17 20 -7 -4 -1 18 13 29 33 16 44 -6 -9 21 -8 -20 46 34 -15 42 27 -22 -28 -11 -16 35 -33 -2 -21 37 -37 48 39 41 -41 -5 -19 -14 -10 50 -17 -48 49 -32 -35 -27 -31 -26 56 -30 -55 58 -24 -59 -3 -54 -47
right_child=2 5 9 4 6 8 7 11 15 12 -12 -13 43 24 30 22 -18 25 19 23 26 -23 57 -25 53 51 28 -29 55 52 31 32 -34 45 -36 36 -38 -39 -40 40 -42 -43 -44 -45 -46 62 47 -49 -50 -51 -52 -53 61 54 -56 -57 -58 59 -60 -61 -62 -63 -64
leaf_value=-0.041981842956782263 0.049604610214906072 0.027804932097249754 -0.011967489433494202 -0.0027504812138765661 -0.0029678549606605535 -0.018586840288746732 0.039557688722372551 -0.039374030328357339 -0.016987510333881271 0.010846354464697948 -0.027745896426888933 -0.0064263640624917118 0.0016357215439730414 -0.0012746774435459793 -0.018853020387665193 -0.0015381934771243218 -0.0083997503197002863 -0.0022520010003479417 -0.047171232031459273 0.0077934724706967551 -0.045319386517009813 -0.025053052181805292 0.0048772355527646281 -0.0066040866574811913 -0.0079285882347899378 -0.02406044466762389 0.033603800769224201 -0.010336432735175269 -0.028278094605461386 0.0030675866804902464 0.0095037858941447867 0.033042034245099758 0.0078969968971839954 -0.0041088501435305944 -0.036948302318906577 -8.9446893326005749e-05 0.012086596393138575 0.016618958651658838 0.070964635943616503 -0.050295049103092154 -0.0040525960466341908 0.015645334953768547 -0.016028880842173368 0.023614840013713931 -0.036213232335860816 0.028540129460305059 0.029849212172356723 0.00037603375066813216 0.012642984776964673 -0.012597605707585995 0.017217401024957311 -0.015796748213057512 0.019616306543153637 0.031763894781040317 0.086544296907240595 0.010955952086092876 -0.0036622887219729516 -0.012780204171124826 -0.0065784107968217057 -0.005900980480970059 0.004519122719698886 0.0059707137168151826 0.01800175030754415
leaf_weight=7145.9620397090912 369.80956792831421 526.81775343418121 3380.2603294253349 2567.0910059213638 4072.6582320332527 6950.5635275244713 221.02776700258255 5753.747666567564 2144.7854703068733 14341.390988826752 9379.4460294246674 1441.1530982255936 950.62975835800171 23275.433387517929 353.59534293413162 14783.317346692085 13027.775798678398 3072.1473463773727 2020.9043532013893 216.18682545423508 688.47310149669647 2802.2893382310867 4620.9865294098854 2567.7291852831841 368.48644256591797 7440.6466242671013 404.0473193526268 2431.3734367489815 479.34749048948288 24260.868901312351 2096.2151628732681 2638.9940066337585 2182.677302479744 695.76703071594238 1103.8456962704659 4492.2423464655876 8964.6446483135223 22675.127316474915 73.052051067352295 256.78168803453445 742.1575220823288 1871.0687202215195 4725.8005018234253 2862.4860292673111 1431.987431704998 4712.4265105724335 723.4497594833374 1046.145156621933 8245.4935346245766 1273.7791614532471 39972.365110039711 11006.56876718998 2190.9382323026657 632.85122346878052 86.560367941856384 306.96059435606003 347.77607846260071 9057.5248590707779 8308.3785053491592 20317.542985081673 11325.286171555519 4281.5266377925873 4672.6984524726868
leaf_count=13587 46 184 2971 2090 3797 7206 79 10273 2007 6331 14360 1731 398 16262 126 10660 11740 3348 3877 216 1006 4313 3539 2850 247 9433 246 2809 543 12827 704 572 654 140 1824 1622 2614 6245 21 308 672 1302 5617 731 1321 637 426 737 2199 485 6822 12569 972 376 36 265 232 8861 6885 17289 6360 2220 683
internal_value=-0.000274554 -0.0121532 0.0107299 -0.0206136 -0.0167077 -0.00562011 -0.0187391 -0.0246132 -0.00722629 0.00417291 -0.0338816 -0.0288138 0.00491575 0.00419048 0.0156122 -0.00617756 -0.011913 -0.0147855 -0.0310642 -0.0255005 -0.00978227 -0.034471 -0.00456053 -0.0144366 -0.000256441 -0.0166118 -0.012336 -0.0182359 0.00312755 0.00662697 0.0130571 0.0132754 0.0217447 0.0182907 -0.029398 0.0124228 0.00803088 0.0141464 0.00200404 0.00107989 -0.0164873 0.00503418 -0.0106248 0.0182017 -0.0246166 0.0180629 -2.69691e-05 0.0125971 0.00931941 0.00114645 0.0168558 -0.0191516 0.00466017 0.0162486 0.0244419 -0.0127996 0.019201 -0.00633292 -0.00248544 -0.00802852 0.0055497 0.0106295 0.0232935
internal_weight=347380 167055 180325 72790.5 56265.1 94264.6 50754.9 20437.1 82412.5 76979.2 16525.4 15905.9 73598.9 69785.8 103346 75461.9 16604.5 30317.8 14464.7 8710.96 4531.23 4823.19 58857.3 3887.76 24711.1 26245.2 4310.2 3119.85 1190.36 45074.7 52922.8 52569.2 4821.67 50423.1 1320.03 47747.5 13456.9 34290.6 5510.15 5437.1 998.939 4438.16 7797.95 3813.12 3576.77 50053.3 16552.9 1769.59 11615.5 3369.99 40668.1 18447.2 30733.3 1435.67 1067.19 786.308 980.627 42304.4 12929.4 29375.1 11852.1 6472.46 9385.12
internal_count=241503 174351 67152 97136 69189 77215 64796 30032 70671 43603 27947 25084 40632 39503 23549 63465 15068 34764 23353 13080 4948 8190 48397 4890 17153 30967 4869 3815 1054 22350 15221 15095 1226 8328 2040 13869 4236 9633 4393 4372 980 3392 8965 1129 3328 8282 11823 1163 3388 1189 6962 22002 16019 891 644 808 608 36574 10424 26150 6544 3192 1320
cat_boundaries=0 6 12 18 24 31 37 44 51 56 63 70 77 83 90 96 100 102 103 109 114 120 126 132 136 143 149 150 156 161 167 173 180
cat_threshold=1074471944 18881280 1638400 18434 3221225536 4673 2282881344 688129 1745102864 1210581449 335675392 402653186 1074286592 1093670916 1179650 73760 3229876290 1142555397 33754120 17830728 2149056514 2107392 3246407936 1628045824 71303220 134284384 67175681 2957000720 136314888 2164808 33 1157628608 306725904 1753288704 1074921477 1245202 33554592 276856837 268435480 50331656 605159936 2113200 570443792 132 2250244096 135267396 2097410 2418024544 29376768 1142554884 96 1073807368 512 524288 2 1073741824 270540816 1084229666 131340 168035376 37056 4194373 108 641990660 738198728 73416968 49680 561152 2147748864 33 268443650 2692751368 276873280 84967428 34149396 33559584 14 553912833 33554434 33555080 33948672 640 8192 537395216 1208092672 71467284 2148270256 4722760 2155938052 96 35685504 268451840 23068672 0 32768 144 67108880 1024 0 16 67108864 1024 4198402 655360 18878720 0 0 64 513 0 16779520 65536 2048 2147483712 0 4 131074 0 0 772 1073762304 3145728 1048576 73760 8650816 68157444 16786048 2428502048 318767109 33816580 169870976 48324704 33554432 2 2 48 524288 0 4325632 786464 524352 2147549184 64 0 18874624 0 16384 64 512 212336646 34962 2449555456 65604 2151809028 135266336 574640288 2064 1073905792 1 65680 32768 2408481 77889700 0 184566784 169904164 339752960 2155913216 2223079584 33570816 541066248 167816864 4216849 35651584 68 2 0 8388864 68157440 64
is_linear=0
shrinkage=0.05


Tree=26
num_leaves=64
num_cat=31
split_feature=5 6 14 14 14 14 14 12 12 14 14 7 7 14 5 14 14 14 14 0 34 14 5 25 33 14 14 33 14 12 33 12 14 21 21 14 14 14 20 14 21 21 14 34 12 14 14 20 14 33 7 14 34 14 33 14 21 14 8 33 14 11 11
split_gain=16318.8 3715.76 1788.15 1520.46 936.84 790.014 433.139 429.808 409.561 718.55 484.036 391.42 347.869 384.997 277.193 294.377 269.045 212.834 211.5 199.993 184.062 180.13 162.873 158.145 150.983 150.406 148.277 147.306 135.753 133.41 129.272 126.354 130.147 124.948 149.554 210.036 135.644 125.067 159.986 118.634 118.133 107.416 103.646 101.421 101.378 109.946 100.48 100.348 99.8832 119.662 107.183 131.266 97.8766 97.5296 102.506 113.019 97.1895 210.519 98.9778 96.3373 91.0416 94.0121 90.2462
threshold=1.7857142686843874 0.66071426868438732 0 1 2 3 4 8.5000000000000018 64.500000000000014 5 6 0.16964285820722583 2.9196429252624516 7 0.6428571641445161 8 9 10 11 10.500000000000002 -11.164939880371092 12 0.21428572386503222 13 0.97187143564224254 14 15 0.99994486570358287 16 97.500000000000014 0.95529237389564525 244.50000000000003 17 50.500000000000007 35.500000000000007 18 19 20 24.500000000000004 21 10.500000000000002 4.5000000000000009 22 7.9956767559051523 325.50000000000006 23 24 20.500000000000004 25 0.98960703611373912 2.5089285373687749 26 1.8084287643432619 27 1.0692064762115481 28 48.500000000000007 29 1.2629922032356264 1.0392899513244631 30 0.23214285820722583 0.55357143282890331
decision_type=2 2 9 9 9 9 9 2 2 9 9 2 2 9 2 9 9 9 9 2 2 9 2 9 2 9 9 2 9 2 2 2 9 2 2 9 9 9 2 9 2 2 9 2 2 9 9 2 9 2 2 9 2 9 2 9 2 9 2 2 9 2 2
left_child=1 3 19 11 31 25 -7 16 10 24 -9 -1 13 41 15 22 -6 59 56 20 -2 29 -8 40 -10 -3 -15 -23 -29 53 -19 32 -5 34 35 -14 -36 -35 47 -18 -22 -4 -20 -30 45 -26 -17 -39 -25 -50 51 -51 -47 54 55 -11 -16 58 -58 -12 61 -21 -43
right_child=2 5 12 4 7 6 14 8 9 21 17 -13 33 26 18 46 39 30 42 60 23 27 -24 48 44 -27 -28 28 43 -31 -32 -33 -34 37 36 -37 -38 38 -40 -41 -42 62 -44 -45 -46 52 -48 -49 49 50 -52 -53 -54 -55 -56 -57 57 -59 -60 -61 -62 -63 -64
leaf_value=-0.042561211385274703 0.045600371360951221 0.016234373783281492 -0.0036979869927529483 -0.0040273690270073818 -0.0013833663270223214 -0.018028045750020798 -0.037193518498004056 -0.047109769652469269 0.0012646780500209318 -0.052148071767759187 -0.035204274830137543 -0.026754887012204905 -0.0008189099217676475 0.0019770047243447006 -0.0010153501546186657 -0.0022285695596409995 -0.021043592938231513 0.027677724794682751 -0.0099984704503017358 0.020100997368072127 0.0026414457912066966 0.015480346453854654 -0.015436328152111135 0.016196727277297564 -0.028870974549803557 0.0032104607027539679 -0.005474687325948897 -0.049792037633583579 -0.016724991661559534 0.022120773078450496 -0.016276523438590023 0.062853641147889189 0.011019475062767674 0.00020496529166206937 -0.0054923830206477439 0.014068267985834298 0.0081933812317723839 0.029214168004272109 0.0010715483681040944 -0.013606073202746134 -0.04874593616605917 0.0074471060560213345 -0.0046724328284222403 0.026521565542582629 0.013522507126853815 -0.052532938740848981 -0.011064316290915602 0.069665443257253212 -0.0094512171550251954 0.042659787389414706 0.011772653055121334 0.015567726235949111 0.0015769810512644236 0.010202652877498032 0.016810368569760724 -0.01019615284910546 0.017714045448602854 0.0025273473325791839 0.069715947440429249 -0.0036904204650037584 0.015671751605791189 0.034560900380350049 0.021319951757236454
leaf_weight=6916.9955407679081 448.84566020965576 2710.7667663097382 2066.833601474762 4246.2306594252586 3459.872961461544 7908.5743197798729 1438.1170616149902 3295.8688418269157 258.27863240242004 202.0118921995163 2850.5756597816944 9031.8616439402103 2845.2197012901306 14485.044331848621 17074.557370126247 4874.488493680954 8619.01431620121 177.58912134170532 12457.826393127441 15244.942613363266 332.25990450382233 367.71475797891617 2140.8101226091385 24661.670064032078 1360.4165333211422 12064.423847079277 12367.867265164852 295.96078062057495 2352.5870200991631 702.4402779340744 2858.2287315130234 83.699149370193481 2159.7667827606201 358.81142640113831 2818.9581310749054 14339.509265899658 5027.6036397218704 304.91757047176361 235.15158295631409 14847.062576115131 168.48095667362213 21233.330676615238 34525.086369812489 143.77239125967026 90.651963323354721 1511.9351874887943 9564.2461729049683 308.76728487014771 633.44780665636063 609.31268346309662 35809.723457813263 1793.6279943585396 88.456239938735962 794.82420426607132 238.04910165071487 732.48084443807602 171.20784187316895 1508.7989416718483 196.67623424530029 265.08737206459045 14813.615440785885 1213.6982526779175 1240.741456091404
leaf_count=13770 62 935 1085 3878 3253 8609 1352 6534 255 297 4881 14228 1297 8670 12071 4208 11193 138 12122 2370 91 333 1967 4340 2288 7191 9389 493 3012 562 3974 23 1412 123 1236 5326 1869 79 76 17213 56 10857 28421 117 155 3065 9060 64 202 254 9367 814 121 692 180 778 102 1048 85 379 2484 216 693
internal_value=-0.00015247 -0.0109426 0.0107139 -0.0200804 -0.0159277 -0.00511977 -0.00684535 -0.0184628 -0.024315 -0.0167687 -0.0316153 -0.0335892 0.00507271 0.00268184 -0.00578986 -0.0112866 -0.0144297 -0.0231986 -0.00428864 0.0152866 0.0136963 -0.00615668 -0.0241124 0.0134725 -0.0353349 0.00560938 -0.00145585 -0.0142197 -0.0181822 0.00340451 -0.0136595 0.00185176 0.00105665 0.00975757 0.00899964 0.0116112 0.00328006 0.0254655 0.0357189 -0.0163457 -0.0143679 0.00720699 -0.00608651 -0.0141766 -0.0385485 -0.0401431 -0.00808503 0.0495747 0.0136921 0.0120983 0.0124587 0.0226812 -0.0492347 -0.00326153 -0.01237 -0.0199367 0.000171666 0.0109718 0.044322 -0.0324192 0.0185692 0.0211547 0.00821309
internal_weight=347949 174587 173362 67951.4 52002.6 106636 91860.4 45512.9 18586.9 9139.58 9447.35 15948.9 77632.8 51393.8 83951.8 18017.7 26925.9 6151.48 65934.2 95729.6 64457.4 5829.84 3578.93 64008.5 3309.74 14775.2 26852.9 3160.03 2792.32 2669.81 3035.82 6489.7 6406 26238.9 25031.3 17184.7 7846.56 1207.65 848.836 23466.1 500.741 24540.9 46982.9 2496.36 3051.46 2960.81 14438.7 613.685 63507.8 38846.1 38212.7 2402.94 1600.39 1967.37 1172.54 934.493 18951.2 1876.68 367.884 3115.66 31272.3 16458.6 22474.1
internal_count=241415 180395 61020 93224 65226 87171 79045 59913 28254 12348 15906 27998 40764 30694 70436 16587 31659 9372 53849 20256 15186 6464 3319 15124 5884 8126 18059 3955 3622 2509 4112 5313 5290 10070 9728 6623 3105 342 219 28406 147 12635 40543 3129 5629 5474 13268 143 14977 10637 10435 1068 3186 1947 1255 1075 13306 1235 187 5260 5070 2586 11550
cat_boundaries=0 6 13 20 26 33 40 47 54 61 67 73 80 87 88 93 100 106 113 120 126 132 138 144 150 157 163 168 175 179 186 192
cat_threshold=1141579784 5888 1638402 18434 3221225472 4673 2282881344 9076737 1745102864 134742413 336723968 134217730 2 1074282500 1093672000 65794 90112 3238002754 1077543429 32 34278408 16782152 2152726528 10240 3242213632 1629094656 83886592 46679089 1753288704 1074921473 1180304 167776384 8 304120834 2952798208 283164736 1074790464 34182148 33559584 8 621021712 10 41943688 353797120 5780 268443680 4 2183136272 153094148 2229536 2183143520 4194624 1075445772 96 1344274448 2099202 33554692 168559664 102468 2415919213 100 637800448 675283084 107102248 33849968 561152 2147486720 268443779 2587910272 16797792 1107296288 8495104 2688554128 1612709936 1075185666 67240066 136839344 8912972 8454212 96 620759568 6 648 2416346112 8397440 545267712 129 4198402 33752072 4864 1048576 2048 3221225472 4210720 1074962528 2235580432 269090820 58737674 67117344 2 128 0 33554432 0 0 268435520 1073758212 1073742912 65794 90112 2 2097156 32 2097184 2097156 4325376 268435456 4194304 1073872900 64 33554432 16779328 67108864 2149589040 0 1074921476 1024 2048 2097152 0 64 524288 268470323 81936 4160 1094713344 142606376 541069472 2424340676 2483093504 50873928 557842436 167847968 4210689 301989888 2415927296 281018432 0 562176 5152 2147532896 2819891204 338214961 2149580936 2361352 69206016 1 1073815560 0 524288 2 1073741824 4096 67108864 0 0 18432 2147483648 603979792 6 520 164864 640 0 128 536870928 0 512 32768 1073741824 0 2 32 64 65536 96 589832 512 1114112 16386 0 513
is_linear=0
shrinkage=0.05


Tree=27
num_leaves=64
num_cat=30
split_feature=6 14 14 5 14 11 14 33 5 14 14 33 19 25 14 14 7 14 14 3 14 5 14 14 14 21 19 19 21 14 14 22 30 14 11 14 29 21 14 14 14 14 5 20 25 22 14 5 13 14 14 33 14 33 31 21 13 21 14 21 11 14 11
split_gain=15290.5 2914.51 2070.15 1200.47 669.802 516.579 515.466 417.783 406.486 527.544 392.043 360.772 305.479 278.517 265.894 258.016 310.282 278.526 244.336 239.584 236.283 212.483 191.856 181.119 171.489 166.019 161.191 151.844 147.06 143.947 137.691 130.379 148.922 131.834 127.05 121.07 126.248 121.061 184.097 120.914 120.796 120.374 119.783 118.324 116.187 116.917 222.662 130.91 127.823 177.715 114.329 108.223 237.313 138.355 206.699 135.763 128.286 142.776 142.708 205.834 165.565 142.071 105.83
threshold=1.4821428656578066 0 1 0.6428571641445161 2 0.8392857313156129 3 0.89411887526512157 1.0000000180025095e-35 4 5 1.0527611970901491 2.5000000000000004 6 7 8 0.026785715483129028 9 10 8.5000000000000018 11 2.5000000000000004 12 13 14 50.500000000000007 1.5000000000000002 6.5000000000000009 49.500000000000007 15 16 8.5000000000000018 20.500000000000004 17 0.55357143282890331 18 3.5000000000000004 49.500000000000007 19 20 21 22 6.7857143878936776 24.500000000000004 23 11.500000000000002 24 2.7857142686843877 153.50000000000003 25 26 0.99649479985237133 27 1.0000107288360598 1.8050000071525576 36.500000000000007 193.50000000000003 23.500000000000004 28 5.5000000000000009 0.41071428358554846 29 0.19642857462167743
decision_type=2 9 9 2 9 2 9 2 2 9 9 2 2 9 9 9 2 9 9 2 9 2 9 9 9 2 2 2 2 9 9 2 2 9 2 9 2 2 9 9 9 9 2 2 9 2 9 2 2 9 9 2 9 2 2 2 2 2 9 2 2 9 2
left_child=1 5 13 4 31 29 34 23 9 -9 -4 15 20 25 -8 -11 18 -18 -17 44 -12 40 -10 -6 -13 -2 39 37 30 -1 -23 41 33 -33 -5 -21 -37 50 -39 -16 -14 -3 -22 -30 -15 48 47 -47 49 -46 -28 52 -50 54 55 56 -53 58 59 -58 -60 -59 -61
right_child=2 3 10 6 7 -7 14 8 22 11 12 24 21 19 26 16 17 -19 -20 35 42 28 -24 -25 -26 -27 27 -29 43 -31 -32 32 -34 -35 -36 36 -38 38 -40 -41 -42 -43 -44 -45 45 46 -48 -49 51 -51 -52 53 -54 -55 -56 -57 57 61 60 62 -62 -63 -64
leaf_value=-0.030982302972794126 -0.001922347567849648 -0.00029171179583794833 -0.0096725919609605346 0.0026997835908929044 0.04614512110111188 -0.0377355316716117 -0.012487400728176772 -0.0081039390350765034 -0.019466127687756796 -0.037864944579934286 0.00095147946960265578 0.016859775297348653 -0.0054141851363754866 0.028295348924986738 0.0104947445290205 -0.036550452008742927 -0.046327447405059632 -0.02279064845977323 -0.0094126635814424583 0.013007001941860786 0.010625617252748763 -0.0019882630181082567 -0.010401800317224829 -0.00032603726043072548 -0.01634742671480454 -0.055528466694734969 -0.0035814127170228985 0.00081250469123424955 0.025863745522699901 -0.018754888688482935 0.0066996960542721785 -0.039611893488173434 0.04294010065829991 -0.0046001304312446251 0.01688470204473428 0.023857056818706642 0.016681407523919011 0.033730344277044154 -0.0026238415302214995 -0.0024311639449098098 0.001518603693244581 0.017689840040378848 0.028639225682811777 -0.0089478035689698008 0.037773291564896408 0.062738744295052593 0.010435031700246421 0.025930355716385991 0.030327147928923978 0.011232482341730307 -0.0098744533218091419 -0.0093380527357805922 0.0074724629619734168 0.014512291707496927 -0.00085296966729255441 0.0039662045278789481 -0.0052779025497459156 0.0061881323030922395 0.0081338871043903013 0.020261837532560181 -0.034668172871398582 0.021678509791370669 0.047111946295125016
leaf_weight=3421.4769456684589 488.39105117321014 2185.8978813290596 5191.5683104991913 3809.7176564335823 335.57465225458145 9505.4060739576817 13323.226094484329 5342.0127348899841 8136.1554079651833 5054.241416156292 7215.768425822258 616.19310051202774 8540.0966406464577 1095.1216546297073 2716.401624917984 1043.6993521153927 2149.4271060824394 3223.0166847407818 4025.8560820221901 13084.045120120049 19886.163183867931 5907.5572670102119 21108.424860656261 542.19605523347855 1016.9337927401066 204.98906242847443 10598.89539206028 7280.1763498783112 1414.9393292665482 8845.0997866988182 19988.134360253811 383.16482359170914 118.89584964513779 880.2796938419342 2695.3567407727242 8806.0665825605392 20175.952863693237 411.61443734169006 1995.5355550050735 5371.5879148244858 23687.357185781002 1615.4497863650322 967.71290183067322 294.93397659063339 1045.7669895887375 270.37972116470337 3711.8600825071335 2264.6292479038239 2082.5844271183014 1641.590499162674 22876.647518217564 696.09731483459473 2533.2332770824432 11874.02643018961 5277.116859793663 7335.160407781601 527.55681872367859 2005.9793053865433 11699.480315208435 924.11470127105713 230.28540986776352 5953.3855563998222 608.96436703205109
leaf_count=5532 132 1720 4189 2602 202 18618 14219 5420 9810 9484 3957 571 5789 242 2020 1849 3862 4860 4888 2545 9219 3299 21968 536 1351 68 8464 6351 509 12029 9216 422 83 737 1614 1331 3260 279 1671 4436 14453 954 223 130 196 83 855 446 341 460 21381 166 658 3349 1988 1892 142 502 2474 203 113 1132 138
internal_value=-5.48851e-05 -0.0120555 0.00909161 -0.00919406 -0.0145476 -0.028973 -0.00484364 -0.016236 -0.0168197 -0.0218766 0.00366741 -0.0261518 0.0044563 0.0139204 -0.00619471 -0.0285227 -0.0239412 -0.0323367 -0.015091 0.014132 0.0087602 0.00243793 -0.0129339 0.0179652 -0.00381466 -0.0175234 -0.00455672 -0.00577143 0.00565734 -0.0222062 0.00471954 0.00260908 -0.0105351 -0.0155703 0.00856426 0.0170439 0.0188553 -0.00710723 0.00372296 0.00192013 -0.000319767 0.0073959 0.0114562 0.019859 0.0121515 0.0118535 0.0183343 0.0297413 0.011112 0.021744 -0.00788601 0.0105598 0.0178665 0.00984418 0.00827204 0.00987818 0.0117931 0.0124633 0.00942151 0.0215554 0.00730126 0.0178096 0.0309295
internal_weight=348260 150629 197631 128857 57777.4 21772 71079.2 52593.7 51716 22471.4 93094.2 17129.4 87902.7 104537 64574.1 15496.2 10442 5372.44 5069.56 103843 28069.6 59833 29244.6 877.771 1633.13 693.38 51250.9 43162.9 27605.6 12266.6 25895.7 5183.69 1382.34 1263.44 6505.07 42066.1 28982 35882.7 2407.15 8087.99 32227.5 3801.35 20853.9 1709.87 61777.3 60682.2 6246.87 2535.01 54435.3 2687.36 33475.5 51748 4615.82 47132.2 35258.1 29981 22645.9 21949.8 13990.4 2060.64 11929.8 7959.36 1533.08
internal_count=241633 167933 73700 131754 68717 36179 63037 64801 64063 32285 50984 26865 46795 22716 58821 24943 15459 8722 6737 22516 13399 33396 31778 738 1922 200 44602 38146 13154 17561 12515 3916 1242 1159 4216 7136 4591 31795 1950 6456 20242 2674 9442 639 15380 15138 1384 529 13754 656 29845 13098 999 12099 8750 6762 4870 4704 3070 483 2587 1634 341
cat_boundaries=0 6 12 19 26 32 39 40 47 54 61 67 74 81 87 94 100 107 113 119 126 133 140 147 148 154 160 167 172 177 183
cat_threshold=2282881344 8929281 1745102912 1209663745 336723984 167772162 1074463752 16782080 1638402 149506 3221225472 577 34095144 18094144 2215641090 2105344 3242213440 1160905472 1 1107823616 18877504 16908550 2170928 3246407744 68813312 32 1153437700 1075840004 198401 2684370944 144965674 600076 2420408833 152 318799900 687900164 268928 65536 128 201326594 25206914 2520842256 77598720 541065220 134218784 4214960 140 805348354 2952962056 8437776 83918988 33620996 4128 14 17039889 134217730 168 302253088 4736 276824064 96 2097280 4194304 270532608 64 528384 536872144 538970144 1610874882 2149580961 271327232 16793604 816066592 66 278921746 33619984 268500996 2151760896 142704812 537399464 64 268436480 8 0 536870912 4 68 8208 671088642 25165824 16810144 0 4096 38 135266560 16384 1074014208 257 268435456 134217730 603996176 1351680 71303681 34341040 6291460 3852995584 32 33554432 16777280 67108866 0 0 1073742336 655360 16777984 65536 16384 3221225472 576 0 128 272629792 262144 2048 16843776 65 805306416 135299204 81920 2181316672 6826116 3514892292 64 100691968 1081414 147488 65560 32780 2441616416 39 33570848 264256 1048576 8192 64 70254848 1 268451893 524288 4864 65538 0 1073741824 513 1073741824 512 589824 16386 0 512 6574096 1075183756 2148630657 302006400 4980746 1090519104 2 1073741832 0 524288 2048 1073741824 8 16777728 65536 0 2147483648 65544 256 0 16384 2147483648 1
is_linear=0
shrinkage=0.05


Tree=28
num_leaves=64
num_cat=28
split_feature=5 6 14 14 14 14 14 6 14 14 6 0 8 5 14 14 19 30 14 34 14 10 14 14 13 14 10 14 34 30 14 30 13 10 19 22 14 8 21 14 14 21 14 34 11 14 14 5 14 6 3 13 10 14 14 21 22 14 9 14 14 19 19
split_gain=13943.4 2670.47 1993.23 1293.14 899.092 680.786 401.978 348.902 299.254 282.798 265.836 263.827 258.607 252.008 191.611 179.124 175.024 168.068 167.055 164.35 173.377 241.406 251.275 158.752 152.227 151.339 136.974 143.27 124.108 121.068 118.015 116.836 114.83 114.611 112.314 111.49 137.853 109.363 107.921 185.207 166.328 159.87 104.691 102.703 116.295 251.129 118.52 101.516 100.441 106.809 99.5341 99.046 98.7954 94.8062 93.6514 92.0046 220.709 98.3443 89.7952 85.7436 83.7643 83.278 101.566
threshold=1.5000000000000002 0.55357143282890331 0 1 2 3 4 0.12500000372529033 5 6 1.0892856717109682 4.5000000000000009 0.18898283539402885 3.3571429252624516 7 8 1.5000000000000002 21.500000000000004 9 -5.6635587215423575 10 0.16044347733259204 11 12 319.50000000000006 13 2.6595918711791461e-07 14 0.38717985153198248 3.5000000000000004 15 11.500000000000002 209.50000000000003 4.269759178161622 6.5000000000000009 11.500000000000002 16 0.18898283539402885 33.500000000000007 17 18 47.500000000000007 19 -1.0000000180025095e-35 0.23214285820722583 20 21 1.0000000180025095e-35 22 1.4821428656578066 11.500000000000002 729.50000000000011 1.2139608860015871 23 24 14.500000000000002 3.5000000000000004 25 1.3702720403671267 26 27 1.5000000000000002 6.5000000000000009
decision_type=2 2 9 9 9 9 9 2 9 9 2 2 2 2 9 9 2 2 9 2 9 2 9 9 2 9 2 9 2 2 9 2 2 2 2 2 9 2 2 9 9 2 9 2 2 9 9 2 9 2 2 2 2 9 9 2 2 9 2 9 9 2 2
left_child=1 3 11 7 24 53 37 -1 -4 17 25 29 19 16 -14 -12 30 -6 -15 -11 28 32 -23 -18 -5 -8 -26 52 -21 48 -10 43 -22 -20 35 -25 -37 -7 40 41 -31 -40 -36 -13 46 -46 -45 -17 -2 -50 -48 -42 -28 -3 -9 56 -33 -57 -54 -41 -49 -27 -63
right_child=2 5 8 4 9 6 10 54 13 12 15 31 14 18 -16 47 23 -19 33 20 21 22 -24 34 26 61 27 -29 -30 38 -32 55 -34 -35 42 36 -38 -39 39 59 51 -43 -44 44 45 -47 50 60 49 -51 -52 -53 58 -55 -56 57 -58 -59 -60 -61 -62 62 -64
leaf_value=-0.042790207398445725 0.010077203469593191 0.015921486590953129 -0.011447679575502037 0.026844577552704349 -0.012620770327008139 -0.04040146493525465 -0.015084734008789236 -0.016399895244312214 -0.0021556858948966538 0.0013678250850530582 -0.01204667389565996 0.03307732367319801 -0.0046664939099562248 -0.011301245058046248 -0.019153911664965387 -0.018575568587800666 0.0040921825097284007 0.01174080698313225 0.0081258983897694436 -0.036843576537523133 -0.0460751274209317 -0.043154035678763289 -0.019142661867282293 -0.0039259597658681507 0.011887193448232955 -0.0023693566262257644 -0.0063970144757488807 0.00080074477001936841 -0.0076007267917837136 0.0088294762269938171 0.010953615888701151 0.018239736862926469 -0.011667643333627645 0.019568391317379523 0.014502915581451415 0.025161710604506726 -0.0018206470174749183 -0.018090977924424601 0.0096932788442170119 -0.020645780086420477 0.025529356611098449 0.03076360739114414 -0.00027704929543634192 0.001756293785657542 0.032604803260549486 0.0073548493736336406 0.011305808554212277 0.0021738275178228867 0.030604124796653805 -0.00055451961909479448 0.016515365433855383 0.014391851528222392 -0.049359174866808964 0.0029610859048105689 -0.029994739673650697 0.0096789496373371857 0.04775636670704491 0.01805464082462168 0.018641073207690897 0.0045755345017386073 -0.0036309760320867301 -0.010423667989773197 -0.00265489817311224
leaf_weight=6185.7430282831192 5885.2156113386154 1635.6673429012299 3594.4444636106491 607.57529181241989 6469.2599260807037 607.45112413167953 9899.2852154672146 1845.0639898777008 2227.5810751914978 531.3975151181221 5428.0392650365829 646.69940590858459 2802.3996624946594 962.78388738632202 12876.007336646318 908.02866524457932 20174.00067025423 794.88603317737579 12587.959504127502 4595.5245365202427 258.70110803842545 2115.1364242434502 2367.1572379767895 23663.844747543335 1631.2301555871964 5410.1089851856232 419.79583704471588 2149.7072901129723 393.99466481804848 7681.2859276533127 7503.6212961673737 2844.1218618154526 3850.9684838652611 2648.9167246818542 1875.4018187522888 748.34599632024765 1262.7936210036278 5735.8042467832565 2753.288702249527 342.62658202648163 3483.8731796145439 1337.6347634792328 3294.5070757865906 2533.6715924739838 2178.8056054115295 1826.9771545529366 29507.338764429092 9601.8745459318161 288.59796929359436 5811.9806315898895 13303.252477884293 4676.0212371349335 373.14969852566719 10020.054248571396 4839.6080657839775 4589.8981832265854 814.76153588294983 16133.38108932972 55.753741979598999 7736.2583419680595 17585.612728357315 24880.027533113956 5063.3773393929005
leaf_count=13350 1522 529 3232 378 7459 706 10724 2663 1384 507 4569 96 3013 581 17372 709 11089 762 5615 8948 406 4371 3724 16434 939 5001 408 1872 553 2763 3964 527 5256 637 1186 400 850 6558 896 169 895 296 2313 791 439 651 5839 6651 141 2068 1979 1115 514 6154 8593 1120 129 2817 54 2434 13913 25100 5037
internal_value=-0.000189586 -0.0115442 0.00866125 -0.0203241 -0.0160878 -0.00653958 -0.00809087 -0.0342054 0.00263469 -0.0188294 -0.00711366 0.0129038 -0.0209926 0.00329392 -0.0165796 -0.00373991 0.00181675 -0.00994117 0.00883541 -0.0259098 -0.0269771 -0.0225617 -0.030613 0.00064465 0.0033095 -0.00961451 0.000227483 -0.00611596 -0.0344656 0.00963019 0.0079618 0.0146659 -0.0138346 0.0101086 -0.00161101 -0.00296542 0.00833631 -0.0201963 0.0114296 0.00788866 0.0141499 0.0165429 0.00511213 0.013282 0.0130225 0.0211889 0.012301 -0.00212996 0.00542477 0.000918464 0.0129217 0.0191238 -0.0233677 0.00479205 -0.0263121 0.0175037 0.0248136 0.016213 -0.0405174 0.00348145 -0.00158141 -0.00807621 -0.00911
internal_weight=346858 151938 194920 55163.1 42292.6 96775.3 85119.6 12870.4 80544.2 37055.4 78776.4 114376 29791.3 76949.8 15678.4 33523.6 60750.1 7264.15 16199.7 14112.9 13581.5 8591.96 4482.29 51018.9 5237.21 45252.8 4629.64 2998.41 4989.52 39996.8 9731.2 74378.9 4109.67 15236.9 30844.9 25675 2011.14 6343.26 28011 12169.8 15841.2 4090.92 5169.91 49996.7 49350 4005.78 45344.3 28095.5 11985.8 6100.58 42810.6 8159.89 848.699 11655.7 6684.67 24382.2 3658.88 20723.3 428.903 8078.88 27187.5 35353.5 29943.4
internal_count=241165 166793 74372 81142 56536 85651 78968 24606 47685 52371 71704 26687 44150 44453 20385 25842 37620 8221 6833 23765 23258 13757 8095 32272 4165 45862 3787 2848 9501 12299 5348 14388 5662 6252 21183 17684 1250 7264 8568 3795 4773 1192 3499 9795 9699 1090 8609 21273 3731 2209 7818 2010 976 6683 11256 4593 656 3937 568 2603 20564 35138 30137
cat_boundaries=0 6 12 19 25 32 39 46 52 59 65 72 79 86 93 100 107 114 120 126 133 139 144 150 155 160 166 168 175
cat_threshold=1108018186 18882304 1638400 18434 3221225536 67633729 2282881346 537034752 679782416 202899725 335740928 134217730 1145585696 1093670976 65539 8192 3229876290 1077543429 32 33752072 17830728 2153250818 2629648 3242213632 1628569600 1291846528 39863297 1744902144 131329 202506256 167772290 4 293634053 2420179000 32776 537920008 9776 570426384 136 8392724 201327652 16909064 2147598896 2107400 75827456 1 35922432 12591242 106975232 50594880 562688 2449474624 273162242 2692808720 16640 1711293452 13824 340064 160 4194304 1048576 21102592 268959760 16777224 69632 2139136 310910985 304103488 1073741888 34083844 301995104 10 553912833 2151694466 160 319161344 656 4202496 68 2216689664 134217728 90177602 2552766532 16793856 1074221348 32 2157977618 2 16777545 2818606084 33654946 2415919648 40 67108864 2097152 2 8192 8388608 524292 32 603981856 1074135170 2231370406 884736 22656 272384 66 0 1073741824 2147615280 33554464 8388608 2433746944 66 1073741824 2101504 0 16384 1073741824 513 1073873920 2099456 1048576 0 2147483712 67633665 541065776 1610874950 2147483808 21037056 10485770 2105344 68 131080 2098688 1048576 0 3221225472 64 33554432 18875392 0 0 2147483648 1073872904 16782080 589824 2050 1073741824 67108928 66568 16781568 1572864 0 2147483904 2 537034752 32784 68157452 196608 1024 16781056 65536 2048 2147483712 1 33554432 1024 10799136 1140852738 2130052 2281769088 8912974 76022276 8
is_linear=0
shrinkage=0.05


Tree=29
num_leaves=64
num_cat=29
split_feature=5 14 14 14 12 14 11 14 10 33 14 12 14 14 14 22 14 7 2 32 25 14 25 12 12 25 19 19 14 22 14 14 22 14 14 7 12 13 14 22 14 13 13 14 12 13 22 14 14 33 12 7 9 14 14 19 19 14 14 22 14 20 22
split_gain=12240.8 2467.52 2033.66 965.173 1110.45 490.658 438.749 388.436 356.531 325.008 351.481 490.478 361.897 293.764 288.435 224.296 218.979 216.392 204.405 239.176 200.056 182.097 175.026 166.985 165.779 158.88 150.329 137.455 136.061 135.848 202.46 147.699 152.498 225.921 132.128 131.626 130.785 133.712 171.674 130.123 126.163 123.297 131.834 158.067 136.831 137.502 122.341 284.135 157.136 132.943 125.307 120.065 110.532 109.765 104.477 100.839 116.437 169.103 140.961 98.223 96.6951 95.5388 91.5428
threshold=1.3571428656578066 0 1 2 5.5000000000000009 3 0.87500000000000011 4 1.7156177163124087 0.94723427295684826 5 65.500000000000014 6 7 8 8.5000000000000018 9 6.2589285373687753 9.5000000000000018 -2.0273983478546138 10 11 12 8.5000000000000018 159.50000000000003 13 2.5000000000000004 6.5000000000000009 14 11.500000000000002 15 16 8.5000000000000018 17 18 1.026785731315613 63.500000000000007 319.50000000000006 19 11.500000000000002 20 204.50000000000003 585.50000000000011 21 97.500000000000014 292.50000000000006 11.500000000000002 22 23 0.99994486570358287 1.0000000180025095e-35 6.7053573131561288 1.0000000180025095e-35 24 25 6.5000000000000009 2.5000000000000004 26 27 1.5000000000000002 28 25.500000000000004 11.500000000000002
decision_type=2 9 9 9 2 9 2 9 2 2 9 2 9 9 9 2 9 2 2 2 9 9 9 2 2 9 2 2 9 2 9 9 2 9 9 2 2 2 9 2 9 2 2 9 2 2 2 9 9 2 2 2 2 9 9 2 2 9 9 2 9 2 2
left_child=1 6 18 15 7 36 34 -5 16 -7 -11 12 -12 -13 -10 51 -4 22 19 -2 -9 -22 -16 60 41 39 53 62 -8 31 61 -24 35 -34 -1 -33 37 -6 -39 -21 -18 -15 44 -44 45 -43 50 -48 -49 -50 55 52 -3 -23 -20 56 58 -58 -27 -42 -17 -31 -28
right_child=2 3 8 4 5 9 28 20 14 10 11 13 -14 24 17 23 40 -19 54 25 21 26 29 -25 -26 46 27 -29 -30 30 -32 32 33 -35 -36 -37 -38 38 -40 -41 59 42 43 -45 -46 -47 47 48 49 -51 -52 -53 -54 -55 -56 -57 57 -59 -60 -61 -62 -63 -64
leaf_value=-0.017642662245034722 0.065371976152540825 0.027553789753040736 0.0058365062201090369 -0.013447580629032709 0.01117429859404368 0.0067416142161457861 -0.026727543612881349 -0.037033491518986848 -0.0091586341402460827 -0.035049914545178133 -0.042210872584131656 -0.025797835357938906 -0.020072123058936769 -0.042824845959122532 -0.035760355478668397 0.013508886017991405 -0.01299859619277779 0.020892484598423001 0.017684577156096129 -0.0013194445067196332 -0.00027993535395060953 0.0031570245630006665 -0.00054345743169735366 -0.029291251268731212 0.049490422830474702 0.0044685459985809688 -0.011331671545769478 -0.0022322181958582266 -0.041790282488068313 0.035617660520125924 0.0062924767974952963 0.037463714891061692 -0.0097843742056836092 0.005354679380525724 -0.027772693321986949 0.0072860419788066903 0.010419696681936813 -0.031111186460084428 -0.0055273954341804078 -0.055519095844968447 -0.01293647934168593 0.022332357526758381 0.0037811046255649809 -0.020198280130371362 0.037220618657882447 -0.026050209865203434 0.049122750837800024 0.0009965345941333162 -0.0066783175734843993 0.0207927483698634 0.0027296580231200235 0.047952955991542472 0.0063810899659387764 -0.0058814101531571138 0.012315590837288301 0.015903926827464634 0.011816267041592535 0.004716015075872864 0.015785398539460978 -0.0015948624665209365 -0.0057299511819077983 0.00021353962181306925 -0.0014589147856239307
leaf_weight=7759.4339593648911 199.62590050697327 670.84445148706436 7230.4963601827621 20358.664985597134 647.19817918539047 887.41917830705643 2365.9308135807514 488.39926844835281 3621.6248781085014 5423.7288862168789 2873.661217212677 1785.8761591017246 5372.1504684090614 189.68247210979462 255.25354009866714 855.9755585193634 3376.5243135094643 2160.7244324684143 20631.617923021317 405.29390478134155 14318.001134485006 5393.4699173569679 12327.677138805389 613.0358806848526 153.20306813716888 3535.2529500722885 22761.84904062748 6638.6382811665535 5089.6093438267708 1123.7355939149857 3175.6640421748161 365.882548391819 3467.5084152817726 8448.4745224714279 5767.5315463244915 28502.954859018326 1072.2012481093407 966.86786067485809 2039.3643419742584 152.27488744258881 2104.3329524993896 304.78379172086716 1515.4290102124214 1246.3303954005241 390.00650757551193 283.20413619279861 616.18601381778717 1787.1477734446526 485.36571490764618 4750.149104475975 5326.7769724726677 193.332115650177 7587.5490503907204 8878.2269744873047 16665.568341732025 8137.5783743858337 16569.078700065613 17068.857956707478 12858.971480250359 20555.32638168335 2646.840532720089 229.45824158191681 2618.0276876091957
leaf_count=10659 35 409 4893 23814 522 810 4566 498 2843 10206 5322 2856 7640 267 157 385 3142 414 3121 126 10857 4649 7544 614 142 992 22560 6305 11246 448 1549 199 1765 4111 9837 13744 664 1076 2237 56 1676 233 1468 1467 281 345 107 521 80 956 1931 28 4619 8080 2906 1935 3683 5004 2778 15521 1694 107 2450
internal_value=-0.000141683 -0.0115422 0.0076098 -0.00875582 -0.0103009 -0.0194854 -0.0273506 -0.00746629 0.00233814 -0.0228408 -0.0241961 -0.0199861 -0.0278634 -0.00895161 0.00452998 0.00434868 -0.00185677 0.00535609 0.012289 0.0107319 -0.00547008 -0.0052096 0.00477716 -0.00521968 -0.00151519 0.0105796 -0.006734 -0.00863778 -0.0371026 0.00496208 0.0132754 0.00425412 0.00570297 0.000945506 -0.0219956 0.00766864 -0.00492356 -0.00944011 -0.0138783 -0.0158448 -0.00399398 -0.00350889 -0.00151367 -0.00710013 0.014261 -0.000971553 0.0107875 0.0167673 0.013838 0.0182111 0.0100698 0.00901346 0.0081013 -0.00246757 0.0152936 0.0107419 0.0099023 0.00821833 0.0133574 -0.00264701 -0.00100614 0.0293975 -0.0103133
internal_weight=346292 140156 206135 119174 106606 25151.1 20982.5 81455.3 96945.6 20425.5 19538.1 14114.3 8245.81 5868.52 63679 12567.6 33266.7 60057.3 109190 71892.6 61096.6 60608.2 57896.6 4115.85 4082.64 71692.9 46290.2 32018.5 7455.54 57641.4 4528.86 53112.5 40784.8 11916 13527 28868.8 4725.63 3653.43 3006.23 557.569 26036.2 3929.44 3739.75 2761.76 977.994 587.988 71135.4 7638.85 7022.66 5235.51 63496.5 8451.73 8258.39 14271.7 37297.2 58169.7 50032.2 33637.9 16394.2 22659.7 3502.82 1353.19 25379.9
internal_count=241150 158806 82344 122498 114749 35536 36308 79213 58113 31037 30227 20021 12962 7059 32881 7749 25232 30038 24231 18204 55399 54901 29624 2693 4203 18169 44044 31315 15812 29467 2104 27363 19819 5876 20496 13943 4499 3835 3313 182 20339 4061 3794 2935 859 578 17987 1664 1557 1036 16323 5056 5028 12729 6027 14392 12457 8687 3770 17197 2079 555 25010
cat_boundaries=0 6 12 18 25 32 39 46 53 60 66 67 74 75 76 82 89 96 102 108 115 122 128 134 140 147 153 159 165 171
cat_threshold=2282881344 540673 1745102912 1208090881 336789520 167776290 1074471944 18881280 1638400 1073760262 3221225536 4673 34144296 17832708 2216165378 2105344 3234087168 1092223488 4212740 1210318912 66565 2684355072 153092202 69536004 33 360743554 302055442 8458240 608175108 134217760 4210904 140 287343746 851574816 44089360 68681756 33555460 268435456 10 604242448 1026 648 319063040 640 2147483648 4 1073750016 2147524616 272760832 16576 561152 1216 4 268468737 1073872906 285212684 553681416 2365580 547687424 4 2103826 1207993346 2166489416 17309792 8650760 68223264 134479874 1076120576 136708296 6455312 269027504 72 2155872260 34 134217730 134221826 2147483904 16384 1073741824 131328 269484048 33558560 0 64 4325394 32 8388608 3289382916 64 2176 135299200 2151842688 302645296 524290 2164260896 195 100663328 1092 67108865 6291456 8388608 1074790400 2147614784 524288 64 1208090624 67305488 33558560 0 136314880 0 0 64 4 33 2172649604 2429026332 41944096 537920000 8724 575152256 192 536871424 1026 392 268698624 8832 8396800 0 2097152 0 0 0 1 1032 16779264 1048576 0 2147483648 64 0 2160100384 50348037 2197864512 558086 805636096 64 1073807368 4352 1048576 2050 0 1 532488 4864 589824 2 1073741888 64 1024 2097408 0 0 1073741888 1 34144256 256 2148007938 0 3221225472 16908800
is_linear=0
shrinkage=0.05


Tree=30
num_leaves=64
num_cat=30
split_feature=6 14 14 14 12 14 7 0 14 33 12 14 14 14 14 25 21 14 33 21 12 19 14 34 21 20 14 20 19 19 14 19 14 19 14 20 12 12 14 14 14 21 14 14 25 21 14 12 14 14 31 14 25 29 5 13 14 33 13 14 13 14 21
split_gain=11136.1 2175.66 1929.01 785.547 963.521 463.884 441.349 427.86 330.683 290.592 255.102 532.849 302.312 236.805 230.637 211.991 229.009 351.574 206.121 193.073 215.926 185.26 179.218 171.59 170.97 265.046 254.295 178.368 165.002 158.803 151.507 148.421 147.363 143.896 141.031 138.344 137.229 131.519 131.127 130.363 129.802 177.014 129.322 124.882 121.918 136.732 179.352 117.268 291.295 144.985 124.777 114.595 113.772 139.478 108.239 107.271 106.369 105.083 130.359 124.873 119.002 117.149 111.312
threshold=1.303571403026581 0 1 2 9.5000000000000018 3 0.20535714179277423 1.5000000000000002 4 1.0546653866767886 64.500000000000014 5 6 7 8 9 49.500000000000007 10 0.89411887526512157 42.500000000000007 14.500000000000002 1.5000000000000002 11 -1.5376359224319456 49.500000000000007 24.500000000000004 12 16.500000000000004 2.5000000000000004 6.5000000000000009 13 6.5000000000000009 14 2.5000000000000004 15 25.500000000000004 313.50000000000006 7.5000000000000009 16 17 18 34.500000000000007 19 20 21 50.500000000000007 22 89.500000000000014 23 24 2.9750000238418584 25 26 3.5000000000000004 11.214285850524904 714.50000000000011 27 1.0020445585250857 215.50000000000003 28 585.50000000000011 29 14.500000000000002
decision_type=2 9 9 9 2 9 2 2 9 2 2 9 9 9 9 9 2 9 2 2 2 2 9 2 2 2 9 2 2 2 9 2 9 2 9 2 2 2 9 9 9 2 9 9 9 2 9 2 9 9 2 9 9 2 2 2 9 2 2 9 2 9 2
left_child=1 6 14 19 8 23 43 22 33 10 12 36 -7 -9 52 -10 18 35 40 42 -21 32 -4 -6 28 26 -26 -28 30 -30 -15 34 -20 -5 -23 -18 -12 44 -31 -33 41 -17 -3 -1 -24 56 -47 48 -25 50 -49 -11 -2 -54 -32 -55 -46 58 -13 -59 -60 -62 -63
right_child=2 3 7 4 5 9 -8 13 15 51 11 57 -14 24 -16 16 17 -19 21 20 -22 31 37 47 25 -27 27 -29 29 38 54 39 -34 -35 -36 -37 -38 -39 -40 -41 -42 -43 -44 -45 45 46 -48 49 -50 -51 -52 -53 53 55 -56 -57 -58 59 60 -61 61 62 -64
leaf_value=-0.043488196628826498 -0.0074510646015245527 0.02202724522605827 -0.011799173783013624 -0.00729303645791701 0.042246594283920413 -0.046709161571995533 -0.02116636633386396 -0.0078456756244220903 -0.038225482703490042 0.023680912713652136 -0.043159705896918893 -0.040322366464426808 -0.024149358951469687 -0.00018190071565880872 0.0085548801971859594 0.0021194544976503248 0.036383444861705229 -0.0037306241725873733 0.0086900542156806686 -0.0013621820054381898 -0.040557955979128597 -0.0053253068122841888 -0.023170778516246562 -0.041366375841695176 -0.00077132239521951994 -0.011080200393365863 0.01613053674905247 0.047210011230067461 0.00062305826972231622 -0.0008687614603540123 0.010323708336648313 -0.010812861817056315 -0.0050332010036582414 -0.016552457289378573 -0.011715285690609282 -0.0093611391304050575 -0.0030870202513025515 -0.023818423735179634 0.013198210491988965 0.0022404020744020074 -0.0023870823784527557 0.074983904152083378 0.0045612746180510415 -0.030143649002795543 0.0029468403359946588 0.042221832884622473 0.004313146135202151 0.044573735494304503 -0.004227050835475578 -0.017706377622936375 -0.00033256316141543697 -0.010989891669105922 0.016885922441405844 0.014682536661482837 0.044628361301364022 0.0097646476251400122 -0.0026895476355324986 0.0015707122992307334 0.018099166876212949 -0.045948756172962957 -0.020686143545915619 -0.012454733546881163 0.013931268101289043
leaf_weight=3651.2157585322857 661.36628615856171 1230.3660631775856 4142.2561430335045 5988.4047998487949 176.43830513954163 2902.9719831049442 11670.79991003871 3576.6197512745857 509.50189706683159 292.26524049043655 2202.0827025771141 257.4390869140625 3226.1374337077141 3957.3669304847717 46982.820397496223 148.48698967695236 965.92120826244354 3145.6883879899979 2854.3221225738525 1591.5674035549164 450.82394874095917 12584.417766958475 576.37490856647491 688.76674947142601 771.61359643936157 695.92148524522781 820.66660976409912 1055.5955237150192 24851.802277386189 2410.2293986082077 14173.018164873123 2959.0668479502201 6160.0922230780125 14019.172617673874 27932.33482080698 199.35213261842728 236.61429786682129 616.05856430530548 5320.4592409729958 5371.2347856462002 324.0669304728508 189.93361210823059 7425.0414998829365 3958.4160840809345 12497.119314432144 406.19125664234161 1278.0482726097107 303.19806116819382 2192.1368582546711 374.02219906449318 315.70390808582306 1120.3623286485672 19634.764204740524 19203.679675221443 233.64506816864014 26241.802604854107 25302.030666530132 224.38414394855499 537.77760416269302 372.69561633467674 1037.6026889681816 792.77112978696823 805.93651351332664
leaf_count=8407 140 607 3548 6937 56 6396 18098 2837 554 252 4686 444 5581 2202 14312 123 717 3003 2440 1072 589 11511 390 1067 353 344 369 368 13804 1391 6339 2992 5672 17325 28786 177 465 496 2635 5098 307 86 5417 8056 7511 182 746 174 2641 460 249 1479 3089 3212 41 4442 15923 258 576 656 1421 939 921
internal_value=-0.000276345 -0.0117486 0.0067212 -0.00907755 -0.0104371 -0.0209086 -0.027261 0.00176289 -0.00816959 -0.0252119 -0.0276414 -0.0207139 -0.0349507 0.00460345 0.0112368 -0.00639614 -0.00613195 0.0049888 -0.00695217 0.0038085 -0.0100156 -0.00726969 -0.00190432 -0.00594718 0.00542405 0.0163772 0.0235938 0.0334394 0.00470619 0.00256994 0.00849641 -0.00848508 -0.000683768 -0.0137742 -0.0097348 0.0283145 -0.0391116 -0.000893524 0.00882849 -0.00240671 0.0207772 0.0417892 0.00707501 -0.0366438 -0.000541138 -0.000204815 0.0137339 -0.00815861 -0.0132657 0.00665914 0.021326 -0.00372568 0.0131518 0.0133623 0.0108728 0.0118428 -0.000825979 -0.00945573 -0.0061103 -0.0288367 -0.0033343 -0.007707 0.000841687
internal_weight=346799 131390 215409 112109 101411 18059.3 19280.4 102685 83352 14009 12596.4 6467.3 6129.11 57866.9 112724 63344.4 62834.9 4310.96 58524 10697.8 2042.39 57861.5 44818.1 4050.27 54290.3 3343.8 2647.88 1876.26 50946.5 32582.5 18364 48847.1 9014.41 20007.6 40516.8 1165.27 2438.7 40675.8 7730.69 8330.3 662.488 338.421 8655.41 7609.63 40059.8 39483.4 1684.24 3873.83 2880.9 992.924 618.902 1412.63 65741.6 65080.2 14406.7 45445.5 37799.1 4028.61 3431.53 597.08 3174.09 2636.31 1598.71
internal_count=241369 156695 84674 122134 114449 28721 34561 59479 85728 24074 22343 10366 11977 30683 25195 61466 60912 3897 57015 7685 1661 56499 28796 4647 27846 1434 1090 737 26412 17830 8582 48387 8112 24262 40297 894 5151 25248 4026 8090 516 209 6024 16463 24752 24362 928 4591 3708 883 423 1731 10883 10743 6380 7654 23434 5215 4301 914 3857 3281 1860
cat_boundaries=0 6 13 20 27 34 41 48 55 60 61 68 75 81 88 95 102 109 116 121 127 133 134 140 144 146 153 154 160 167 174
cat_threshold=137494848 8929281 1745102848 1208484097 336789520 167776386 1074471944 16847616 3735554 18434 3221225472 524865 4 570949640 19929156 1179650 2121728 3246669888 1158808068 32 71325716 1073742848 67174657 2952790544 138412074 11077960 1 2172690434 37814290 2158039108 541196292 134217762 541605920 12 2415960066 2952962048 283164752 17826028 33554436 1024 10 285483649 2415919114 41943688 85361792 5764 268435488 4 4741 2147483786 301990408 537134596 2367104 287383568 128 1073946632 4608 524288 2 1073741824 134479874 1078198272 67110056 71303200 263328 4 2147550209 193 335839873 2147483672 50331656 671122436 2135172 94256 129 2097152 1050628 256 2629696 20987968 2147614720 6293504 537010176 2231533749 17301696 16793612 9700360 66 17024 134612096 67158296 269485152 6824064 2426478848 64 284704 1208386560 50364808 285540912 4198400 268437760 131 541343760 2260992 21102641 34119856 4718602 1284 34 4244 2214633512 301990432 2199127168 38273028 268512320 128 268436480 2281701384 0 0 4 8 16781312 0 2097152 3238019072 1049088 1179712 0 537143296 524289 196608 130 135012486 33554448 1075838976 4194816 8224 8388608 84934656 67108880 1024 0 16 67110928 1024 0 536870912 0 16810144 0 0 4 203427842 2117636 404514 2487222277 2147492040 21233666 539100416 512 33554448 136 33817600 4224 0 4 1073741824 134217736 16777728 33587200 7168 32 4
is_linear=0
shrinkage=0.05


Tree=31
num_leaves=64
num_cat=32
split_feature=7 14 14 12 14 14 12 12 33 12 14 12 14 14 14 14 14 14 2 25 22 14 25 14 14 21 12 25 12 19 7 19 21 14 14 14 14 34 10 34 14 12 14 19 19 14 33 19 13 30 30 31 14 14 14 13 14 33 21 14 14 14 14
split_gain=9808.33 2216.81 1269.89 985.126 695.049 628.808 439.829 438.111 330.886 336.31 438.851 700.478 520.126 291.783 252.442 248.852 225.718 202.866 198.004 193.671 245.973 389.584 173.885 172.222 171.771 197.891 154.91 153.933 152.495 147.817 147.169 143.83 165.075 174.118 164.274 144.328 128.216 126.442 124.175 116.712 116.039 113.95 166.34 112.708 129.987 119.356 111.334 108.636 106.956 106.931 104.48 103.048 98.4581 98.0875 97.0714 97.0228 99.2752 96.9254 95.6888 95.2035 92.9022 91.1527 90.9137
threshold=1.5089285969734194 0 1 1.5000000000000002 2 3 8.5000000000000018 6.5000000000000009 0.89411887526512157 7.5000000000000009 4 63.500000000000007 5 6 7 8 9 10 9.5000000000000018 11 11.500000000000002 12 13 14 15 42.500000000000007 244.50000000000003 16 107.50000000000001 1.5000000000000002 6.2589285373687753 2.5000000000000004 50.500000000000007 17 18 19 20 1.3012349605560305 5.9143643379211435 -11.164939880371092 21 155.50000000000003 22 2.5000000000000004 5.5000000000000009 23 1.0505909919738772 6.5000000000000009 695.50000000000011 7.5000000000000009 23.500000000000004 2.3300000429153447 24 25 26 106.50000000000001 27 0.89411887526512157 5.5000000000000009 28 29 30 31
decision_type=2 9 9 2 9 9 2 2 2 2 9 2 9 9 9 9 9 9 2 9 2 9 9 9 9 2 2 9 2 2 2 2 2 9 9 9 9 2 2 2 9 2 9 2 2 9 2 2 2 2 2 2 9 9 9 2 9 2 2 9 9 9 9
left_child=1 7 18 4 59 26 13 17 53 23 37 12 -12 55 41 57 48 -1 22 -15 24 -22 -2 -10 -21 30 28 -17 -5 -16 46 35 34 49 -33 -29 -14 -11 -32 -24 -23 -13 -43 54 52 -46 58 -36 -8 -34 -42 -19 -45 -7 -41 -4 -57 -6 -26 -3 -49 -9 -60
right_child=2 3 6 5 15 8 16 61 9 10 11 14 36 19 29 27 -18 51 -20 20 21 40 39 -25 25 -27 -28 31 -30 -31 38 32 33 -35 47 -37 -38 -39 -40 43 50 42 -44 44 45 -47 -48 60 -50 -51 -52 -53 -54 -55 -56 56 -58 -59 62 -61 -62 -63 -64
leaf_value=-0.028618319197424164 -0.020148435111880095 0.03097136895676943 0.024207481532170328 0.0029228809067137814 0.014515737846195954 0.036289573319789721 0.035982499526995775 -0.041470137141965777 -0.019721892507124923 -0.036021850517974734 -0.041841004016553385 -0.022849502250236589 -0.023037502076542541 -0.032294478155819061 0.025464357506147867 -0.033514882681547946 -0.041678439213311679 -0.0010391004583142833 0.01360136269310834 -0.00076205108524658293 -0.00049892984272945063 0.033686391557749752 0.033336604119220521 -0.0094837519012644835 -0.0012800537260630803 -0.0033223064276789848 0.063346644477865963 0.0066992140594297721 -0.036558269213302436 -0.00077676649846866687 0.025997223934327685 -0.0012559083543293302 0.011459736958845786 -0.00091530222486070189 -0.010113796233139499 -0.0029237639026842665 -0.005906541780999322 -0.0039467801405282553 0.0019844237271179808 0.0083879358055317724 0.013485536859044646 -0.025916013538144406 0.036737274203893652 0.0026674577790000457 0.0051165660538680076 0.013673554721623286 -0.0046007883752790168 0.00929941662928962 -0.019787048843343796 0.055840790510568755 0.055600069846725331 -0.017560269919601915 0.008367422540522404 0.0015343293565825279 0.015614316574620464 -0.024209494392558269 -0.0057392358522563684 -0.011474356268396893 0.0041604685786166317 0.010617373802189536 -0.0058314514782687524 -0.029350136130675789 0.0090408164201861568
leaf_weight=4523.5355763137341 495.93148767948151 654.69410121440887 239.9531415104866 5443.9115129113197 366.84316551685333 332.63368254899979 163.90480881929398 3669.6078074276447 5382.804881811142 4558.1044604480267 3217.324323952198 1851.6074421405792 2450.43557035923 358.84946644306183 633.99766832590103 426.22660499811172 826.83232423663139 1097.8928818702698 37768.827363491058 20207.145305275917 3103.0889443159103 1587.048287153244 502.34609937667847 17710.911271989346 4331.043791949749 6836.4541951417923 101.79872441291809 5511.2880634665489 255.98170161247253 3492.4708874225616 1584.5658872127533 11809.944453477859 276.02590495347977 1278.5657972693443 19968.19339299202 13229.856228649616 2006.8567288219929 329.48996865749359 815.44011974334717 8437.9032591581345 2317.3523454666138 197.37981361150742 207.20689880847931 13420.753424137831 5868.9461076855659 13637.508893072605 2758.2328655719757 1326.8516188263893 180.59095966815948 267.03402864933014 157.17936146259308 6727.073111385107 17483.191830813885 512.55423849821091 10617.080853313208 830.66248869895935 5613.9943440556526 16052.631414175034 19493.902468681335 4721.2940543889999 4202.9318202137947 3244.393092751503 18813.679359197617
leaf_count=8541 152 310 167 4136 332 170 111 8680 6630 9607 6615 2776 3922 220 560 437 862 1211 5944 12123 1540 508 77 18614 2142 3424 46 4218 314 3265 306 9883 208 1118 19401 11491 2460 453 164 2145 1066 358 266 4460 1810 3024 1548 1206 169 169 53 10001 3516 518 2153 667 3982 18450 9944 2862 3925 6695 9180
internal_value=-0.000237927 -0.00997791 0.00702785 -0.00760941 -0.00420042 -0.0132191 0.00264593 -0.0257949 -0.0153072 -0.0159335 -0.0208711 -0.0163433 -0.0265334 0.00304663 -0.00411584 -0.00544983 -0.0277918 -0.0201656 0.0106793 0.00386189 0.00402407 0.0128749 0.00911452 -0.0118828 0.00317728 0.0046336 0.00223773 -0.00391683 0.00114918 0.00324761 0.00577252 -0.00369302 -0.00541874 0.0092779 -0.00613636 -9.18587e-05 -0.0153552 -0.0337905 0.0178389 0.00932351 0.0230369 -0.0175195 0.00644008 0.00915115 0.00791287 0.0111087 0.00513456 -0.00839305 0.00655948 0.0326873 0.0160977 -0.0152228 0.00589567 0.0156628 0.012427 -0.00699378 -0.00816671 -0.010887 0.00576434 0.0131495 -0.00219448 -0.0358858 0.00656078
internal_weight=346493 148040 198452 128778 80092.4 48685.5 90219.9 19262.5 42883.8 42038.6 18944.9 14057.3 7674.62 89048.6 6382.66 74716.4 1171.33 12348.5 108232 82364 82005.1 7164.67 70463.7 23093.7 74840.5 54633.3 5801.69 58296.9 5699.89 4126.47 47796.9 57870.7 39129.5 1821.63 37307.9 18741.1 4457.29 4887.59 2400.01 69967.7 4061.58 2256.19 404.587 69465.4 50410.4 19506.5 45396.9 25498 344.496 543.06 2474.53 7824.97 30903.9 845.188 19055 6684.61 6444.66 16419.5 42638.6 5375.99 5529.78 6914 38307.6
internal_count=241305 169848 71457 134720 74010 60710 48176 35128 56214 55526 30282 20222 12997 47034 7225 70838 1142 19753 23281 42218 41998 3167 17337 25244 38831 26708 4496 52056 4450 3825 23284 51619 35910 1495 34415 15709 6382 10060 470 17185 1627 3400 624 17108 12810 4834 22814 24532 280 377 1119 11212 7976 688 4298 4816 4649 18782 21266 3172 5131 15375 19124
cat_boundaries=0 6 12 19 26 33 40 47 53 60 67 73 74 80 81 88 95 96 103 110 116 123 129 135 141 147 154 160 166 171 178 184 191
cat_threshold=135397696 8929281 1753495616 1209532673 336723984 167772162 1074463752 16782080 1638912 2050 3221225472 1573441 103285776 2100288 131330 2121760 3246391360 1179716 32 1107312672 87296068 2148532227 2113536 2168717378 1075446273 1 2684388482 2688720896 2146320 67108876 33625604 5216 14 84158993 134218754 50332328 319194144 128 2420121604 32 335548944 136 16428 956334596 299144 2954956832 2 270802944 436207768 373424160 208 557184 2420113552 3506446466 373358608 1050112 608306176 167837728 4223112 8 2048 128 0 2684354560 29360128 1073938436 33 135266560 0 1745102848 257 269484032 134217730 134217730 2361344 1189892 18907393 2149605584 4210688 25297152 71303170 2493546512 272695328 2162944 2185625664 1216413728 549457960 32 570443809 1210458112 289538320 786480 2099200 92548096 1 134479874 4198432 1090519168 32896 128 526346 1090587648 1 264736 1209147404 2151710904 285311168 278536 10486272 66 32800 152338596 67108868 2466578516 32780 3314089985 270532608 301990072 335544576 73728 8431648 545538192 192 0 2097152 4194306 524320 64 67108864 2097152 0 33554432 64 0 268435456 589824 16777472 512 0 2147483648 1572864 132096 16777216 1049088 2048 2147483648 1573441 9216 134217736 0 536870912 0 68 32 525312 256 1048576 2048 1073741824 1049153 67109376 0 8 553681412 0 4128 33554432 0 256 16384 2147483648 541065216 262146 16388 8 2101252 262160 4 135397440 8388608 272384 135790593 131072 134217730 2097152 537920516 2183168131 2187400 16450 1073741824 64
is_linear=0
shrinkage=0.05


end of trees

feature_importances:
item_id=710
wday=181
days_since_last_sale=176
week_of_year=131
roll_mean_28=110
price_rel_52wk=87
roll_mean_56=74
days_since_release=74
month=70
sell_price=54
roll_mean_7=49
price_momentum_4wk=44
roll_std_56=36
event_name_1=36
days_since_last_event=35
zero_rate_28=28
day_of_month=25
lag_28=24
roll_std_7=24
roll_std_28=21
days_to_next_event=11
lag_42=5
lag_49=5
lag_56=4
price_change_pct=2

parameters:
[boosting: gbdt]
[objective: tweedie]
[metric: rmse]
[tree_learner: serial]
[device_type: cpu]
[data_sample_strategy: bagging]
[data: ]
[valid: ]
[num_iterations: 2000]
[learning_rate: 0.05]
[num_leaves: 64]
[num_threads: 12]
[seed: 42]
[deterministic: 1]
[force_col_wise: 0]
[force_row_wise: 1]
[histogram_pool_size: -1]
[max_depth: -1]
[min_data_in_leaf: 50]
[min_sum_hessian_in_leaf: 0.001]
[bagging_fraction: 0.8]
[pos_bagging_fraction: 1]
[neg_bagging_fraction: 1]
[bagging_freq: 1]
[bagging_seed: 400]
[bagging_by_query: 0]
[feature_fraction: 0.8]
[feature_fraction_bynode: 1]
[feature_fraction_seed: 30056]
[extra_trees: 0]
[extra_seed: 12879]
[early_stopping_round: 0]
[early_stopping_min_delta: 0]
[first_metric_only: 0]
[max_delta_step: 0]
[lambda_l1: 0]
[lambda_l2: 0.1]
[linear_lambda: 0]
[min_gain_to_split: 0]
[drop_rate: 0.1]
[max_drop: 50]
[skip_drop: 0.5]
[xgboost_dart_mode: 0]
[uniform_drop: 0]
[drop_seed: 17869]
[top_rate: 0.2]
[other_rate: 0.1]
[min_data_per_group: 100]
[max_cat_threshold: 32]
[cat_l2: 10]
[cat_smooth: 10]
[max_cat_to_onehot: 4]
[top_k: 20]
[monotone_constraints: ]
[monotone_constraints_method: basic]
[monotone_penalty: 0]
[feature_contri: ]
[forcedsplits_filename: ]
[refit_decay_rate: 0.9]
[cegb_tradeoff: 1]
[cegb_penalty_split: 0]
[cegb_penalty_feature_lazy: ]
[cegb_penalty_feature_coupled: ]
[path_smooth: 0]
[interaction_constraints: ]
[verbosity: -1]
[saved_feature_importance_type: 0]
[use_quantized_grad: 0]
[num_grad_quant_bins: 4]
[quant_train_renew_leaf: 0]
[stochastic_rounding: 1]
[linear_tree: 0]
[max_bin: 127]
[max_bin_by_feature: ]
[min_data_in_bin: 3]
[bin_construct_sample_cnt: 200000]
[data_random_seed: 175]
[is_enable_sparse: 1]
[enable_bundle: 1]
[use_missing: 1]
[zero_as_missing: 0]
[feature_pre_filter: 1]
[pre_partition: 0]
[two_round: 0]
[header: 0]
[label_column: ]
[weight_column: ]
[group_column: ]
[ignore_column: ]
[categorical_feature: 14,15,16,17,18,25,26,27,28]
[forcedbins_filename: ]
[precise_float_parser: 0]
[parser_config_file: ]
[objective_seed: 16083]
[num_class: 1]
[is_unbalance: 0]
[scale_pos_weight: 1]
[sigmoid: 1]
[boost_from_average: 1]
[reg_sqrt: 0]
[alpha: 0.9]
[fair_c: 1]
[poisson_max_delta_step: 0.7]
[tweedie_variance_power: 1.1]
[lambdarank_truncation_level: 30]
[lambdarank_norm: 1]
[label_gain: ]
[lambdarank_position_bias_regularization: 0]
[eval_at: ]
[multi_error_top_k: 1]
[auc_mu_weights: ]
[num_machines: 1]
[local_listen_port: 12400]
[time_out: 120]
[machine_list_filename: ]
[machines: ]
[gpu_platform_id: -1]
[gpu_device_id: -1]
[gpu_use_dp: 0]
[num_gpu: 1]

end of parameters

pandas_categorical:[["FOODS_1_001", "FOODS_1_002", "FOODS_1_003", "FOODS_1_004", "FOODS_1_005", "FOODS_1_006", "FOODS_1_008", "FOODS_1_009", "FOODS_1_010", "FOODS_1_011", "FOODS_1_012", "FOODS_1_013", "FOODS_1_014", "FOODS_1_015", "FOODS_1_016", "FOODS_1_017", "FOODS_1_018", "FOODS_1_019", "FOODS_1_020", "FOODS_1_021", "FOODS_1_022", "FOODS_1_023", "FOODS_1_024", "FOODS_1_025", "FOODS_1_026", "FOODS_1_027", "FOODS_1_028", "FOODS_1_029", "FOODS_1_030", "FOODS_1_031", "FOODS_1_032", "FOODS_1_033", "FOODS_1_034", "FOODS_1_035", "FOODS_1_036", "FOODS_1_037", "FOODS_1_038", "FOODS_1_039", "FOODS_1_040", "FOODS_1_041", "FOODS_1_042", "FOODS_1_043", "FOODS_1_044", "FOODS_1_045", "FOODS_1_046", "FOODS_1_047", "FOODS_1_048", "FOODS_1_049", "FOODS_1_050", "FOODS_1_051", "FOODS_1_052", "FOODS_1_053", "FOODS_1_054", "FOODS_1_055", "FOODS_1_056", "FOODS_1_057", "FOODS_1_058", "FOODS_1_059", "FOODS_1_060", "FOODS_1_061", "FOODS_1_062", "FOODS_1_063", "FOODS_1_064", "FOODS_1_065", "FOODS_1_066", "FOODS_1_067", "FOODS_1_068", "FOODS_1_069", "FOODS_1_070", "FOODS_1_071", "FOODS_1_072", "FOODS_1_073", "FOODS_1_074", "FOODS_1_075", "FOODS_1_076", "FOODS_1_077", "FOODS_1_078", "FOODS_1_079", "FOODS_1_080", "FOODS_1_081", "FOODS_1_082", "FOODS_1_083", "FOODS_1_084", "FOODS_1_085", "FOODS_1_086", "FOODS_1_087", "FOODS_1_088", "FOODS_1_089", "FOODS_1_090", "FOODS_1_091", "FOODS_1_092", "FOODS_1_093", "FOODS_1_094", "FOODS_1_095", "FOODS_1_096", "FOODS_1_097", "FOODS_1_098", "FOODS_1_099", "FOODS_1_101", "FOODS_1_102", "FOODS_1_103", "FOODS_1_104", "FOODS_1_105", "FOODS_1_106", "FOODS_1_107", "FOODS_1_108", "FOODS_1_109", "FOODS_1_110", "FOODS_1_111", "FOODS_1_112", "FOODS_1_113", "FOODS_1_114", "FOODS_1_115", "FOODS_1_116", "FOODS_1_117", "FOODS_1_118", "FOODS_1_119", "FOODS_1_120", "FOODS_1_121", "FOODS_1_122", "FOODS_1_123", "FOODS_1_124", "FOODS_1_125", "FOODS_1_126", "FOODS_1_127", "FOODS_1_128", "FOODS_1_129", "FOODS_1_130", "FOODS_1_131", "FOODS_1_132", "FOODS_1_133", "FOODS_1_134", "FOODS_1_135", "FOODS_1_136", "FOODS_1_137", "FOODS_1_138", "FOODS_1_139", "FOODS_1_140", "FOODS_1_141", "FOODS_1_142", "FOODS_1_143", "FOODS_1_144", "FOODS_1_145", "FOODS_1_146", "FOODS_1_147", "FOODS_1_148", "FOODS_1_149", "FOODS_1_150", "FOODS_1_151", "FOODS_1_152", "FOODS_1_153", "FOODS_1_154", "FOODS_1_155", "FOODS_1_156", "FOODS_1_157", "FOODS_1_158", "FOODS_1_159", "FOODS_1_160", "FOODS_1_161", "FOODS_1_162", "FOODS_1_163", "FOODS_1_164", "FOODS_1_166", "FOODS_1_167", "FOODS_1_168", "FOODS_1_169", "FOODS_1_170", "FOODS_1_171", "FOODS_1_172", "FOODS_1_173", "FOODS_1_174", "FOODS_1_175", "FOODS_1_176", "FOODS_1_177", "FOODS_1_178", "FOODS_1_179", "FOODS_1_180", "FOODS_1_181", "FOODS_1_182", "FOODS_1_183", "FOODS_1_184", "FOODS_1_185", "FOODS_1_186", "FOODS_1_187", "FOODS_1_188", "FOODS_1_189", "FOODS_1_190", "FOODS_1_191", "FOODS_1_192", "FOODS_1_193", "FOODS_1_194", "FOODS_1_195", "FOODS_1_196", "FOODS_1_197", "FOODS_1_198", "FOODS_1_199", "FOODS_1_200", "FOODS_1_201", "FOODS_1_202", "FOODS_1_203"], ["FOODS_1"], ["FOODS"], ["CA_1"], ["CA"], ["Chanukah End", "Christmas", "Cinco De Mayo", "ColumbusDay", "Easter", "Eid al-Fitr", "EidAlAdha", "Father's day", "Halloween", "IndependenceDay", "LaborDay", "LentStart", "LentWeek2", "MartinLutherKingDay", "MemorialDay", "Mother's day", "NBAFinalsEnd", "NBAFinalsStart", "NewYear", "OrthodoxChristmas", "OrthodoxEaster", "Pesach End", "PresidentsDay", "Purim End", "Ramadan starts", "StPatricksDay", "SuperBowl", "Thanksgiving", "ValentinesDay", "VeteransDay", "__none__"], ["Cultural", "National", "Religious", "Sporting", "__none__"], ["Cinco De Mayo", "Easter", "Father's day", "OrthodoxEaster", "__none__"], ["Cultural", "Religious", "__none__"]]
